source,value,doc_count,clears_15_docs,docs_columns,docs_books,docs_speeches,docs_biography,pct_of_columns,pct_of_books,pct_of_speeches,pct_of_biography,n_book_works,formats_with_>=3_docs,exemplar_1,exemplar_2,exemplar_3,covered_by_prior_art,covering_topics,share_docs_best_score_le1,share_docs_score_zero,dominant_format_by_share,book_to_column_share_ratio
A_exact_sub_topics,comelec_resolution_10717_aug_18_2021,2,n,2,0,0,0,0.2,0.0,0.0,0.0,0,0,CA169,CA170,,n,,1.0,0.0,columns,0.0
A_exact_sub_topics,"constitutional standards: 'proven competence, integrity, probity, and independence'",2,n,2,0,0,0,0.2,0.0,0.0,0.0,0,0,CC064,CA096,,n,,0.0,0.0,columns,0.0
A_exact_sub_topics,november 15 substitution deadline,2,n,2,0,0,0,0.2,0.0,0.0,0.0,0,0,CE050,CA051,,n,,0.0,0.0,columns,0.0
A_exact_sub_topics,"pamaran sbn decision (dec 2, 1985) acquitting all accused",2,n,2,0,0,0,0.2,0.0,0.0,0.0,0,0,CE092,CA139,,n,,0.5,0.0,columns,0.0
A_exact_sub_topics,"plague of ships: kinship, relationship, friendship, fellowship",2,n,2,0,0,0,0.2,0.0,0.0,0.0,0,0,CA376,CA318,,n,,0.0,0.0,columns,0.0
A_exact_sub_topics,ra 9225 (citizenship retention and re-acquisition act of 2003),2,n,2,0,0,0,0.2,0.0,0.0,0.0,0,0,CA136,CA332,,n,,0.0,0.0,columns,0.0
A_exact_sub_topics,"the internal bargain with 26,000 judicial employees: maximum lawful financial and fringe benefits in exchange for dhl -- dedication to duty, honesty in every way, and full loyalty.",2,n,0,2,0,0,0.0,0.7,0.0,0.0,1,0,BD064,BD060,,n,,0.0,0.0,books,inf
A_exact_sub_topics,"tony lopez full column 'the decline of scotus,' philippine star, 6/18/24",2,n,2,0,0,0,0.2,0.0,0.0,0.0,0,0,CA064,CA068,,n,,0.0,0.0,columns,0.0
A_exact_sub_topics,twin beacons thesis: 'humans need both justice and jobs; freedom and food; ethics and economics; peace and development; liberty and prosperity; these twin beacons must always go together; one is useless without the other',2,n,0,0,2,0,0.0,0.0,1.3,0.0,0,0,SB051,SB040,,y,twin_beacons_doctrine,0.0,0.0,speeches,inf
A_exact_sub_topics,"unlike belgica v. ochoa (nov 13, 2013) which plainly declared pdaf unconstitutional",2,n,2,0,0,0,0.2,0.0,0.0,0.0,0,0,CA405,CA407,,n,,0.0,0.0,columns,0.0
A_exact_sub_topics,warren e. burger on trial as a search for truth,2,n,2,0,0,0,0.2,0.0,0.0,0.0,0,0,CA538,CA543,,n,,0.5,0.0,columns,0.0
B_keywords,supreme court,75,y,30,45,0,0,3.7,15.1,0.0,0.0,2,2,BA006,BA005,CA429,n,,0.16,0.0,books,4.03
B_keywords,rule of law,57,y,43,13,1,0,5.4,4.3,0.7,0.0,4,2,CA432,BB027,BA084,y,rule_of_law,0.228,0.0,columns,0.81
B_keywords,1987 constitution,55,y,8,45,2,0,1.0,15.1,1.3,0.0,5,2,BD054,BA005,BA006,y,constitutional_doctrine,0.0,0.0,books,15.11
B_keywords,grave abuse of discretion,50,y,6,44,0,0,0.7,14.7,0.0,0.0,11,2,BB027,BD059,BB028,n,,0.16,0.0,books,19.69
B_keywords,liberty and prosperity,40,y,19,20,1,0,2.4,6.7,0.7,0.0,3,2,BD056,BD059,BD060,y,twin_beacons_doctrine,0.1,0.0,books,2.83
B_keywords,gloria macapagal-arroyo,32,y,1,31,0,0,0.1,10.4,0.0,0.0,3,1,BE003,BA036,BE005,y,philippine_political_landscape,0.0,0.0,books,83.25
B_keywords,due process,29,y,17,12,0,0,2.1,4.0,0.0,0.0,7,2,BA032,BA041,BA037,y,due_process,0.276,0.0,books,1.9
B_keywords,integrity,27,y,0,27,0,0,0.0,9.0,0.0,0.0,5,1,BA005,BD002,BD008,n,,0.111,0.074,books,inf
B_keywords,sandiganbayan,26,y,17,9,0,0,2.1,3.0,0.0,0.0,6,2,CA410,BB019,CA374,n,,0.231,0.0,books,1.42
B_keywords,a centenary of justice,24,y,0,24,0,0,0.0,8.0,0.0,0.0,2,1,BA032,BD045,BD013,y,supreme_court_history,0.167,0.0,books,inf
B_keywords,transparency,24,y,1,23,0,0,0.1,7.7,0.0,0.0,7,1,BB031,BD045,BE008,n,,0.208,0.0,books,61.77
B_keywords,hilario g. davide jr.,23,y,0,23,0,0,0.0,7.7,0.0,0.0,7,1,BD059,BD053,BD064,n,,0.174,0.0,books,inf
B_keywords,jovito r. salonga,22,y,0,19,2,1,0.0,6.4,1.3,2.9,7,1,BD054,BC045,BC039,y,mentors_and_legal_lineage,0.0,0.0,books,inf
B_keywords,judicial independence,22,y,11,11,0,0,1.4,3.7,0.0,0.0,7,2,BB027,BA084,BD028,n,,0.182,0.045,books,2.69
B_keywords,reynato s. puno,21,y,0,21,0,0,0.0,7.0,0.0,0.0,9,1,BA032,BA036,BB013,n,,0.19,0.0,books,inf
B_keywords,fidel v. ramos,20,y,2,17,0,1,0.2,5.7,0.0,2.9,8,1,BD070,BC045,BD045,n,,0.05,0.0,books,22.83
B_keywords,impeachment,20,y,9,11,0,0,1.1,3.7,0.0,0.0,3,2,BA036,BA093,BA005,y,impeachment_accountability,0.05,0.0,books,3.28
B_keywords,separation of powers,19,y,5,13,1,0,0.6,4.3,0.7,0.0,6,2,BA084,BB027,BD053,y,constitutional_doctrine,0.105,0.0,books,6.98
B_keywords,constitution,18,y,18,0,0,0,2.2,0.0,0.0,0.0,0,1,CA430,CA429,CA022,n,,0.222,0.0,columns,0.0
B_keywords,vicente v. mendoza,18,y,1,17,0,0,0.1,5.7,0.0,0.0,7,1,BA032,BA080,BA091,n,,0.111,0.0,books,45.66
B_keywords,four ins,17,y,4,12,1,0,0.5,4.0,0.7,0.0,2,2,BD059,BD054,BD064,y,judicial_reform,0.059,0.0,books,8.06
B_keywords,judicial reform,17,y,8,9,0,0,1.0,3.0,0.0,0.0,4,2,BD013,CA432,BD004,y,judicial_reform,0.412,0.0,books,3.02
B_keywords,ombudsman,17,y,8,8,1,0,1.0,2.7,0.7,0.0,2,2,CA435,CA436,BE009,n,,0.294,0.059,books,2.69
B_keywords,people power,17,y,3,14,0,0,0.4,4.7,0.0,0.0,5,2,BA032,BE003,BA036,n,,0.0,0.0,books,12.53
B_keywords,rotary club of manila,17,y,2,11,1,3,0.2,3.7,0.7,8.6,3,2,SC014,BC023,BC045,y,friendships_and_civic_circles,0.0,0.0,biography,14.77
B_keywords,tan yan kee foundation,16,y,11,0,5,0,1.4,0.0,3.3,0.0,0,2,SD016,SD060,CB003,y,flp_donors_and_partners,0.0,0.0,speeches,0.0
B_keywords,action program for judicial reform,15,y,1,13,1,0,0.1,4.3,0.7,0.0,5,1,BD064,BD039,BD067,y,judicial_reform,0.0,0.0,books,34.91
B_keywords,bukas loob sa diyos,15,y,1,9,3,2,0.1,3.0,2.0,5.7,5,2,BC045,BC030,BC028,y,faith_journey,0.0,0.0,biography,24.17
B_keywords,congress,15,y,2,13,0,0,0.2,4.3,0.0,0.0,1,1,BA006,BA001,BD005,n,,0.0,0.0,books,17.46
B_keywords,flp,15,y,14,0,1,0,1.7,0.0,0.7,0.0,0,1,CD017,CA433,CB018,y,foundation_for_liberty_and_prosperity,0.0,0.0,columns,0.0
B_keywords,commission on elections,14,n,0,13,1,0,0.0,4.3,0.7,0.0,2,1,BE014,BE015,BE020,n,,0.143,0.0,books,inf
B_keywords,judicial and bar council,14,n,1,12,0,1,0.1,4.0,0.0,2.9,6,1,BD053,BD036,BD064,y,jbc_discernment_and_appointment,0.071,0.0,books,32.23
B_keywords,leveling the playing field,14,n,0,14,0,0,0.0,4.7,0.0,0.0,4,1,BB031,BD056,BB038,n,,0.071,0.0,books,inf
B_keywords,philippine judicial academy,14,n,1,12,1,0,0.1,4.0,0.7,0.0,7,1,BD039,BD064,BA077,n,,0.214,0.0,books,32.23
B_keywords,pork barrel,14,n,14,0,0,0,1.7,0.0,0.0,0.0,0,1,CA440,CA416,CA432,n,,0.286,0.0,columns,0.0
B_keywords,foundation for liberty and prosperity,13,n,8,0,5,0,1.0,0.0,3.3,0.0,0,2,SD016,SB006,CB003,y,twin_beacons_doctrine;foundation_for_liberty_and_prosperity,0.0,0.0,speeches,0.0
B_keywords,integrated bar of the philippines,13,n,0,13,0,0,0.0,4.3,0.0,0.0,7,1,BA084,BA093,BD062,n,,0.154,0.0,books,inf
B_keywords,arbitral award,12,n,12,0,0,0,1.5,0.0,0.0,0.0,0,1,CA010,CA237,CA013,y,international_law_disputes,0.0,0.0,columns,0.0
B_keywords,bill of rights,12,n,5,7,0,0,0.6,2.3,0.0,0.0,5,2,BA041,BB027,BD070,y,constitutional_doctrine,0.25,0.0,books,3.76
B_keywords,charter change,12,n,5,7,0,0,0.6,2.3,0.0,0.0,2,2,BA001,CE028,BA053,y,constitutional_doctrine,0.083,0.0,books,3.76
B_keywords,jose c. vitug,12,n,0,12,0,0,0.0,4.0,0.0,0.0,6,1,BA092,BA089,BD020,n,,0.083,0.0,books,inf
B_keywords,plunder,12,n,6,6,0,0,0.7,2.0,0.0,0.0,3,2,BA080,CA410,CA435,n,,0.25,0.0,books,2.69
B_keywords,salary standardization law,12,n,1,11,0,0,0.1,3.7,0.0,0.0,7,1,BD039,BD036,BD064,n,,0.083,0.0,books,29.54
B_keywords,2007,11,n,0,11,0,0,0.0,3.7,0.0,0.0,1,1,BA023,BA020,BA021,n,,0.182,0.0,books,inf
B_keywords,public trust,11,n,5,6,0,0,0.6,2.0,0.0,0.0,3,2,CA402,BD031,CA103,n,,0.091,0.0,books,3.22
B_keywords,verba legis,11,n,9,2,0,0,1.1,0.7,0.0,0.0,2,1,BA086,CA259,CA102,n,,0.091,0.0,columns,0.6
B_keywords,2001,10,n,0,10,0,0,0.0,3.3,0.0,0.0,1,1,BC006,BA035,BD015,n,,0.4,0.0,books,inf
B_keywords,asean law association,10,n,6,1,3,0,0.7,0.3,2.0,0.0,1,2,SA015,BA097,SA034,y,asean_law_association,0.0,0.0,speeches,0.45
B_keywords,court of appeals,10,n,2,8,0,0,0.2,2.7,0.0,0.0,6,1,BA092,BD039,BD013,n,,0.6,0.1,books,10.74
B_keywords,far eastern university,10,n,0,7,1,2,0.0,2.3,0.7,5.7,4,1,BC045,BC014,BC031,n,,0.0,0.0,biography,inf
B_keywords,ill-gotten wealth,10,n,5,5,0,0,0.6,1.7,0.0,0.0,5,2,BB019,BB042,BA080,n,,0.4,0.0,books,2.69
B_keywords,jovito salonga,10,n,4,1,5,0,0.5,0.3,3.3,0.0,1,2,SD016,SA011,SC007,y,mentors_and_legal_lineage,0.0,0.0,speeches,0.67
B_keywords,judicial,10,n,0,10,0,0,0.0,3.3,0.0,0.0,2,1,BA005,BD005,BD008,n,,0.0,0.0,books,inf
B_keywords,judicial renaissance,10,n,0,10,0,0,0.0,3.3,0.0,0.0,2,1,BD053,BB031,BD054,n,,0.0,0.0,books,inf
B_keywords,office of the solicitor general,10,n,2,8,0,0,0.2,2.7,0.0,0.0,5,1,BA059,BA104,BA066,n,,0.4,0.0,books,10.74
B_keywords,party-list system,10,n,5,5,0,0,0.6,1.7,0.0,0.0,4,2,CA147,BA046,CA243,n,,0.1,0.1,books,2.69
B_keywords,plague of ships,10,n,4,6,0,0,0.5,2.0,0.0,0.0,1,2,BD062,BD064,BD070,n,,0.1,0.0,books,4.03
B_keywords,psychological incapacity,10,n,1,8,0,1,0.1,2.7,0.0,2.9,5,1,BA066,CA148,BA015,n,,0.3,0.0,biography,21.48
B_keywords,second plenary council of the philippines,10,n,0,10,0,0,0.0,3.3,0.0,0.0,4,1,BC030,BC029,BB012,n,,0.1,0.0,books,inf
B_keywords,smartmatic,10,n,4,6,0,0,0.5,2.0,0.0,0.0,1,2,BE015,CE100,BE024,n,,0.4,0.1,books,4.03
B_keywords,social justice,10,n,2,8,0,0,0.2,2.7,0.0,0.0,5,1,BD056,BB031,BD060,n,,0.1,0.0,books,10.74
B_keywords,supreme court of the philippines,10,n,0,10,0,0,0.0,3.3,0.0,0.0,2,1,BD013,BA034,BD015,n,,0.4,0.0,books,inf
B_keywords,tañada v. angara,10,n,2,8,0,0,0.2,2.7,0.0,0.0,5,1,BB027,BB028,BD059,n,,0.1,0.0,books,10.74
B_keywords,acid problems,9,n,1,7,1,0,0.1,2.3,0.7,0.0,1,1,BD070,BA097,BD063,y,judicial_reform,0.111,0.0,books,18.8
B_keywords,bar council,9,n,0,9,0,0,0.0,3.0,0.0,0.0,2,1,BA005,BD005,BD008,n,,0.0,0.0,books,inf
B_keywords,commission on appointments,9,n,3,6,0,0,0.4,2.0,0.0,0.0,2,2,BD061,BD005,BD008,n,,0.0,0.0,books,5.37
B_keywords,conchita carpio morales,9,n,4,5,0,0,0.5,1.7,0.0,0.0,4,2,BD058,BA084,BA094,n,,0.0,0.0,books,3.36
B_keywords,davide watch,9,n,0,9,0,0,0.0,3.0,0.0,0.0,4,1,BD049,BD053,BA077,n,,0.111,0.0,books,inf
B_keywords,education,9,n,1,8,0,0,0.1,2.7,0.0,0.0,2,1,CA434,BA032,BD011,n,,0.111,0.0,books,21.48
B_keywords,ferdinand marcos,9,n,0,9,0,0,0.0,3.0,0.0,0.0,2,1,BE003,BE001,BA006,n,,0.0,0.0,books,inf
B_keywords,leadership by example,9,n,0,9,0,0,0.0,3.0,0.0,0.0,5,1,BD034,BD049,BE001,n,,0.0,0.0,books,inf
B_keywords,office of the ombudsman,9,n,3,6,0,0,0.4,2.0,0.0,0.0,5,2,BA069,CA421,BA087,n,,0.222,0.0,books,5.37
B_keywords,people's initiative,9,n,4,5,0,0,0.5,1.7,0.0,0.0,2,2,BA053,CA440,BA001,n,,0.0,0.0,books,3.36
B_keywords,primus inter pares,9,n,4,4,0,1,0.5,1.3,0.0,2.9,4,2,BD034,BD059,BD049,y,supreme_court_history,0.0,0.0,biography,2.69
B_keywords,prosperity,9,n,2,7,0,0,0.2,2.3,0.0,0.0,2,1,BE001,BE002,BE005,n,,0.111,0.0,books,9.4
B_keywords,prosperity fund,9,n,4,0,5,0,0.5,0.0,3.3,0.0,0,2,SD016,SB006,SA015,y,msme_and_entrepreneurship;prosperity_fund_msme,0.0,0.0,speeches,0.0
B_keywords,quo warranto,9,n,5,2,2,0,0.6,0.7,1.3,0.0,2,1,CA224,CA181,CA195,n,,0.111,0.0,speeches,1.07
B_keywords,reynato puno,9,n,0,9,0,0,0.0,3.0,0.0,0.0,1,1,BA001,BA005,BA007,n,,0.0,0.0,books,inf
B_keywords,scotus,9,n,9,0,0,0,1.1,0.0,0.0,0.0,0,1,CE082,CA026,CA188,n,,0.333,0.0,columns,0.0
B_keywords,senate,9,n,2,7,0,0,0.2,2.3,0.0,0.0,1,1,BE003,BE004,BE013,n,,0.111,0.111,books,9.4
B_keywords,tip,9,n,0,9,0,0,0.0,3.0,0.0,0.0,1,1,BE012,BA026,BA028,n,,0.111,0.0,books,inf
B_keywords,west philippine sea,9,n,8,0,1,0,1.0,0.0,0.7,0.0,0,1,CA237,CA182,CA206,y,international_law_disputes,0.111,0.0,columns,0.0
B_keywords,world bank,9,n,2,7,0,0,0.2,2.3,0.0,0.0,5,1,BD039,BD067,BD051,n,,0.0,0.0,books,9.4
B_keywords,2010,8,n,0,8,0,0,0.0,2.7,0.0,0.0,1,1,BA009,BA008,BD003,n,,0.5,0.0,books,inf
B_keywords,anti-graft,8,n,8,0,0,0,1.0,0.0,0.0,0.0,0,1,CA446,CA415,CA432,n,,0.375,0.0,columns,0.0
B_keywords,antonio t. carpio,8,n,1,6,1,0,0.1,2.0,0.7,0.0,4,1,BD063,BB029,CA064,n,,0.25,0.0,books,16.11
B_keywords,atong paglaum,8,n,8,0,0,0,1.0,0.0,0.0,0.0,0,1,CA147,CA243,CA261,n,,0.0,0.0,columns,0.0
B_keywords,automation,8,n,1,7,0,0,0.1,2.3,0.0,0.0,1,1,BE007,BE014,BE016,n,,0.0,0.0,books,18.8
B_keywords,bld,8,n,0,5,1,2,0.0,1.7,0.7,5.7,2,1,BC027,BC015,BC013,y,faith_journey,0.0,0.0,biography,inf
B_keywords,cardinal tagle,8,n,6,0,2,0,0.7,0.0,1.3,0.0,0,1,SC005,CC049,CC059,n,,0.125,0.0,speeches,0.0
B_keywords,cha-cha,8,n,3,5,0,0,0.4,1.7,0.0,0.0,2,2,CA079,BA053,CA084,y,constitutional_doctrine,0.0,0.0,books,4.48
B_keywords,code of professional responsibility,8,n,0,8,0,0,0.0,2.7,0.0,0.0,7,1,BD057,BD041,BD064,n,,0.5,0.0,books,inf
B_keywords,comelec,8,n,5,3,0,0,0.6,1.0,0.0,0.0,2,2,CC068,CC094,BE006,n,,0.25,0.125,books,1.61
B_keywords,cory aquino,8,n,1,6,0,1,0.1,2.0,0.0,2.9,1,1,BE023,BE022,BE017,n,,0.0,0.0,biography,16.11
B_keywords,dante o. tinga,8,n,0,8,0,0,0.0,2.7,0.0,0.0,4,1,BD058,BA091,BA089,n,,0.25,0.0,books,inf
B_keywords,fiscal autonomy,8,n,0,8,0,0,0.0,2.7,0.0,0.0,6,1,BD034,BD039,BD054,n,,0.0,0.0,books,inf
B_keywords,freedom of expression,8,n,4,4,0,0,0.5,1.3,0.0,0.0,4,2,BA079,BA073,BA085,n,,0.5,0.0,books,2.69
B_keywords,governance,8,n,8,0,0,0,1.0,0.0,0.0,0.0,0,1,CA431,CE020,CE016,n,,0.25,0.0,columns,0.0
B_keywords,hilario g. davide jr,8,n,0,8,0,0,0.0,2.7,0.0,0.0,1,1,BD013,BD010,BD016,n,,0.0,0.0,books,inf
B_keywords,judicial review,8,n,1,7,0,0,0.1,2.3,0.0,0.0,6,1,BA086,BA093,BB038,n,,0.0,0.0,books,18.8
B_keywords,judiciary,8,n,7,1,0,0,0.9,0.3,0.0,0.0,1,1,CA103,CA433,CC005,n,,0.375,0.0,columns,0.38
B_keywords,leadership by example: the davide standard,8,n,0,8,0,0,0.0,2.7,0.0,0.0,2,1,BD034,BD033,BA059,n,,0.125,0.0,books,inf
B_keywords,legal education,8,n,7,1,0,0,0.9,0.3,0.0,0.0,1,1,CC102,CC007,CC103,y,bar_exam_and_legal_education,0.0,0.0,columns,0.38
B_keywords,leni panganiban,8,n,3,1,4,0,0.4,0.3,2.6,0.0,1,2,SC032,CC052,SC018,y,family_and_marriage,0.0,0.0,speeches,0.9
B_keywords,martial law,8,n,3,5,0,0,0.4,1.7,0.0,0.0,3,2,BA100,BA093,BB038,y,constitutional_doctrine,0.125,0.0,books,4.48
B_keywords,matthew 25,8,n,1,6,1,0,0.1,2.0,0.7,0.0,3,1,BC002,BA030,BC029,n,,0.125,0.0,books,16.11
B_keywords,nine-dash line,8,n,8,0,0,0,1.0,0.0,0.0,0.0,0,1,CA010,CA080,CA013,y,international_law_disputes,0.0,0.0,columns,0.0
B_keywords,parish pastoral council for responsible voting,8,n,1,7,0,0,0.1,2.3,0.0,0.0,4,1,BC026,CC067,BC019,n,,0.375,0.0,books,18.8
B_keywords,pcos,8,n,2,6,0,0,0.2,2.0,0.0,0.0,1,1,BE015,BE007,BE024,n,,0.375,0.125,books,8.06
B_keywords,philippine daily inquirer,8,n,0,5,1,2,0.0,1.7,0.7,5.7,3,1,BA078,BC019,BC036,n,,0.125,0.0,biography,inf
B_keywords,pope john paul ii,8,n,1,6,0,1,0.1,2.0,0.0,2.9,5,1,BC019,CC006,BC044,y,faith_journey,0.0,0.0,biography,16.11
B_keywords,santiago m. kapunan,8,n,0,8,0,0,0.0,2.7,0.0,0.0,4,1,BA080,BA039,BA081,n,,0.125,0.0,books,inf
B_keywords,security of tenure,8,n,1,7,0,0,0.1,2.3,0.0,0.0,4,1,BA084,BB022,BB036,n,,0.25,0.0,books,18.8
B_keywords,tanada v. angara,8,n,0,8,0,0,0.0,2.7,0.0,0.0,5,1,BA032,BD053,BB013,n,,0.0,0.0,books,inf
B_keywords,usaid,8,n,1,7,0,0,0.1,2.3,0.0,0.0,5,1,BD039,BD051,BD070,n,,0.125,0.0,books,18.8
B_keywords,world trade organization,8,n,0,8,0,0,0.0,2.7,0.0,0.0,5,1,BD053,BB028,BB027,n,,0.0,0.0,books,inf
B_keywords,accountability,7,n,2,5,0,0,0.2,1.7,0.0,0.0,1,1,BE005,BA028,BE013,n,,0.286,0.0,books,6.71
B_keywords,alternative dispute resolution,7,n,1,5,1,0,0.1,1.7,0.7,0.0,5,1,BD039,BD036,BD066,n,,0.143,0.0,books,13.43
B_keywords,ameurfina a. melencio herrera,7,n,0,7,0,0,0.0,2.3,0.0,0.0,4,1,BD052,BD044,BD063,n,,0.143,0.0,books,inf
B_keywords,andres r. narvasa,7,n,0,7,0,0,0.0,2.3,0.0,0.0,4,1,BD020,BD028,BC020,n,,0.143,0.0,books,inf
B_keywords,ang bagong bayani,7,n,7,0,0,0,0.9,0.0,0.0,0.0,0,1,CA147,CA479,CA261,n,,0.0,0.0,columns,0.0
B_keywords,apjr,7,n,1,6,0,0,0.1,2.0,0.0,0.0,2,1,BD039,BD067,BD038,y,judicial_reform,0.0,0.0,books,16.11
B_keywords,artificial intelligence,7,n,7,0,0,0,0.9,0.0,0.0,0.0,0,1,CA034,CE019,CE018,y,ai_and_technology,0.286,0.0,columns,0.0
B_keywords,ayala corporation,7,n,3,1,3,0,0.4,0.3,2.0,0.0,1,2,SD016,CD019,SD027,y,flp_donors_and_partners,0.0,0.0,speeches,0.9
B_keywords,banat v. comelec,7,n,6,1,0,0,0.7,0.3,0.0,0.0,1,1,CA147,CA260,BA024,n,,0.0,0.0,columns,0.45
B_keywords,bangsamoro basic law,7,n,7,0,0,0,0.9,0.0,0.0,0.0,0,1,CA386,CA385,CA382,n,,0.0,0.0,columns,0.0
B_keywords,eez,7,n,7,0,0,0,0.9,0.0,0.0,0.0,0,1,CA014,CA013,CA010,y,international_law_disputes,0.0,0.0,columns,0.0
B_keywords,estrada v. desierto,7,n,4,3,0,0,0.5,1.0,0.0,0.0,3,2,BA078,CA077,BA091,n,,0.143,0.0,books,2.01
B_keywords,exit polls,7,n,0,7,0,0,0.0,2.3,0.0,0.0,5,1,BA073,BA079,BA085,n,,0.143,0.0,books,inf
B_keywords,flp scholars society,7,n,3,0,4,0,0.4,0.0,2.6,0.0,0,2,SD016,CD019,SD027,y,foundation_for_liberty_and_prosperity,0.0,0.0,speeches,0.0
B_keywords,house of representatives,7,n,1,5,1,0,0.1,1.7,0.7,0.0,2,1,BA024,BA021,BA022,n,,0.0,0.0,books,13.43
B_keywords,joseph estrada,7,n,1,5,0,1,0.1,1.7,0.0,2.9,2,1,BA032,CA387,BA037,n,,0.143,0.0,biography,13.43
B_keywords,justice puno,7,n,0,7,0,0,0.0,2.3,0.0,0.0,4,1,BA055,BA056,BA053,n,,0.0,0.0,books,inf
B_keywords,la bugal-b'laan tribal association v. ramos,7,n,0,7,0,0,0.0,2.3,0.0,0.0,2,1,BB032,BD059,BD060,n,,0.0,0.0,books,inf
B_keywords,museum for liberty and prosperity,7,n,4,0,3,0,0.5,0.0,2.0,0.0,0,2,SD016,SD002,CD013,y,twin_beacons_doctrine;museum_for_liberty_and_prosperity,0.0,0.0,speeches,0.0
B_keywords,office of the court administrator,7,n,1,6,0,0,0.1,2.0,0.0,0.0,5,1,BD036,BD035,BD054,n,,0.286,0.0,books,16.11
B_keywords,personal reflection,7,n,7,0,0,0,0.9,0.0,0.0,0.0,0,1,CA434,CA433,CC019,n,,0.0,0.0,columns,0.0
B_keywords,philippine judicial academy (philja),7,n,0,7,0,0,0.0,2.3,0.0,0.0,3,1,BD049,BD034,BD036,n,,0.143,0.0,books,inf
B_keywords,pontifical council for the laity,7,n,2,2,1,2,0.2,0.7,0.7,5.7,2,0,BC045,BC019,CC006,y,faith_journey,0.0,0.0,biography,2.69
B_keywords,poverty,7,n,0,7,0,0,0.0,2.3,0.0,0.0,2,1,BA010,BE023,BB005,n,,0.143,0.0,books,inf
B_keywords,ppcrv,7,n,3,3,0,1,0.4,1.0,0.0,2.9,2,2,CC067,BC026,BC019,n,,0.286,0.0,biography,2.69
B_keywords,probable cause,7,n,5,2,0,0,0.6,0.7,0.0,0.0,2,1,BA069,CA408,CA202,n,,0.0,0.0,books,1.07
B_keywords,reclusion perpetua,7,n,3,4,0,0,0.4,1.3,0.0,0.0,3,2,BA083,BA070,BA059,n,,0.0,0.0,books,3.58
B_keywords,rules of court,7,n,0,7,0,0,0.0,2.3,0.0,0.0,4,1,BD003,BD004,BD009,n,,0.429,0.143,books,inf
B_keywords,saln,7,n,6,1,0,0,0.7,0.3,0.0,0.0,1,1,CE079,CA439,CA391,n,,0.143,0.0,columns,0.45
B_keywords,unclos,7,n,7,0,0,0,0.9,0.0,0.0,0.0,0,1,CA013,CA014,CA182,y,international_law_disputes,0.0,0.0,columns,0.0
B_keywords,universal declaration of human rights,7,n,0,7,0,0,0.0,2.3,0.0,0.0,7,1,BB031,BA082,BC006,n,,0.0,0.0,books,inf
B_keywords,2009,6,n,0,6,0,0,0.0,2.0,0.0,0.0,1,1,BA006,BE009,BD002,n,,0.0,0.0,books,inf
B_keywords,action program for judicial reform (apjr),6,n,0,6,0,0,0.0,2.0,0.0,0.0,2,1,BD049,BD053,BB031,y,judicial_reform,0.0,0.0,books,inf
B_keywords,angelina sandoval-gutierrez,6,n,1,5,0,0,0.1,1.7,0.0,0.0,3,1,BD058,BA039,BA002,n,,0.0,0.0,books,13.43
B_keywords,antonio carpio,6,n,3,3,0,0,0.4,1.0,0.0,0.0,1,2,CC061,BA001,BE008,n,,0.0,0.0,books,2.69
B_keywords,asian development bank,6,n,0,6,0,0,0.0,2.0,0.0,0.0,4,1,BD067,BB031,BD039,n,,0.0,0.0,books,inf
B_keywords,asian institute of management,6,n,1,4,0,1,0.1,1.3,0.0,2.9,2,1,BC019,BC014,GC025,y,flp_donors_and_partners,0.0,0.0,biography,10.74
B_keywords,bar exam,6,n,5,1,0,0,0.6,0.3,0.0,0.0,1,1,CC102,CC007,CC103,y,bar_exam_and_legal_education,0.0,0.0,columns,0.54
B_keywords,canons of judicial ethics,6,n,0,6,0,0,0.0,2.0,0.0,0.0,4,1,BD039,BB031,BB027,n,,0.333,0.0,books,inf
B_keywords,centenary executive committee,6,n,0,6,0,0,0.0,2.0,0.0,0.0,3,1,BA077,BD013,BD036,n,,0.5,0.0,books,inf
B_keywords,checks and balances,6,n,1,4,1,0,0.1,1.3,0.7,0.0,3,1,BB027,BB038,BA084,n,,0.0,0.0,books,10.74
B_keywords,chief justice hilario g. davide jr.,6,n,0,6,0,0,0.0,2.0,0.0,0.0,2,1,BD034,BD057,BD033,n,,0.167,0.0,books,inf
B_keywords,clear and present danger,6,n,2,4,0,0,0.2,1.3,0.0,0.0,4,1,BA073,BA056,BA099,n,,0.167,0.0,books,5.37
B_keywords,corona impeachment,6,n,6,0,0,0,0.7,0.0,0.0,0.0,0,1,CA195,CA501,CA500,y,impeachment_accountability,0.0,0.0,columns,0.0
B_keywords,criminal procedure,6,n,6,0,0,0,0.7,0.0,0.0,0.0,0,1,CA415,CA410,CA446,n,,0.5,0.0,columns,0.0
B_keywords,dap,6,n,6,0,0,0,0.7,0.0,0.0,0.0,0,1,CA442,CA400,CA443,n,,0.0,0.0,columns,0.0
B_keywords,equal protection,6,n,3,3,0,0,0.4,1.0,0.0,0.0,3,2,BA055,CA022,CA036,n,,0.167,0.0,books,2.69
B_keywords,ethical standards law,6,n,0,6,0,0,0.0,2.0,0.0,0.0,5,1,BB031,BD047,BA026,y,lawyer_ethics_initiative,0.167,0.0,books,inf
B_keywords,eulogy,6,n,2,1,3,0,0.2,0.3,2.0,0.0,1,1,CC018,SE001,SC018,y,eulogies_and_passing,0.0,0.0,speeches,1.34
B_keywords,"excellence, ethics and eternity",6,n,0,6,0,0,0.0,2.0,0.0,0.0,4,1,BC039,BC040,BC046,n,,0.0,0.0,books,inf
B_keywords,executive secretary eduardo ermita,6,n,0,6,0,0,0.0,2.0,0.0,0.0,1,1,BE009,BE010,BE013,n,,0.0,0.0,books,inf
B_keywords,feu,6,n,2,1,2,1,0.2,0.3,1.3,2.9,1,0,CA434,BC019,SA136,n,,0.0,0.0,biography,1.34
B_keywords,gloria macapagal arroyo,6,n,0,5,0,1,0.0,1.7,0.0,2.9,4,1,BA078,BD053,BA089,n,,0.167,0.0,biography,inf
B_keywords,human rights,6,n,1,5,0,0,0.1,1.7,0.0,0.0,2,1,BE005,BA030,CA428,n,,0.167,0.0,books,13.43
B_keywords,jbc,6,n,5,1,0,0,0.6,0.3,0.0,0.0,1,1,CC101,CA323,CA300,y,jbc_discernment_and_appointment,0.0,0.0,columns,0.54
B_keywords,judicial activism,6,n,4,2,0,0,0.5,0.7,0.0,0.0,1,1,BA084,BA086,CA411,y,judicial_activism_and_political_question,0.0,0.0,books,1.34
B_keywords,judicial interpretation,6,n,6,0,0,0,0.7,0.0,0.0,0.0,0,1,CC106,CA427,CA418,n,,0.167,0.0,columns,0.0
B_keywords,judicial restraint,6,n,2,3,1,0,0.2,1.0,0.7,0.0,2,1,BA084,BA086,CA400,n,,0.0,0.0,books,4.03
B_keywords,justice and faith,6,n,1,5,0,0,0.1,1.7,0.0,0.0,5,1,BD045,BD033,BC046,y,faith_journey,0.167,0.0,books,13.43
B_keywords,justice jose c. vitug,6,n,0,6,0,0,0.0,2.0,0.0,0.0,3,1,BB022,BA082,BB026,n,,0.0,0.0,books,inf
B_keywords,liberal party,6,n,3,3,0,0,0.4,1.0,0.0,0.0,3,2,BC036,BC019,CE050,n,,0.0,0.0,books,2.69
B_keywords,marginalized and underrepresented,6,n,5,1,0,0,0.6,0.3,0.0,0.0,1,1,CA261,CA243,CA479,n,,0.0,0.0,columns,0.54
B_keywords,maria ressa,6,n,6,0,0,0,0.7,0.0,0.0,0.0,0,1,CA131,CA213,CA251,n,,0.5,0.0,columns,0.0
B_keywords,meralco,6,n,1,2,3,0,0.1,0.7,2.0,0.0,2,1,SE038,SC007,SC008,n,,0.0,0.0,speeches,5.37
B_keywords,minute resolutions,6,n,3,2,0,1,0.4,0.7,0.0,2.9,2,1,CA207,BD028,CA228,n,,0.167,0.0,biography,1.79
B_keywords,motion for reconsideration,6,n,4,2,0,0,0.5,0.7,0.0,0.0,2,1,CA039,CA405,CA388,n,,0.0,0.0,books,1.34
B_keywords,national union of students of the philippines,6,n,0,5,0,1,0.0,1.7,0.0,2.9,3,1,BC045,BC046,BC014,n,,0.0,0.0,biography,inf
B_keywords,noynoy aquino,6,n,0,6,0,0,0.0,2.0,0.0,0.0,1,1,BE022,BE017,BE023,n,,0.0,0.0,books,inf
B_keywords,pcgg,6,n,5,1,0,0,0.6,0.3,0.0,0.0,1,1,CA229,CA252,CA232,n,,0.667,0.0,columns,0.54
B_keywords,pcp ii,6,n,1,5,0,0,0.1,1.7,0.0,0.0,2,1,BC030,BC029,BB012,n,,0.333,0.0,books,13.43
B_keywords,people v. vallejo,6,n,0,6,0,0,0.0,2.0,0.0,0.0,4,1,BA083,BA092,BA050,n,,0.333,0.167,books,inf
B_keywords,presidential commission on good government,6,n,0,6,0,0,0.0,2.0,0.0,0.0,5,1,BA080,BC043,BA091,n,,0.167,0.0,books,inf
B_keywords,prior restraint,6,n,1,5,0,0,0.1,1.7,0.0,0.0,5,1,BA108,BA073,BA085,n,,0.167,0.0,books,13.43
B_keywords,proof beyond reasonable doubt,6,n,3,3,0,0,0.4,1.0,0.0,0.0,3,2,BA080,BA041,CA202,n,,0.0,0.0,books,2.69
B_keywords,public accountability,6,n,5,1,0,0,0.6,0.3,0.0,0.0,1,1,CA446,CA429,CE004,n,,0.167,0.0,columns,0.54
B_keywords,ra 7941,6,n,2,4,0,0,0.2,1.3,0.0,0.0,3,1,BB007,BA046,BA072,n,,0.333,0.167,books,5.37
B_keywords,republic v. molina,6,n,0,6,0,0,0.0,2.0,0.0,0.0,5,1,BA066,BA015,BA048,n,,0.333,0.0,books,inf
B_keywords,res judicata,6,n,0,6,0,0,0.0,2.0,0.0,0.0,4,1,BD058,BB018,BD071,n,,0.5,0.0,books,inf
B_keywords,succession,6,n,1,5,0,0,0.1,1.7,0.0,0.0,2,1,BE007,BE019,BA036,n,,0.0,0.0,books,13.43
B_keywords,transcendental importance,6,n,3,3,0,0,0.4,1.0,0.0,0.0,3,2,BA100,BB028,BA081,n,,0.0,0.0,books,2.69
B_keywords,trump,6,n,6,0,0,0,0.7,0.0,0.0,0.0,0,1,CA032,CA026,CE034,y,global_geopolitics,0.333,0.0,columns,0.0
B_keywords,twin beacons,6,n,3,2,1,0,0.4,0.7,0.7,0.0,1,1,CE096,BC020,SB063,y,twin_beacons_doctrine,0.0,0.0,books,1.79
B_keywords,www.supremecourt.gov.ph,6,n,0,6,0,0,0.0,2.0,0.0,0.0,3,1,BD039,BD036,BA077,n,,0.333,0.0,books,inf
B_keywords,2022 elections,5,n,5,0,0,0,0.6,0.0,0.0,0.0,0,1,CC047,CE045,CE044,n,,0.2,0.0,columns,0.0
B_keywords,bangko sentral ng pilipinas,5,n,3,2,0,0,0.4,0.7,0.0,0.0,2,1,BB027,CB020,CA534,n,,0.2,0.0,books,1.79
B_keywords,bantay katarungan,5,n,0,5,0,0,0.0,1.7,0.0,0.0,4,1,BD036,BD054,BD035,n,,0.0,0.0,books,inf
B_keywords,bar examinations,5,n,0,5,0,0,0.0,1.7,0.0,0.0,3,1,BD068,BC046,BD050,n,,0.0,0.0,books,inf
B_keywords,baron travel corporation,5,n,0,5,0,0,0.0,1.7,0.0,0.0,3,1,BC045,BC019,BC014,n,,0.2,0.2,books,inf
B_keywords,bbl,5,n,5,0,0,0,0.6,0.0,0.0,0.0,0,1,CA385,CA382,CA386,n,,0.0,0.0,columns,0.0
B_keywords,canon law,5,n,2,3,0,0,0.2,1.0,0.0,0.0,2,1,BD054,CA148,BA015,n,,0.4,0.0,books,4.03
B_keywords,carpio,5,n,4,1,0,0,0.5,0.3,0.0,0.0,1,1,CA181,CA535,BA018,n,,0.0,0.0,columns,0.67
B_keywords,catholic bishops' conference of the philippines,5,n,0,5,0,0,0.0,1.7,0.0,0.0,2,1,BA029,BC026,BE005,y,faith_journey,0.2,0.0,books,inf
B_keywords,catholic church,5,n,3,2,0,0,0.4,0.7,0.0,0.0,1,1,CA416,BC001,BC003,y,faith_journey,0.0,0.0,books,1.79
B_keywords,center for liberty and prosperity,5,n,1,0,3,1,0.1,0.0,2.0,2.9,0,1,SB006,SD021,CD008,y,twin_beacons_doctrine;museum_for_liberty_and_prosperity,0.0,0.0,biography,0.0
B_keywords,civil liberties,5,n,0,5,0,0,0.0,1.7,0.0,0.0,3,1,BD070,BA011,BA003,n,,0.0,0.0,books,inf
B_keywords,cj davide,5,n,4,1,0,0,0.5,0.3,0.0,0.0,1,1,CE096,CA077,CA171,n,,0.0,0.0,columns,0.67
B_keywords,claudio teehankee,5,n,0,2,1,2,0.0,0.7,0.7,5.7,2,0,GC026,BD054,BD034,y,mentors_and_legal_lineage,0.0,0.0,biography,inf
B_keywords,constitutionality,5,n,4,1,0,0,0.5,0.3,0.0,0.0,1,1,CA382,CA385,CA386,n,,0.2,0.2,columns,0.67
B_keywords,cyberlibel,5,n,5,0,0,0,0.6,0.0,0.0,0.0,0,1,CA213,CA214,CA131,n,,0.8,0.0,columns,0.0
B_keywords,death penalty,5,n,0,5,0,0,0.0,1.7,0.0,0.0,5,1,BA083,BA070,BA049,y,death_penalty_and_echegaray,0.0,0.0,books,inf
B_keywords,dhl,5,n,2,3,0,0,0.2,1.0,0.0,0.0,1,1,BD064,CA128,CE096,n,,0.2,0.0,books,4.03
B_keywords,disenfranchisement,5,n,0,5,0,0,0.0,1.7,0.0,0.0,1,1,BE024,BE021,BE015,n,,0.2,0.0,books,inf
B_keywords,dna testing,5,n,0,5,0,0,0.0,1.7,0.0,0.0,3,1,BD054,BD055,BE032,n,,0.0,0.0,books,inf
B_keywords,esmel fellowships,5,n,2,0,3,0,0.2,0.0,2.0,0.0,0,1,CA092,SB006,SA015,y,msme_and_entrepreneurship,0.0,0.0,speeches,0.0
B_keywords,faith,5,n,5,0,0,0,0.6,0.0,0.0,0.0,0,1,CC019,CC048,CC096,y,faith_journey,0.2,0.0,columns,0.0
B_keywords,family code,5,n,2,3,0,0,0.2,1.0,0.0,0.0,2,1,CA148,BA015,BA027,n,,0.6,0.0,books,4.03
B_keywords,flp scholarships,5,n,5,0,0,0,0.6,0.0,0.0,0.0,0,1,CD016,CD013,CC059,y,foundation_for_liberty_and_prosperity,0.0,0.0,columns,0.0
B_keywords,four ins independence integrity industry intelligence,5,n,0,0,5,0,0.0,0.0,3.3,0.0,0,1,SA134,SA119,SA111,y,judicial_reform,0.0,0.0,speeches,inf
B_keywords,fr. michael nolan,5,n,1,2,2,0,0.1,0.7,1.3,0.0,2,0,BC045,BC041,SC130,y,eulogies_and_passing,0.0,0.0,speeches,5.37
B_keywords,frivaldo v. comelec,5,n,0,5,0,0,0.0,1.7,0.0,0.0,3,1,BA055,BA041,BA064,n,,0.4,0.2,books,inf
B_keywords,geopolitics,5,n,5,0,0,0,0.6,0.0,0.0,0.0,0,1,CA450,CA028,CA430,n,,0.2,0.0,columns,0.0
B_keywords,grace poe,5,n,5,0,0,0,0.6,0.0,0.0,0.0,0,1,CA380,CA381,CA378,n,,0.0,0.0,columns,0.0
B_keywords,habeas corpus,5,n,5,0,0,0,0.6,0.0,0.0,0.0,0,1,CA104,CA306,CA086,n,,0.0,0.0,columns,0.0
B_keywords,hierarchy of courts,5,n,2,3,0,0,0.2,1.0,0.0,0.0,3,1,BD028,CA203,BB028,n,,0.2,0.0,books,4.03
B_keywords,icj,5,n,5,0,0,0,0.6,0.0,0.0,0.0,0,1,CA182,CA184,CA180,y,global_geopolitics,0.0,0.0,columns,0.0
B_keywords,"integrity, independence, industry and intelligence",5,n,0,5,0,0,0.0,1.7,0.0,0.0,2,1,BD054,BD049,BD070,n,,0.0,0.0,books,inf
B_keywords,international conference and showcase on judicial reforms,5,n,0,5,0,0,0.0,1.7,0.0,0.0,2,1,BD049,BD050,BD067,n,,0.0,0.0,books,inf
B_keywords,jaime cardinal sin,5,n,0,4,0,1,0.0,1.3,0.0,2.9,3,1,BC026,GC029,BC002,n,,0.0,0.0,biography,inf
B_keywords,jinggoy estrada,5,n,4,1,0,0,0.5,0.3,0.0,0.0,1,1,CA374,CA399,CA083,n,,0.0,0.0,columns,0.67
B_keywords,john marshall,5,n,1,4,0,0,0.1,1.3,0.0,0.0,3,1,BD034,BD054,BA084,n,,0.2,0.0,books,10.74
B_keywords,jose a.r. melo,5,n,0,5,0,0,0.0,1.7,0.0,0.0,3,1,BD020,BB023,BA071,n,,0.4,0.2,books,inf
B_keywords,josue n. bellosillo,5,n,0,5,0,0,0.0,1.7,0.0,0.0,3,1,BD020,BA080,BD014,n,,0.4,0.0,books,inf
B_keywords,judicial compensation,5,n,1,4,0,0,0.1,1.3,0.0,0.0,3,1,BD049,BD036,BD050,n,,0.0,0.0,books,10.74
B_keywords,justice consuelo ynares-santiago,5,n,0,5,0,0,0.0,1.7,0.0,0.0,3,1,BA100,BA082,BA104,n,,0.2,0.0,books,inf
B_keywords,justice dante o. tinga,5,n,0,5,0,0,0.0,1.7,0.0,0.0,2,1,BB033,BB034,BA100,n,,0.0,0.0,books,inf
B_keywords,justice on wheels,5,n,0,5,0,0,0.0,1.7,0.0,0.0,2,1,BD049,BD064,BD050,n,,0.0,0.0,books,inf
B_keywords,lambino v. comelec,5,n,4,1,0,0,0.5,0.3,0.0,0.0,1,1,CA079,BA001,CA084,n,,0.0,0.0,columns,0.67
B_keywords,leo echegaray,5,n,0,5,0,0,0.0,1.7,0.0,0.0,5,1,BA059,BA054,BA070,y,death_penalty_and_echegaray,0.0,0.0,books,inf
B_keywords,life in the spirit seminar,5,n,0,2,2,1,0.0,0.7,1.3,2.9,1,0,BC027,BC028,GC028,n,,0.0,0.0,biography,inf
B_keywords,local government code,5,n,1,4,0,0,0.1,1.3,0.0,0.0,4,1,BA074,BB012,BA107,n,,0.4,0.2,books,10.74
B_keywords,mamasapano,5,n,5,0,0,0,0.6,0.0,0.0,0.0,0,1,CA390,CA382,CE095,n,,0.0,0.0,columns,0.0
B_keywords,manila cathedral,5,n,3,0,1,1,0.4,0.0,0.7,2.9,0,1,SC005,CC104,GC035,n,,0.0,0.0,biography,0.0
B_keywords,marcos ill-gotten wealth,5,n,5,0,0,0,0.6,0.0,0.0,0.0,0,1,CA171,CA252,CA321,n,,0.6,0.2,columns,0.0
B_keywords,metrobank foundation,5,n,1,0,4,0,0.1,0.0,2.6,0.0,0,1,SD016,SC007,SC008,y,flp_donors_and_partners,0.0,0.0,speeches,0.0
B_keywords,miranda rights,5,n,2,3,0,0,0.2,1.0,0.0,0.0,3,1,BD035,BB031,CA330,n,,0.2,0.0,books,4.03
B_keywords,mootness,5,n,0,5,0,0,0.0,1.7,0.0,0.0,4,1,BA100,BA089,BB033,n,,0.2,0.0,books,inf
B_keywords,moral courage,5,n,0,5,0,0,0.0,1.7,0.0,0.0,3,1,BD054,BA097,BD057,n,,0.0,0.0,books,inf
B_keywords,new code of judicial conduct,5,n,0,5,0,0,0.0,1.7,0.0,0.0,2,1,BD049,BD064,BD050,n,,0.0,0.0,books,inf
B_keywords,obiter dictum,5,n,3,2,0,0,0.4,0.7,0.0,0.0,2,1,BA091,CA307,CA087,n,,0.0,0.0,books,1.79
B_keywords,operation zero backlog,5,n,5,0,0,0,0.6,0.0,0.0,0.0,0,1,CA248,CA228,CA235,n,,0.2,0.0,columns,0.0
B_keywords,pedro l. yap,5,n,0,4,0,1,0.0,1.3,0.0,2.9,4,1,BC046,GC026,BC007,n,,0.0,0.0,biography,inf
B_keywords,people v. echegaray,5,n,0,5,0,0,0.0,1.7,0.0,0.0,4,1,BA059,BA054,BA049,y,death_penalty_and_echegaray,0.0,0.0,books,inf
B_keywords,permanent court of arbitration,5,n,3,0,2,0,0.4,0.0,1.3,0.0,0,1,SC008,SC007,CC072,y,international_law_disputes,0.0,0.0,speeches,0.0
B_keywords,police power,5,n,1,4,0,0,0.1,1.3,0.0,0.0,4,1,BA055,BA073,BB015,n,,0.0,0.0,books,10.74
B_keywords,probity,5,n,0,5,0,0,0.0,1.7,0.0,0.0,1,1,BA005,BD008,BD006,n,,0.0,0.0,books,inf
B_keywords,ryan cayabyab,5,n,2,0,3,0,0.2,0.0,2.0,0.0,0,1,SC059,CC085,SC007,n,,0.0,0.0,speeches,0.0
B_keywords,salonga,5,n,5,0,0,0,0.6,0.0,0.0,0.0,0,1,CD012,CC102,CC007,y,mentors_and_legal_lineage,0.0,0.0,columns,0.0
B_keywords,sara duterte,5,n,5,0,0,0,0.6,0.0,0.0,0.0,0,1,CA539,CA535,CA029,n,,0.0,0.0,columns,0.0
B_keywords,social weather stations v. comelec,5,n,0,5,0,0,0.0,1.7,0.0,0.0,4,1,BD059,BA085,BD060,n,,0.2,0.0,books,inf
B_keywords,sovereignty,5,n,4,1,0,0,0.5,0.3,0.0,0.0,1,1,CA430,BB020,CE003,n,,0.0,0.0,columns,0.67
B_keywords,strict scrutiny,5,n,2,2,1,0,0.2,0.7,0.7,0.0,2,0,BD059,CB018,SB085,n,,0.0,0.0,books,2.69
B_keywords,temporary restraining order,5,n,1,4,0,0,0.1,1.3,0.0,0.0,3,1,BA070,BA107,BA061,n,,0.2,0.0,books,10.74
B_keywords,the asia foundation,5,n,0,5,0,0,0.0,1.7,0.0,0.0,3,1,BD067,BD051,BD046,n,,0.2,0.0,books,inf
B_keywords,vatican ii,5,n,3,2,0,0,0.4,0.7,0.0,0.0,2,1,BC029,BA029,CC067,n,,0.4,0.0,books,1.79
B_keywords,veterans federation party v. comelec,5,n,0,5,0,0,0.0,1.7,0.0,0.0,5,1,BA072,BA046,BA021,n,,0.2,0.2,books,inf
B_keywords,warrantless arrest,5,n,4,1,0,0,0.5,0.3,0.0,0.0,1,1,BA100,CA219,CA303,n,,0.0,0.0,columns,0.67
C_prose_ngram,cases,322,y,189,112,16,5,23.5,37.5,10.5,14.3,12,4,BD059,BD034,BD053,n,,0.168,0.025,books,1.59
C_prose_ngram,year,316,y,185,76,45,10,23.0,25.4,29.4,28.6,12,4,BD034,BD059,BD054,n,,0.114,0.009,speeches,1.1
C_prose_ngram,power,313,y,159,126,24,4,19.8,42.1,15.7,11.4,12,4,BA032,BD059,BD034,n,,0.125,0.013,books,2.13
C_prose_ngram,case,307,y,174,111,19,3,21.7,37.1,12.4,8.6,12,4,BA036,BD053,BA057,n,,0.202,0.026,books,1.71
C_prose_ngram,government,307,y,142,119,42,4,17.7,39.8,27.5,11.4,11,4,BA032,BD034,BA036,n,,0.153,0.023,books,2.25
C_prose_ngram,time,305,y,142,101,51,11,17.7,33.8,33.3,31.4,11,4,BA032,BD059,BD054,n,,0.154,0.02,books,1.91
C_prose_ngram,justices,295,y,155,99,35,6,19.3,33.1,22.9,17.1,11,4,BD059,BD053,BD054,n,,0.139,0.024,books,1.72
C_prose_ngram,chief,284,y,108,108,52,16,13.4,36.1,34.0,45.7,12,4,BD034,BD059,BD054,n,,0.134,0.018,biography,2.69
C_prose_ngram,national,278,y,135,96,39,8,16.8,32.1,25.5,22.9,11,4,BA032,BD053,BD034,n,,0.173,0.018,books,1.91
C_prose_ngram,rights,264,y,153,84,26,1,19.1,28.1,17.0,2.9,11,3,BA032,BD059,BA041,n,,0.144,0.008,books,1.47
C_prose_ngram,political,253,y,145,73,31,4,18.1,24.4,20.3,11.4,11,4,BA032,BD059,BD034,n,,0.107,0.004,books,1.35
C_prose_ngram,decision,251,y,146,88,12,5,18.2,29.4,7.8,14.3,11,4,BA036,BD053,BD028,n,,0.159,0.02,books,1.62
C_prose_ngram,june,248,y,154,63,29,2,19.2,21.1,19.0,5.7,11,3,BD034,BD053,BD070,n,,0.153,0.016,books,1.1
C_prose_ngram,closing,244,y,97,95,40,12,12.1,31.8,26.1,34.3,11,4,BD054,CA440,BA041,n,,0.184,0.025,biography,2.63
C_prose_ngram,right,236,y,122,92,19,3,15.2,30.8,12.4,8.6,12,4,BA032,BD059,BA041,n,,0.165,0.013,books,2.03
C_prose_ngram,courts,234,y,107,100,25,2,13.3,33.4,16.3,5.7,12,3,BD034,BD053,BD054,n,,0.188,0.026,books,2.51
C_prose_ngram,manila,233,y,105,63,52,13,13.1,21.1,34.0,37.1,11,4,BD034,BB012,CA434,n,,0.129,0.013,biography,1.61
C_prose_ngram,senate,231,y,165,45,17,4,20.5,15.1,11.1,11.4,9,4,BA036,CA039,BA078,n,,0.117,0.022,columns,0.73
C_prose_ngram,office,228,y,125,75,23,5,15.6,25.1,15.0,14.3,11,4,BD034,BA032,BD053,n,,0.167,0.022,books,1.61
C_prose_ngram,philippines,227,y,97,64,57,9,12.1,21.4,37.3,25.7,11,4,BD034,BB012,CA434,n,,0.159,0.031,speeches,1.77
C_prose_ngram,congress,225,y,124,78,21,2,15.4,26.1,13.7,5.7,10,3,BA032,BD059,BA036,n,,0.138,0.022,books,1.69
C_prose_ngram,personal,225,y,104,63,53,5,13.0,21.1,34.6,14.3,11,4,BD034,BD054,BD059,n,,0.138,0.036,speeches,1.63
C_prose_ngram,life,220,y,73,80,55,12,9.1,26.8,35.9,34.3,12,4,BD059,BB012,BA032,n,,0.127,0.027,speeches,2.94
C_prose_ngram,rules,220,y,106,94,20,0,13.2,31.4,13.1,0.0,12,3,BD059,BD053,BB027,n,,0.214,0.041,books,2.38
C_prose_ngram,march,217,y,138,59,16,4,17.2,19.7,10.5,11.4,11,4,BA036,BA078,BD028,n,,0.115,0.005,books,1.15
C_prose_ngram,cj's,213,y,212,0,1,0,26.4,0.0,0.7,0.0,0,1,CA440,CA439,CA322,n,,0.174,0.023,columns,0.0
C_prose_ngram,liberty,213,y,101,55,50,7,12.6,18.4,32.7,20.0,8,4,BD059,BD056,BD062,n,,0.094,0.0,speeches,1.46
C_prose_ngram,just,212,y,89,64,50,9,11.1,21.4,32.7,25.7,11,4,BD059,BD054,BD056,n,,0.137,0.019,speeches,1.93
C_prose_ngram,filipino,206,y,109,52,40,5,13.6,17.4,26.1,14.3,10,4,BA032,BB012,BA078,n,,0.126,0.019,speeches,1.28
C_prose_ngram,executive,204,y,104,74,23,3,13.0,24.7,15.0,8.6,12,4,BD059,CA440,BA097,n,,0.103,0.01,books,1.91
C_prose_ngram,integrity,203,y,88,68,43,4,11.0,22.7,28.1,11.4,12,4,BD034,BD059,BD054,n,,0.113,0.015,speeches,2.08
C_prose_ngram,april,202,y,121,48,30,3,15.1,16.1,19.6,8.6,10,4,BA036,CA039,BD039,n,,0.129,0.005,speeches,1.07
C_prose_ngram,comelec,202,y,129,64,7,2,16.1,21.4,4.6,5.7,12,3,BA032,CA440,BA055,n,,0.158,0.03,books,1.33
C_prose_ngram,court's,200,y,60,131,7,2,7.5,43.8,4.6,5.7,12,3,BA032,BD034,BD053,n,,0.22,0.02,books,5.86
C_prose_ngram,judiciary,200,y,79,87,33,1,9.8,29.1,21.6,2.9,11,3,BD059,BD034,BD039,n,,0.135,0.005,books,2.96
C_prose_ngram,lawyers,199,y,92,72,34,1,11.5,24.1,22.2,2.9,12,3,BD059,BD034,BD054,n,,0.161,0.03,books,2.1
C_prose_ngram,judges,197,y,91,74,31,1,11.3,24.7,20.3,2.9,12,3,BD059,BD034,BD053,n,,0.117,0.025,books,2.18
C_prose_ngram,chair,196,y,134,31,28,3,16.7,10.4,18.3,8.6,7,4,BD054,CA433,SD082,n,,0.128,0.015,speeches,0.62
C_prose_ngram,members,196,y,99,61,35,1,12.3,20.4,22.9,2.9,11,3,BD034,BD070,BD039,n,,0.107,0.02,speeches,1.65
C_prose_ngram,decisions,195,y,98,70,23,4,12.2,23.4,15.0,11.4,12,4,BD059,BD034,BD053,n,,0.164,0.021,books,1.92
C_prose_ngram,july,195,y,124,44,24,3,15.4,14.7,15.7,8.6,11,4,BD054,CA039,CA187,n,,0.159,0.005,speeches,0.95
C_prose_ngram,secretary,195,y,102,57,29,7,12.7,19.1,19.0,20.0,10,4,BA032,CA434,BA100,n,,0.113,0.021,biography,1.5
C_prose_ngram,including,193,y,97,72,19,5,12.1,24.1,12.4,14.3,11,4,BD034,BD053,BA057,n,,0.104,0.005,books,1.99
C_prose_ngram,chief justice,191,y,56,81,42,12,7.0,27.1,27.5,34.3,12,4,BD034,BD059,BD054,n,,0.126,0.021,biography,3.88
C_prose_ngram,state,189,y,110,63,14,2,13.7,21.1,9.2,5.7,11,3,BA036,BA100,BA097,n,,0.132,0.005,books,1.54
C_prose_ngram,trial,189,y,109,71,8,1,13.6,23.7,5.2,2.9,11,3,BD034,BD053,BD054,n,,0.212,0.026,books,1.75
C_prose_ngram,evidence,188,y,123,60,4,1,15.3,20.1,2.6,2.9,12,3,BA057,BA080,BD053,n,,0.239,0.021,books,1.31
C_prose_ngram,prosperity,188,y,86,50,47,5,10.7,16.7,30.7,14.3,6,4,BD059,BD056,BD060,n,,0.09,0.0,speeches,1.56
C_prose_ngram,private,186,y,96,59,27,4,12.0,19.7,17.6,11.4,11,4,BA032,BD034,BB028,n,,0.199,0.016,books,1.65
C_prose_ngram,process,186,y,110,62,10,4,13.7,20.7,6.5,11.4,10,4,BA032,BD034,BB027,n,,0.177,0.005,books,1.51
C_prose_ngram,international,185,y,103,55,24,3,12.8,18.4,15.7,8.6,10,4,BD059,BD053,BB031,n,,0.141,0.022,books,1.43
C_prose_ngram,question,185,y,102,66,12,5,12.7,22.1,7.8,14.3,12,4,BA036,BA057,BA084,n,,0.157,0.016,books,1.74
C_prose_ngram,vote,183,y,110,58,10,5,13.7,19.4,6.5,14.3,10,4,BA036,BD059,BD028,n,,0.164,0.022,books,1.42
C_prose_ngram,does,182,y,85,80,16,1,10.6,26.8,10.5,2.9,11,3,BD034,BD053,BA041,n,,0.165,0.022,books,2.53
C_prose_ngram,economic,181,y,81,66,31,3,10.1,22.1,20.3,8.6,10,4,BA032,BD059,BD053,n,,0.094,0.017,books,2.19
C_prose_ngram,like,181,y,85,62,32,2,10.6,20.7,20.9,5.7,9,3,BD059,BA097,CA432,n,,0.144,0.033,speeches,1.96
C_prose_ngram,civil,180,y,98,61,20,1,12.2,20.4,13.1,2.9,10,3,BD059,BA100,BA097,n,,0.206,0.022,books,1.67
C_prose_ngram,good,179,y,79,66,31,3,9.8,22.1,20.3,8.6,11,4,BD053,BB012,BD070,n,,0.179,0.028,books,2.24
C_prose_ngram,world,178,y,69,58,46,5,8.6,19.4,30.1,14.3,10,4,BD059,BD053,BD034,n,,0.129,0.034,speeches,2.26
C_prose_ngram,election,176,y,115,49,12,0,14.3,16.4,7.8,0.0,12,3,BA055,BE007,BA023,n,,0.193,0.028,books,1.14
C_prose_ngram,presidential,176,y,109,54,12,1,13.6,18.1,7.8,2.9,9,3,BA100,BA097,CA439,n,,0.131,0.006,books,1.33
C_prose_ngram,resolution,176,y,99,69,6,2,12.3,23.1,3.9,5.7,11,3,BD034,BA057,BD028,n,,0.193,0.011,books,1.87
C_prose_ngram,work,176,y,65,74,33,4,8.1,24.7,21.6,11.4,11,4,BD054,BD053,BB012,n,,0.153,0.028,books,3.06
C_prose_ngram,laws,175,y,81,68,23,3,10.1,22.7,15.0,8.6,12,4,BD059,BD053,BB027,n,,0.149,0.051,books,2.25
C_prose_ngram,despite,174,y,114,41,14,5,14.2,13.7,9.2,14.3,10,4,BD054,BA057,BA078,n,,0.201,0.029,biography,0.97
C_prose_ngram,need,174,y,96,56,20,2,12.0,18.7,13.1,5.7,12,3,BA032,BA100,BA055,n,,0.184,0.029,books,1.57
C_prose_ngram,later,170,y,84,53,20,13,10.5,17.7,13.1,37.1,11,4,BA032,BD054,CA434,n,,0.135,0.018,biography,1.69
C_prose_ngram,doctrine,169,y,113,47,5,4,14.1,15.7,3.3,11.4,11,4,BA032,BA100,BD034,n,,0.136,0.018,books,1.12
C_prose_ngram,article,167,y,89,68,7,3,11.1,22.7,4.6,8.6,12,4,BA100,BD034,BB028,n,,0.186,0.012,books,2.05
C_prose_ngram,best,167,y,74,49,38,6,9.2,16.4,24.8,17.1,11,4,BD034,BB012,BD021,n,,0.126,0.018,speeches,1.78
C_prose_ngram,officials,167,y,92,59,16,0,11.5,19.7,10.5,0.0,11,3,BA032,BD053,BA036,n,,0.168,0.024,books,1.72
C_prose_ngram,code,165,y,93,65,6,1,11.6,21.7,3.9,2.9,11,3,BD053,BD054,BB028,n,,0.303,0.042,books,1.88
C_prose_ngram,ruling,165,y,91,70,3,1,11.3,23.4,2.0,2.9,12,3,BA032,BA036,BA057,n,,0.139,0.018,books,2.07
C_prose_ngram,independence,164,y,78,51,31,4,9.7,17.1,20.3,11.4,10,4,BD059,BD034,BD054,n,,0.104,0.012,speeches,1.76
C_prose_ngram,address,163,y,26,62,72,3,3.2,20.7,47.1,8.6,11,4,BD059,BD054,BD053,n,,0.147,0.031,speeches,6.4
C_prose_ngram,general,163,y,84,61,15,3,10.5,20.4,9.8,8.6,11,4,BD034,BA057,BA097,n,,0.184,0.025,books,1.95
C_prose_ngram,argument,161,y,86,64,9,2,10.7,21.4,5.9,5.7,11,3,BD053,BA057,BD054,n,,0.13,0.019,books,2.0
C_prose_ngram,business,160,y,63,55,36,6,7.8,18.4,23.5,17.1,11,4,BD054,BD053,BB012,n,,0.15,0.031,speeches,2.34
C_prose_ngram,days,160,y,74,54,29,3,9.2,18.1,19.0,8.6,11,4,BD054,BD070,BA097,n,,0.163,0.019,speeches,1.96
C_prose_ngram,given,160,y,78,52,25,5,9.7,17.4,16.3,14.3,11,4,BD053,BA036,BB031,n,,0.106,0.0,books,1.79
C_prose_ngram,country,159,y,53,60,41,5,6.6,20.1,26.8,14.3,10,4,BB012,BD053,BA078,n,,0.094,0.025,speeches,3.04
C_prose_ngram,social,159,y,74,50,32,3,9.2,16.7,20.9,8.6,10,4,BD059,BD054,BD053,n,,0.138,0.006,speeches,1.81
C_prose_ngram,family,157,y,77,42,32,6,9.6,14.0,20.9,17.1,11,4,BB012,BD053,BD056,n,,0.197,0.025,speeches,1.46
C_prose_ngram,role,157,y,67,56,27,7,8.3,18.7,17.6,20.0,11,4,BD059,BA032,BD054,n,,0.159,0.006,biography,2.24
C_prose_ngram,judge,155,y,75,58,19,3,9.3,19.4,12.4,8.6,11,4,BD054,BA032,BD039,n,,0.174,0.045,books,2.08
C_prose_ngram,prior,154,y,111,29,12,2,13.8,9.7,7.8,5.7,8,3,BA036,BA100,BA078,n,,0.136,0.013,columns,0.7
C_prose_ngram,poor,153,y,52,62,37,2,6.5,20.7,24.2,5.7,10,3,BD059,BB012,BD056,n,,0.085,0.007,speeches,3.2
C_prose_ngram,order,152,y,73,67,12,0,9.1,22.4,7.8,0.0,11,3,BD034,BA057,BA100,n,,0.178,0.013,books,2.46
C_prose_ngram,history,151,y,76,43,27,5,9.5,14.4,17.6,14.3,9,4,BA032,BA097,CA432,n,,0.139,0.02,speeches,1.52
C_prose_ngram,program,151,y,59,56,32,4,7.3,18.7,20.9,11.4,12,4,BD034,BD053,BD059,n,,0.159,0.026,speeches,2.55
C_prose_ngram,foundation,149,y,66,38,41,4,8.2,12.7,26.8,11.4,9,4,SD016,SA052,BD053,n,,0.054,0.0,speeches,1.55
C_prose_ngram,inquirer,149,y,47,83,16,3,5.9,27.8,10.5,8.6,7,4,BD034,BA036,BA006,n,,0.141,0.027,books,4.74
C_prose_ngram,criminal,148,y,109,33,6,0,13.6,11.0,3.9,0.0,9,3,BA057,CA444,CA440,n,,0.223,0.034,columns,0.81
C_prose_ngram,faith,147,y,45,67,31,4,5.6,22.4,20.3,11.4,11,4,BD034,BB012,BA078,y,faith_journey,0.095,0.0,books,4.0
C_prose_ngram,house,146,y,92,39,12,3,11.5,13.0,7.8,8.6,11,4,BA036,BD034,BD054,n,,0.068,0.007,books,1.14
C_prose_ngram,rule of law,146,y,81,34,26,5,10.1,11.4,17.0,14.3,11,4,BD059,BD034,BD053,y,rule_of_law,0.144,0.0,speeches,1.13
C_prose_ngram,carpio,145,y,95,28,18,4,11.8,9.4,11.8,11.4,8,4,CA440,CA432,CC106,n,,0.083,0.007,columns,0.79
C_prose_ngram,petition,145,y,80,62,3,0,10.0,20.7,2.0,0.0,10,3,BD058,BA080,BA091,n,,0.166,0.014,books,2.08
C_prose_ngram,questions,145,y,72,59,11,3,9.0,19.7,7.2,8.6,12,4,BA036,BD028,BA097,n,,0.131,0.021,books,2.2
C_prose_ngram,separate,145,y,72,66,5,2,9.0,22.1,3.3,5.7,11,3,BA036,BA100,BA041,n,,0.2,0.021,books,2.46
C_prose_ngram,respect,144,y,38,91,14,1,4.7,30.4,9.2,2.9,7,3,BD034,BA006,CA432,n,,0.104,0.007,books,6.43
C_prose_ngram,aquino,143,y,98,24,19,2,12.2,8.0,12.4,5.7,8,3,BA036,BB012,CA435,n,,0.126,0.028,speeches,0.66
C_prose_ngram,education,143,y,61,47,31,4,7.6,15.7,20.3,11.4,11,4,BD034,BD053,CA434,n,,0.14,0.028,speeches,2.07
C_prose_ngram,marcos,143,y,106,28,8,1,13.2,9.4,5.2,2.9,10,3,CA440,CA187,BA057,n,,0.154,0.007,columns,0.71
C_prose_ngram,board,142,y,72,32,36,2,9.0,10.7,23.5,5.7,10,3,BD053,SD016,BB012,n,,0.155,0.035,speeches,1.19
C_prose_ngram,duty,142,y,61,66,15,0,7.6,22.1,9.8,0.0,12,3,BD054,BA041,BB028,n,,0.176,0.035,books,2.91
C_prose_ngram,held,141,y,43,83,14,1,5.4,27.8,9.2,2.9,10,3,BA032,BA036,BA057,n,,0.227,0.014,books,5.18
C_prose_ngram,merely,141,y,50,78,12,1,6.2,26.1,7.8,2.9,11,3,BA032,BA036,BA041,n,,0.184,0.021,books,4.19
C_prose_ngram,death,140,y,70,42,19,9,8.7,14.0,12.4,25.7,11,4,BA032,BA041,CA432,n,,0.143,0.036,biography,1.61
C_prose_ngram,final,139,y,79,43,14,3,9.8,14.4,9.2,8.6,11,4,BA036,CA039,BB027,n,,0.187,0.036,books,1.46
C_prose_ngram,information,139,y,69,64,5,1,8.6,21.4,3.3,2.9,12,3,BD034,BD053,BA057,n,,0.187,0.022,books,2.49
C_prose_ngram,school,138,y,65,34,31,8,8.1,11.4,20.3,22.9,10,4,BD034,BD021,BC045,n,,0.116,0.0,biography,1.4
C_prose_ngram,authority,137,y,71,55,11,0,8.8,18.4,7.2,0.0,11,3,BD059,BB027,BB028,n,,0.19,0.029,books,2.08
C_prose_ngram,discretion,136,y,71,58,6,1,8.8,19.4,3.9,2.9,11,3,BA032,BD053,BD034,n,,0.154,0.015,books,2.19
C_prose_ngram,liberty and prosperity,136,y,64,37,33,2,8.0,12.4,21.6,5.7,2,3,BD059,BD062,BD060,y,twin_beacons_doctrine,0.088,0.0,speeches,1.55
C_prose_ngram,bank,135,y,63,43,25,4,7.8,14.4,16.3,11.4,10,4,BD053,BD034,BD056,n,,0.156,0.03,speeches,1.83
C_prose_ngram,foreign,134,y,77,42,14,1,9.6,14.0,9.2,2.9,10,3,BA032,BB027,BB038,n,,0.157,0.03,books,1.46
C_prose_ngram,majority,134,y,76,48,10,0,9.5,16.1,6.5,0.0,11,3,BA100,BA057,BA041,n,,0.127,0.015,books,1.7
C_prose_ngram,required,134,y,79,50,5,0,9.8,16.7,3.3,0.0,8,3,BD053,CA039,BD058,n,,0.179,0.015,books,1.7
C_prose_ngram,filed,133,y,85,46,1,1,10.6,15.4,0.7,2.9,10,2,CA039,BD058,BD028,n,,0.218,0.023,books,1.45
C_prose_ngram,city,132,y,67,39,22,4,8.3,13.0,14.4,11.4,10,4,BD034,BD053,BA097,n,,0.167,0.023,speeches,1.56
C_prose_ngram,human,132,y,55,58,15,4,6.8,19.4,9.8,11.4,12,4,BD059,BD034,BD054,n,,0.136,0.023,books,2.83
C_prose_ngram,independent,130,y,68,38,22,2,8.5,12.7,14.4,5.7,9,3,BD053,BD034,BA077,n,,0.146,0.038,speeches,1.5
C_prose_ngram,jose,130,y,71,36,17,6,8.8,12.0,11.1,17.1,9,4,BD059,BA078,BB012,n,,0.146,0.023,biography,1.36
C_prose_ngram,retired,130,y,78,25,26,1,9.7,8.4,17.0,2.9,9,3,BD049,CA433,CA393,n,,0.115,0.031,speeches,0.86
C_prose_ngram,service,130,y,61,49,15,5,7.6,16.4,9.8,14.3,12,4,BD054,BD070,BD039,n,,0.154,0.008,books,2.16
C_prose_ngram,review,129,y,66,58,4,1,8.2,19.4,2.6,2.9,11,3,BA036,BD053,BD028,n,,0.14,0.023,books,2.36
C_prose_ngram,davide,128,y,38,71,16,3,4.7,23.7,10.5,8.6,11,4,BD034,BD059,BD054,n,,0.133,0.016,books,5.02
C_prose_ngram,action,127,y,40,65,18,4,5.0,21.7,11.8,11.4,12,4,BD034,BD059,BD053,n,,0.142,0.016,books,4.36
C_prose_ngram,free,127,y,54,54,17,2,6.7,18.1,11.1,5.7,11,3,BA032,BD034,BD054,n,,0.197,0.024,books,2.69
C_prose_ngram,freedom,127,y,67,35,24,1,8.3,11.7,15.7,2.9,10,3,BD059,BD060,BD054,n,,0.102,0.016,speeches,1.4
C_prose_ngram,million,127,y,58,50,17,2,7.2,16.7,11.1,5.7,11,3,BD053,CA440,BD070,n,,0.181,0.024,books,2.32
C_prose_ngram,plus,127,y,53,63,11,0,6.6,21.1,7.2,0.0,11,3,BD053,BD034,BA032,n,,0.181,0.024,books,3.19
C_prose_ngram,defense,126,y,87,35,1,3,10.8,11.7,0.7,8.6,11,3,BA057,BD053,BB027,n,,0.214,0.032,books,1.08
C_prose_ngram,abuse,125,y,55,62,8,0,6.8,20.7,5.2,0.0,11,3,BA032,BD053,BD034,n,,0.144,0.008,books,3.03
C_prose_ngram,standard,125,y,51,58,15,1,6.4,19.4,9.8,2.9,11,3,BD034,BA032,BA100,n,,0.208,0.032,books,3.05
C_prose_ngram,practice,124,y,62,46,11,5,7.7,15.4,7.2,14.3,12,4,BD034,BD059,BD053,n,,0.153,0.016,books,1.99
C_prose_ngram,development,123,y,49,51,23,0,6.1,17.1,15.0,0.0,11,3,BD034,BD056,BB031,n,,0.122,0.016,books,2.8
C_prose_ngram,distinction,123,y,78,34,7,4,9.7,11.4,4.6,11.4,11,4,BA036,BD053,BD058,n,,0.203,0.008,biography,1.17
C_prose_ngram,opinion,123,y,51,65,5,2,6.4,21.7,3.3,5.7,11,3,BA100,BD059,BA041,n,,0.171,0.016,books,3.42
C_prose_ngram,counsel,122,y,64,39,15,4,8.0,13.0,9.8,11.4,11,4,BA057,BB031,BB027,n,,0.156,0.016,books,1.64
C_prose_ngram,media,122,y,75,38,8,1,9.3,12.7,5.2,2.9,11,3,BD059,BA036,BD037,n,,0.197,0.033,books,1.36
C_prose_ngram,policy,121,y,56,55,8,2,7.0,18.4,5.2,5.7,11,3,BA032,BD059,BD053,n,,0.149,0.033,books,2.64
C_prose_ngram,issues,120,y,57,57,5,1,7.1,19.1,3.3,2.9,11,3,BD028,BB027,BB028,n,,0.167,0.058,books,2.69
C_prose_ngram,january,120,y,33,57,24,6,4.1,19.1,15.7,17.1,11,4,BD034,BA036,BA078,n,,0.192,0.025,books,4.64
C_prose_ngram,special,120,y,54,40,22,4,6.7,13.4,14.4,11.4,11,4,BA057,BA077,BA080,n,,0.175,0.05,speeches,1.99
C_prose_ngram,failed,119,y,56,46,14,3,7.0,15.4,9.2,8.6,10,4,BA032,BA057,BA100,n,,0.21,0.0,books,2.21
C_prose_ngram,jurisprudence,119,y,65,43,7,4,8.1,14.4,4.6,11.4,9,4,BD059,BD034,BD054,n,,0.202,0.017,books,1.78
C_prose_ngram,member,119,y,58,35,23,3,7.2,11.7,15.0,8.6,11,4,BD070,BD039,BD021,n,,0.118,0.008,speeches,1.62
C_prose_ngram,term,119,y,71,31,15,2,8.8,10.4,9.8,5.7,8,3,BD059,CA440,BD028,n,,0.126,0.017,books,1.17
C_prose_ngram,cause,118,y,76,33,9,0,9.5,11.0,5.9,0.0,10,3,BA057,BB028,BA069,n,,0.212,0.008,books,1.17
C_prose_ngram,facts,117,y,54,59,4,0,6.7,19.7,2.6,0.0,11,3,BA036,BA041,BA100,n,,0.239,0.034,books,2.93
C_prose_ngram,failure,117,y,73,35,9,0,9.1,11.7,5.9,0.0,11,3,BA057,CA035,BD028,n,,0.222,0.034,books,1.29
C_prose_ngram,framing,117,y,78,26,3,10,9.7,8.7,2.0,28.6,10,4,CA432,CA434,BA057,n,,0.197,0.009,biography,0.9
C_prose_ngram,opening,117,y,44,51,18,4,5.5,17.1,11.8,11.4,12,4,BB031,BD064,BA041,n,,0.162,0.026,books,3.11
C_prose_ngram,used,117,y,59,44,13,1,7.3,14.7,8.5,2.9,11,3,BA032,BA100,BA097,n,,0.171,0.06,books,2.0
C_prose_ngram,earlier,116,y,44,64,7,1,5.5,21.4,4.6,2.9,11,3,BD054,BD028,BA097,n,,0.164,0.009,books,3.91
C_prose_ngram,present,116,y,47,51,17,1,5.9,17.1,11.1,2.9,10,3,BA032,BA036,BA078,n,,0.121,0.0,books,2.91
C_prose_ngram,retirement,116,y,61,21,32,2,7.6,7.0,20.9,5.7,10,3,BD036,CA186,BD049,n,,0.112,0.017,speeches,0.92
C_prose_ngram,appeals,115,y,41,60,10,4,5.1,20.1,6.5,11.4,11,4,BD034,BD028,BB027,n,,0.226,0.0,books,3.93
C_prose_ngram,issue,115,y,63,48,4,0,7.8,16.1,2.6,0.0,9,3,BA057,BA100,BD058,n,,0.113,0.0,books,2.05
C_prose_ngram,jurisdiction,115,y,66,45,4,0,8.2,15.1,2.6,0.0,9,3,BA036,BA057,BD028,n,,0.157,0.0,books,1.83
C_prose_ngram,speech,115,y,58,35,19,3,7.2,11.7,12.4,8.6,11,4,BD034,BA032,CA434,n,,0.113,0.017,speeches,1.62
C_prose_ngram,pending,114,y,72,36,4,2,9.0,12.0,2.6,5.7,11,3,BD059,BD054,BD039,n,,0.193,0.044,books,1.34
C_prose_ngram,administrative,113,y,53,54,5,1,6.6,18.1,3.3,2.9,11,3,BD034,BB027,BD028,n,,0.159,0.027,books,2.74
C_prose_ngram,requires,113,y,58,50,5,0,7.2,16.7,3.3,0.0,10,3,BA100,BD054,BA057,n,,0.168,0.027,books,2.32
C_prose_ngram,committee,112,y,57,44,10,1,7.1,14.7,6.5,2.9,10,3,BD034,BD028,BD064,n,,0.188,0.054,books,2.07
C_prose_ngram,leadership,112,y,42,40,24,6,5.2,13.4,15.7,17.1,10,4,BD034,BD059,BA078,n,,0.134,0.027,biography,2.56
C_prose_ngram,love,112,y,33,37,36,6,4.1,12.4,23.5,17.1,8,4,BB012,BC019,BC036,n,,0.08,0.018,speeches,3.01
C_prose_ngram,book,111,y,41,40,27,3,5.1,13.4,17.6,8.6,11,4,BD070,BD056,SD016,n,,0.099,0.0,speeches,2.62
C_prose_ngram,dean,111,y,50,26,31,4,6.2,8.7,20.3,11.4,9,4,BD054,CA434,SA052,n,,0.054,0.009,speeches,1.4
C_prose_ngram,framework,111,y,81,12,18,0,10.1,4.0,11.8,0.0,7,3,CA440,CA430,BD060,n,,0.153,0.027,speeches,0.4
C_prose_ngram,lawyer,111,y,60,28,19,4,7.5,9.4,12.4,11.4,10,4,BD021,BD036,BD039,n,,0.198,0.036,speeches,1.25
C_prose_ngram,philosophy,111,y,43,27,36,5,5.4,9.0,23.5,14.3,9,4,BD059,BD034,SD016,n,,0.045,0.018,speeches,1.69
C_prose_ngram,reform,111,y,42,55,12,2,5.2,18.4,7.8,5.7,10,3,BD053,BD034,BD059,n,,0.135,0.027,books,3.52
C_prose_ngram,support,110,y,57,38,9,6,7.1,12.7,5.9,17.1,10,4,BA078,BA036,BD039,n,,0.182,0.009,biography,1.79
C_prose_ngram,times,110,y,48,27,31,4,6.0,9.0,20.3,11.4,9,4,BD070,BA097,BA041,n,,0.136,0.036,speeches,1.51
C_prose_ngram,impeachment,109,y,78,27,2,2,9.7,9.0,1.3,5.7,8,2,BA036,CA035,CA039,y,impeachment_accountability,0.055,0.0,columns,0.93
C_prose_ngram,tribute,109,y,54,16,38,1,6.7,5.4,24.8,2.9,10,3,BD021,SC007,SD087,n,,0.128,0.046,speeches,0.8
C_prose_ngram,accused,108,y,67,37,4,0,8.3,12.4,2.6,0.0,10,3,BA057,BA092,BA080,n,,0.157,0.046,books,1.48
C_prose_ngram,party,108,y,53,45,8,2,6.6,15.1,5.2,5.7,12,3,BA032,BD059,BA080,n,,0.231,0.028,books,2.28
C_prose_ngram,powers,108,y,64,38,6,0,8.0,12.7,3.9,0.0,10,3,BA100,BB027,CA440,n,,0.093,0.019,books,1.59
C_prose_ngram,elections,107,y,60,37,7,3,7.5,12.4,4.6,8.6,11,4,BA032,BA055,BA053,n,,0.215,0.028,books,1.66
C_prose_ngram,high,107,y,49,35,21,2,6.1,11.7,13.7,5.7,10,3,BD054,CA434,BD062,n,,0.103,0.009,speeches,1.92
C_prose_ngram,judgment,107,y,51,51,4,1,6.4,17.1,2.6,2.9,11,3,BA032,BA057,BA100,n,,0.243,0.037,books,2.69
C_prose_ngram,october,107,y,28,45,31,3,3.5,15.1,20.3,8.6,12,4,BD053,BB031,BD039,n,,0.14,0.037,speeches,4.32
C_prose_ngram,states,107,y,54,49,4,0,6.7,16.4,2.6,0.0,10,3,BD059,BD053,BD034,n,,0.168,0.019,books,2.44
C_prose_ngram,account,106,y,18,79,8,1,2.2,26.4,5.2,2.9,12,3,BA057,BD028,BB013,n,,0.208,0.038,books,11.79
C_prose_ngram,grave,106,y,44,54,7,1,5.5,18.1,4.6,2.9,11,3,BA032,BB027,BD053,n,,0.151,0.019,books,3.3
C_prose_ngram,strict,106,y,44,36,21,5,5.5,12.0,13.7,14.3,9,4,BD059,BB031,BD039,n,,0.17,0.009,biography,2.2
C_prose_ngram,test,106,y,57,41,7,1,7.1,13.7,4.6,2.9,11,3,BA036,BD053,BA057,n,,0.179,0.009,books,1.93
C_prose_ngram,better,105,y,53,38,11,3,6.6,12.7,7.2,8.6,10,4,BD054,BB027,BD049,n,,0.21,0.029,books,1.93
C_prose_ngram,money,105,y,40,44,18,3,5.0,14.7,11.8,8.6,10,4,BD054,BD053,BD059,n,,0.238,0.048,books,2.95
C_prose_ngram,seven,105,y,37,50,15,3,4.6,16.7,9.8,8.6,11,4,BD054,BD070,BA077,n,,0.171,0.01,books,3.63
C_prose_ngram,acts,104,y,52,42,8,2,6.5,14.0,5.2,5.7,10,3,BA036,BA100,BB028,n,,0.163,0.019,books,2.17
C_prose_ngram,children,104,y,44,31,24,5,5.5,10.4,15.7,14.3,10,4,BB012,BC045,SD016,y,family_and_marriage,0.096,0.0,speeches,1.89
C_prose_ngram,commission,104,y,52,41,9,2,6.5,13.7,5.9,5.7,11,3,BD039,BD037,BD061,n,,0.106,0.01,books,2.12
C_prose_ngram,corruption,104,y,41,40,22,1,5.1,13.4,14.4,2.9,9,3,BD059,BD053,BD054,n,,0.144,0.029,speeches,2.62
C_prose_ngram,dissent,104,y,48,52,4,0,6.0,17.4,2.6,0.0,10,3,BA032,BA057,BA100,n,,0.154,0.019,books,2.91
C_prose_ngram,granted,104,y,58,33,12,1,7.2,11.0,7.8,2.9,9,3,CA432,BD028,CA439,n,,0.183,0.019,books,1.53
C_prose_ngram,honor,104,y,39,32,28,5,4.9,10.7,18.3,14.3,10,4,BD054,BD034,BD059,n,,0.096,0.019,speeches,2.2
C_prose_ngram,military,104,y,58,35,8,3,7.2,11.7,5.2,8.6,10,4,BA100,BA036,BA078,n,,0.115,0.01,books,1.62
C_prose_ngram,real,104,y,45,45,12,2,5.6,15.1,7.8,5.7,11,3,BA041,BB012,BD062,n,,0.192,0.019,books,2.69
C_prose_ngram,transparency,104,y,34,59,10,1,4.2,19.7,6.5,2.9,10,3,BD034,BD037,BD028,n,,0.212,0.019,books,4.66
C_prose_ngram,votes,104,y,55,42,4,3,6.8,14.0,2.6,8.6,8,4,BD028,BA055,CA322,n,,0.163,0.038,books,2.05
C_prose_ngram,written,104,y,39,48,15,2,4.9,16.1,9.8,5.7,11,3,BD034,BD028,BA100,n,,0.212,0.0,books,3.31
C_prose_ngram,asked,103,y,28,48,24,3,3.5,16.1,15.7,8.6,10,4,BD054,BD070,BD021,n,,0.146,0.039,books,4.6
C_prose_ngram,months,103,y,59,30,12,2,7.3,10.0,7.8,5.7,10,3,BD059,BD054,BD070,n,,0.175,0.019,books,1.37
C_prose_ngram,council,102,y,36,37,22,7,4.5,12.4,14.4,20.0,8,4,BD034,BD053,BC045,n,,0.127,0.02,biography,2.76
C_prose_ngram,example,102,y,52,35,14,1,6.5,11.7,9.2,2.9,8,3,BD034,BD054,BD055,n,,0.147,0.069,books,1.81
C_prose_ngram,leaders,102,y,47,33,19,3,5.9,11.0,12.4,8.6,10,4,BD034,BC043,SA052,n,,0.108,0.01,speeches,1.89
C_prose_ngram,limited,102,y,53,40,9,0,6.6,13.4,5.9,0.0,11,3,BD059,BA100,BB027,n,,0.118,0.01,books,2.03
C_prose_ngram,model,102,y,48,36,16,2,6.0,12.0,10.5,5.7,9,3,BD059,BD054,BD053,n,,0.108,0.02,books,2.01
C_prose_ngram,past,102,y,47,36,16,3,5.9,12.0,10.5,8.6,9,4,BD059,BA036,CA434,n,,0.108,0.029,books,2.06
C_prose_ngram,future,101,y,51,28,17,5,6.4,9.4,11.1,14.3,10,4,BA032,CA444,CC101,n,,0.109,0.02,biography,1.47
C_prose_ngram,open,101,y,58,34,7,2,7.2,11.4,4.6,5.7,10,3,BD059,BD034,BD037,n,,0.149,0.03,books,1.57
C_prose_ngram,answer,100,y,39,54,3,4,4.9,18.1,2.0,11.4,11,4,BA057,BA078,BD070,n,,0.16,0.03,books,3.72
C_prose_ngram,estrada,100,y,73,20,4,3,9.1,6.7,2.6,8.6,7,4,BA036,BA078,BA080,n,,0.11,0.01,columns,0.74
C_prose_ngram,holding,100,y,28,67,4,1,3.5,22.4,2.6,2.9,10,3,BA057,BA080,BA091,n,,0.16,0.01,books,6.43
C_prose_ngram,jesus,100,y,42,26,28,4,5.2,8.7,18.3,11.4,10,4,CA434,BD034,CC006,n,,0.07,0.01,speeches,1.66
C_prose_ngram,moral,100,y,39,43,12,6,4.9,14.4,7.8,17.1,12,4,BD034,BD054,BD059,n,,0.2,0.04,biography,2.96
C_prose_ngram,parties,100,y,51,46,3,0,6.4,15.4,2.0,0.0,9,3,BA057,BB028,BD054,n,,0.21,0.01,books,2.42
C_prose_ngram,alleged,99,y,60,36,3,0,7.5,12.0,2.0,0.0,10,3,BA057,BA100,BD058,n,,0.192,0.051,books,1.61
C_prose_ngram,center,99,y,39,37,19,4,4.9,12.4,12.4,11.4,10,4,BB012,BD070,BD039,n,,0.172,0.02,speeches,2.55
C_prose_ngram,november,99,y,32,39,27,1,4.0,13.0,17.6,2.9,10,3,BD034,BD059,BD053,n,,0.192,0.03,speeches,3.27
C_prose_ngram,prosecution,99,y,79,19,1,0,9.8,6.4,0.7,0.0,9,2,BA057,BA080,BA092,n,,0.222,0.03,columns,0.65
C_prose_ngram,status,99,y,74,19,5,1,9.2,6.4,3.3,2.9,9,3,CA039,BA039,BB013,n,,0.232,0.04,columns,0.69
C_prose_ngram,december,98,y,22,47,25,4,2.7,15.7,16.3,11.4,10,4,BD059,BD053,BA097,n,,0.122,0.02,speeches,5.74
C_prose_ngram,group,98,y,51,21,24,2,6.4,7.0,15.7,5.7,9,3,BD054,SD082,BD039,n,,0.163,0.02,speeches,1.11
C_prose_ngram,land,98,y,53,25,19,1,6.6,8.4,12.4,2.9,9,3,BB012,BD062,CA420,n,,0.112,0.0,speeches,1.27
C_prose_ngram,trust,98,y,51,35,10,2,6.4,11.7,6.5,5.7,9,3,BD034,BD053,BA097,n,,0.153,0.0,books,1.84
C_prose_ngram,basis,97,y,57,32,7,1,7.1,10.7,4.6,2.9,11,3,BA100,BA041,BA080,n,,0.155,0.021,books,1.51
C_prose_ngram,china,97,y,77,8,10,2,9.6,2.7,6.5,5.7,4,3,CD027,CA420,CA314,n,,0.124,0.031,columns,0.28
C_prose_ngram,denied,97,y,49,39,6,3,6.1,13.0,3.9,8.6,10,4,BA057,BD058,BA092,n,,0.216,0.031,books,2.14
C_prose_ngram,make,97,y,34,46,15,2,4.2,15.4,9.8,5.7,8,3,BD059,BD053,CA440,n,,0.134,0.021,books,3.63
C_prose_ngram,management,97,y,34,44,18,1,4.2,14.7,11.8,2.9,11,3,BD053,BD059,BD064,n,,0.155,0.031,books,3.48
C_prose_ngram,poverty,97,y,38,27,29,3,4.7,9.0,19.0,8.6,8,4,BB012,BD056,SA052,n,,0.082,0.0,speeches,1.91
C_prose_ngram,antonio,96,y,58,16,16,6,7.2,5.4,10.5,17.1,10,4,CA186,CD027,CC047,n,,0.167,0.031,biography,0.74
C_prose_ngram,help,96,y,45,28,21,2,5.6,9.4,13.7,5.7,9,3,BD036,SB075,BD037,n,,0.125,0.021,speeches,1.67
C_prose_ngram,original,96,y,68,15,13,0,8.5,5.0,8.5,0.0,9,3,CA187,CA426,BB019,n,,0.167,0.0,speeches,0.59
C_prose_ngram,sept,96,y,88,7,1,0,11.0,2.3,0.7,0.0,3,2,CA429,CA428,CA374,n,,0.271,0.042,columns,0.21
C_prose_ngram,thesis,96,y,50,27,13,6,6.2,9.0,8.5,17.1,11,4,BD034,BB012,BD037,n,,0.125,0.01,biography,1.45
C_prose_ngram,took,96,y,40,43,11,2,5.0,14.4,7.2,5.7,11,3,BD059,BA036,BD028,n,,0.188,0.021,books,2.89
C_prose_ngram,long,95,y,37,41,13,4,4.6,13.7,8.5,11.4,11,4,BA041,BD070,BD036,n,,0.105,0.011,books,2.98
C_prose_ngram,makati,95,y,51,23,18,3,6.4,7.7,11.8,8.6,9,4,BD053,SD016,BD039,n,,0.126,0.021,speeches,1.21
C_prose_ngram,opinions,95,y,41,43,7,4,5.1,14.4,4.6,11.4,10,4,BA036,BA041,BD028,n,,0.074,0.011,books,2.82
C_prose_ngram,place,95,y,45,32,16,2,5.6,10.7,10.5,5.7,11,3,BD053,BD036,BB012,n,,0.126,0.011,books,1.91
C_prose_ngram,possible,95,y,49,33,11,2,6.1,11.0,7.2,5.7,10,3,BA041,BA100,BA057,n,,0.189,0.032,books,1.81
C_prose_ngram,shall,95,y,58,20,14,3,7.2,6.7,9.2,8.6,9,4,BA080,CA429,BD064,n,,0.032,0.0,speeches,0.93
C_prose_ngram,subject,95,y,45,45,4,1,5.6,15.1,2.6,2.9,11,3,BA032,BA036,BD059,n,,0.105,0.0,books,2.69
C_prose_ngram,catholic,94,y,38,28,20,8,4.7,9.4,13.1,22.9,9,4,BC045,BB012,SA052,y,faith_journey,0.064,0.0,biography,1.98
C_prose_ngram,change,94,y,47,38,8,1,5.9,12.7,5.2,2.9,9,3,BD034,CA440,BB012,n,,0.096,0.011,books,2.17
C_prose_ngram,clear,94,y,38,45,9,2,4.7,15.1,5.9,5.7,11,3,BA032,BD034,BA036,n,,0.149,0.011,books,3.18
C_prose_ngram,total,94,y,46,29,15,4,5.7,9.7,9.8,11.4,10,4,BB012,CA432,CA187,n,,0.17,0.021,biography,1.69
C_prose_ngram,claim,93,y,44,43,4,2,5.5,14.4,2.6,5.7,11,3,BA036,BA055,BA080,n,,0.172,0.011,books,2.62
C_prose_ngram,early,93,y,44,24,17,8,5.5,8.0,11.1,22.9,10,4,BD054,BC045,BC043,n,,0.172,0.032,biography,1.46
C_prose_ngram,grave abuse,93,y,40,47,6,0,5.0,15.7,3.9,0.0,11,3,BA032,BB027,BD053,n,,0.129,0.011,books,3.16
C_prose_ngram,lord,93,y,27,25,33,8,3.4,8.4,21.6,22.9,9,4,SC081,SA136,BA078,n,,0.086,0.054,biography,2.49
C_prose_ngram,page,93,y,66,20,5,2,8.2,6.7,3.3,5.7,11,3,BD034,BA057,BD053,n,,0.183,0.022,columns,0.81
C_prose_ngram,proof,93,y,45,40,7,1,5.6,13.4,4.6,2.9,11,3,BA057,BD053,BA080,n,,0.14,0.022,books,2.39
C_prose_ngram,applied,92,y,38,37,16,1,4.7,12.4,10.5,2.9,9,3,BA080,BD058,BA055,n,,0.13,0.0,books,2.61
C_prose_ngram,father,92,y,43,19,25,5,5.4,6.4,16.3,14.3,8,4,BC045,CA434,CC006,n,,0.13,0.022,speeches,1.19
C_prose_ngram,reason,92,y,42,40,8,2,5.2,13.4,5.2,5.7,11,3,BA097,BB031,BD037,n,,0.174,0.011,books,2.56
C_prose_ngram,society,92,y,28,34,27,3,3.5,11.4,17.6,8.6,12,4,BB012,CA434,BC043,n,,0.13,0.011,speeches,3.26
C_prose_ngram,access,91,y,40,32,19,0,5.0,10.7,12.4,0.0,9,3,BD059,BD053,BB031,n,,0.154,0.0,speeches,2.15
C_prose_ngram,arroyo,91,y,44,31,12,4,5.5,10.4,7.8,11.4,10,4,BA032,BA036,BA078,n,,0.066,0.011,biography,1.89
C_prose_ngram,division,91,y,61,24,5,1,7.6,8.0,3.3,2.9,10,3,BA057,BD028,BD058,n,,0.242,0.033,books,1.06
C_prose_ngram,grant,91,y,42,36,12,1,5.2,12.0,7.8,2.9,10,3,BD034,BD039,BB031,n,,0.099,0.011,books,2.3
C_prose_ngram,official,91,y,48,31,12,0,6.0,10.4,7.8,0.0,11,3,BD028,BB028,BD058,n,,0.154,0.033,books,1.73
C_prose_ngram,risk,91,y,68,15,5,3,8.5,5.0,3.3,8.6,8,4,BD054,BA041,CA333,n,,0.143,0.033,biography,0.59
C_prose_ngram,standards,91,y,35,47,8,1,4.4,15.7,5.2,2.9,11,3,BD054,BB028,BA041,n,,0.198,0.044,books,3.61
C_prose_ngram,truth,91,y,40,28,23,0,5.0,9.4,15.0,0.0,11,3,BD054,BD062,BA032,n,,0.176,0.033,speeches,1.88
C_prose_ngram,writing,91,y,38,29,21,3,4.7,9.7,13.7,8.6,9,4,BD070,BD064,BD049,n,,0.099,0.033,speeches,2.05
C_prose_ngram,appointment,90,y,43,28,14,5,5.4,9.4,9.2,14.3,9,4,BD034,BD070,BD061,n,,0.089,0.033,biography,1.75
C_prose_ngram,delay,90,y,38,40,12,0,4.7,13.4,7.8,0.0,12,3,BD059,BD054,BD039,n,,0.167,0.022,books,2.83
C_prose_ngram,doctrinal,90,y,64,21,0,5,8.0,7.0,0.0,14.3,11,3,BA032,CA426,BA092,n,,0.156,0.022,biography,0.88
C_prose_ngram,great,90,y,37,33,17,3,4.6,11.0,11.1,8.6,10,4,BD034,BD056,BD070,n,,0.233,0.056,speeches,2.4
C_prose_ngram,limits,90,y,55,31,3,1,6.8,10.4,2.0,2.9,12,3,BD034,BA100,BA041,n,,0.144,0.033,books,1.51
C_prose_ngram,local,90,y,51,35,4,0,6.4,11.7,2.6,0.0,12,3,BA100,BA055,BB031,n,,0.244,0.056,books,1.84
C_prose_ngram,percent,90,y,16,69,4,1,2.0,23.1,2.6,2.9,9,3,BD053,BD034,BD054,n,,0.156,0.0,books,11.58
C_prose_ngram,ramos,90,y,35,33,17,5,4.4,11.0,11.1,14.3,9,4,BD059,BA032,BD070,n,,0.056,0.0,biography,2.53
C_prose_ngram,record,90,y,52,27,9,2,6.5,9.0,5.9,5.7,9,3,BD059,BD039,BA077,n,,0.133,0.011,books,1.39
C_prose_ngram,specific,90,y,45,31,14,0,5.6,10.4,9.2,0.0,11,3,BD053,CA440,BA041,n,,0.2,0.044,books,1.85
C_prose_ngram,conference,89,y,34,38,15,2,4.2,12.7,9.8,5.7,9,3,BD059,BD053,BD034,n,,0.202,0.034,books,3.0
C_prose_ngram,court of appeals,89,y,21,58,8,2,2.6,19.4,5.2,5.7,11,3,BD034,BD028,BB027,n,,0.247,0.0,books,7.42
C_prose_ngram,especially,89,y,47,25,16,1,5.9,8.4,10.5,2.9,8,3,BD059,BB031,BD070,n,,0.079,0.0,speeches,1.43
C_prose_ngram,peace,89,y,47,26,14,2,5.9,8.7,9.2,5.7,9,3,BA036,BB031,CA430,n,,0.09,0.0,speeches,1.49
C_prose_ngram,republic,89,y,53,32,2,2,6.6,10.7,1.3,5.7,11,2,BA041,CA035,BA080,n,,0.326,0.022,books,1.62
C_prose_ngram,sandiganbayan,89,y,57,28,4,0,7.1,9.4,2.6,0.0,10,3,BA057,BD034,BD028,n,,0.202,0.022,books,1.32
C_prose_ngram,governance,88,y,43,24,18,3,5.4,8.0,11.8,8.6,8,4,BD056,BB031,CA432,n,,0.159,0.023,speeches,1.5
C_prose_ngram,grounds,88,y,50,34,3,1,6.2,11.4,2.0,2.9,11,3,BA057,BA086,BD028,n,,0.193,0.034,books,1.83
C_prose_ngram,having,88,y,18,60,10,0,2.2,20.1,6.5,0.0,11,3,BD058,BA080,BB013,n,,0.216,0.023,books,8.95
C_prose_ngram,major,88,y,36,24,25,3,4.5,8.0,16.3,8.6,12,4,BB012,BD070,BA078,n,,0.136,0.011,speeches,1.79
C_prose_ngram,person,88,y,44,27,15,2,5.5,9.0,9.8,5.7,10,3,CA432,BA092,BA084,n,,0.136,0.045,speeches,1.65
C_prose_ngram,principles,88,y,35,36,17,0,4.4,12.0,11.1,0.0,11,3,BD053,BD062,BA041,n,,0.136,0.023,books,2.76
C_prose_ngram,salonga,88,y,28,24,31,5,3.5,8.0,20.3,14.3,10,4,BD054,CA434,SD016,y,mentors_and_legal_lineage,0.023,0.0,speeches,2.3
C_prose_ngram,security,88,y,49,32,6,1,6.1,10.7,3.9,2.9,11,3,BA084,BA056,CA429,n,,0.182,0.045,books,1.75
C_prose_ngram,wealth,88,y,46,30,11,1,5.7,10.0,7.2,2.9,9,3,BB012,BD060,BD062,n,,0.159,0.034,books,1.75
C_prose_ngram,elected,87,y,46,25,13,3,5.7,8.4,8.5,8.6,10,4,BA055,BA084,CA430,n,,0.138,0.034,biography,1.46
C_prose_ngram,ombudsman,87,y,63,18,6,0,7.8,6.0,3.9,0.0,8,3,CA444,BD034,BA080,n,,0.138,0.034,columns,0.77
C_prose_ngram,principle,87,y,35,30,19,3,4.4,10.0,12.4,8.6,8,4,BD059,BB027,BB038,n,,0.161,0.046,speeches,2.3
C_prose_ngram,billion,86,y,52,23,11,0,6.5,7.7,7.2,0.0,8,3,BB027,CA420,BD060,n,,0.267,0.035,books,1.19
C_prose_ngram,called,86,y,29,40,14,3,3.6,13.4,9.2,8.6,10,4,BD059,BA057,BD039,n,,0.128,0.023,books,3.7
C_prose_ngram,challenge,86,y,46,30,8,2,5.7,10.0,5.2,5.7,11,3,BA100,BB013,CA430,n,,0.163,0.023,books,1.75
C_prose_ngram,february,86,y,24,43,16,3,3.0,14.4,10.5,8.6,10,4,BD036,BB012,BD064,n,,0.151,0.012,books,4.81
C_prose_ngram,historical,86,y,66,9,11,0,8.2,3.0,7.2,0.0,6,3,CA322,CA269,CA053,n,,0.174,0.0,columns,0.37
C_prose_ngram,proposal,86,y,56,20,9,1,7.0,6.7,5.9,2.9,8,3,CA439,BD039,BD058,n,,0.116,0.047,columns,0.96
C_prose_ngram,provisions,86,y,50,29,7,0,6.2,9.7,4.6,0.0,11,3,BA032,BA100,BB013,n,,0.128,0.012,books,1.56
C_prose_ngram,university,86,y,26,20,33,7,3.2,6.7,21.6,20.0,9,4,BC045,SA052,CC006,n,,0.081,0.0,speeches,2.07
C_prose_ngram,allowed,85,y,58,20,6,1,7.2,6.7,3.9,2.9,8,3,BA032,BA100,CA439,n,,0.141,0.012,columns,0.93
C_prose_ngram,definition,85,y,53,19,13,0,6.6,6.4,8.5,0.0,9,3,BA084,BD056,BD039,n,,0.247,0.047,speeches,0.96
C_prose_ngram,duterte,85,y,79,0,6,0,9.8,0.0,3.9,0.0,0,2,CA039,CA236,CA269,n,,0.059,0.0,columns,0.0
C_prose_ngram,line,85,y,39,41,2,3,4.9,13.7,1.3,8.6,11,3,BD053,CA440,BA057,n,,0.129,0.012,books,2.82
C_prose_ngram,penalty,85,y,56,25,2,2,7.0,8.4,1.3,5.7,12,2,BA032,BA092,BA080,n,,0.153,0.012,books,1.2
C_prose_ngram,procedural,85,y,51,32,1,1,6.4,10.7,0.7,2.9,9,2,BA057,BD028,BA080,n,,0.153,0.024,books,1.69
C_prose_ngram,serve,85,y,18,42,21,4,2.2,14.0,13.7,11.4,7,4,BB012,BD059,BD070,n,,0.141,0.059,books,6.27
C_prose_ngram,american,84,y,41,28,12,3,5.1,9.4,7.8,8.6,9,4,BD053,BD060,BA055,n,,0.143,0.012,books,1.83
C_prose_ngram,capital,84,y,53,24,5,2,6.6,8.0,3.3,5.7,12,3,BD053,CA432,CA435,n,,0.143,0.036,books,1.22
C_prose_ngram,control,84,y,39,38,7,0,4.9,12.7,4.6,0.0,10,3,BA032,BB038,BB027,n,,0.131,0.024,books,2.62
C_prose_ngram,democracy,84,y,35,32,15,2,4.4,10.7,9.8,5.7,9,3,BC043,BB012,BB031,n,,0.179,0.024,books,2.46
C_prose_ngram,dismissed,84,y,42,39,2,1,5.2,13.0,1.3,2.9,9,2,BA036,BA100,BD058,n,,0.167,0.012,books,2.49
C_prose_ngram,effective,84,y,43,38,3,0,5.4,12.7,2.0,0.0,10,3,BD053,BD034,BB031,n,,0.202,0.024,books,2.37
C_prose_ngram,mere,84,y,28,46,10,0,3.5,15.4,6.5,0.0,10,3,BA032,BA036,BD054,n,,0.179,0.036,books,4.41
C_prose_ngram,police,84,y,44,38,2,0,5.5,12.7,1.3,0.0,11,2,BA100,BA036,BD053,n,,0.167,0.0,books,2.32
C_prose_ngram,problems,84,y,24,36,23,1,3.0,12.0,15.0,2.9,8,3,BD053,BD039,BD064,n,,0.167,0.036,speeches,4.03
C_prose_ngram,protection,84,y,43,34,7,0,5.4,11.4,4.6,0.0,9,3,BB031,BA080,BB038,n,,0.226,0.024,books,2.12
C_prose_ngram,senior,84,y,53,16,13,2,6.6,5.4,8.5,5.7,8,3,BD054,CA393,CA185,n,,0.107,0.0,speeches,0.81
C_prose_ngram,wife,84,y,34,19,28,3,4.2,6.4,18.3,8.6,6,4,BC045,SD016,SA052,y,family_and_marriage,0.083,0.0,speeches,1.5
C_prose_ngram,award,83,y,49,20,12,2,6.1,6.7,7.8,5.7,10,3,BD053,CD027,SD082,n,,0.157,0.012,speeches,1.1
C_prose_ngram,current,83,y,59,11,13,0,7.3,3.7,8.5,0.0,8,3,CA440,BA097,BD039,n,,0.12,0.024,speeches,0.5
C_prose_ngram,ethical,83,y,30,38,13,2,3.7,12.7,8.5,5.7,11,3,BD034,BD062,BD036,n,,0.193,0.012,books,3.4
C_prose_ngram,global,83,y,43,12,27,1,5.4,4.0,17.6,2.9,6,3,SB075,BD060,SD082,n,,0.133,0.048,speeches,0.75
C_prose_ngram,ground,83,y,38,38,4,3,4.7,12.7,2.6,8.6,10,4,BA036,BA057,BA100,n,,0.157,0.012,books,2.69
C_prose_ngram,means,83,y,31,46,6,0,3.9,15.4,3.9,0.0,10,3,BD054,BA036,BA100,n,,0.145,0.012,books,3.99
C_prose_ngram,parallel,83,y,57,18,5,3,7.1,6.0,3.3,8.6,10,4,BD034,BD070,BB013,n,,0.205,0.0,biography,0.85
C_prose_ngram,requirement,83,y,59,23,1,0,7.3,7.7,0.7,0.0,9,2,BA100,CA333,CA435,n,,0.217,0.012,books,1.05
C_prose_ngram,asia,82,y,30,34,17,1,3.7,11.4,11.1,2.9,10,3,BD053,BD034,BB012,n,,0.146,0.024,books,3.04
C_prose_ngram,basic,82,y,41,22,16,3,5.1,7.4,10.5,8.6,9,4,CA440,CA434,CA430,n,,0.159,0.024,speeches,1.44
C_prose_ngram,conviction,82,y,61,13,3,5,7.6,4.3,2.0,14.3,9,4,BA057,BD034,CA086,n,,0.195,0.024,biography,0.57
C_prose_ngram,late,82,y,38,23,19,2,4.7,7.7,12.4,5.7,9,3,BB012,SD016,SA052,n,,0.134,0.0,speeches,1.63
C_prose_ngram,people's,82,y,41,34,7,0,5.1,11.4,4.6,0.0,11,3,BA032,CA440,BA041,n,,0.122,0.037,books,2.23
C_prose_ngram,read,82,y,20,42,15,5,2.5,14.0,9.8,14.3,11,4,BD034,BD054,BD053,n,,0.146,0.024,biography,5.64
C_prose_ngram,charter,81,y,53,23,5,0,6.6,7.7,3.3,0.0,8,3,BB013,BA053,BA086,n,,0.012,0.0,books,1.17
C_prose_ngram,close,81,y,45,23,12,1,5.6,7.7,7.8,2.9,9,3,CA426,CA393,CD027,n,,0.123,0.012,speeches,1.37
C_prose_ngram,corporate,81,y,33,21,26,1,4.1,7.0,17.0,2.9,8,3,BD053,SD016,BD039,n,,0.198,0.025,speeches,1.71
C_prose_ngram,ethics,81,y,17,38,24,2,2.1,12.7,15.7,5.7,9,3,BD054,BD062,BD053,n,,0.16,0.049,speeches,6.0
C_prose_ngram,institutional,81,y,45,23,8,5,5.6,7.7,5.2,14.3,10,4,BD034,BD053,BD064,n,,0.235,0.025,biography,1.37
C_prose_ngram,legislative,81,y,50,29,2,0,6.2,9.7,1.3,0.0,9,2,BA100,CA440,BA084,n,,0.123,0.0,books,1.56
C_prose_ngram,longer,81,y,47,25,8,1,5.9,8.4,5.2,2.9,8,3,BA032,CA440,BA036,n,,0.21,0.012,books,1.43
C_prose_ngram,needed,81,y,50,19,11,1,6.2,6.4,7.2,2.9,10,3,BA032,BB028,CA435,n,,0.222,0.025,speeches,1.02
C_prose_ngram,precedent,81,y,57,20,0,4,7.1,6.7,0.0,11.4,8,3,CA440,BD059,BA057,n,,0.173,0.037,biography,0.94
C_prose_ngram,proposed,81,y,40,26,14,1,5.0,8.7,9.2,2.9,9,3,BB027,BD039,SA095,n,,0.148,0.012,speeches,1.75
C_prose_ngram,puno,81,y,30,45,6,0,3.7,15.1,3.9,0.0,9,3,BA032,BA036,BA057,n,,0.111,0.0,books,4.03
C_prose_ngram,senators,81,y,62,16,3,0,7.7,5.4,2.0,0.0,8,3,BA036,BA080,CA435,n,,0.111,0.012,columns,0.69
C_prose_ngram,unanimous,81,y,41,35,4,1,5.1,11.7,2.6,2.9,10,3,BA057,BD028,CA039,n,,0.235,0.025,books,2.29
C_prose_ngram,body,80,y,42,29,8,1,5.2,9.7,5.2,2.9,9,3,CA432,BA057,BA055,n,,0.15,0.013,books,1.85
C_prose_ngram,complaint,80,y,51,26,1,2,6.4,8.7,0.7,5.7,9,2,CA039,BD053,BA086,n,,0.175,0.025,books,1.37
C_prose_ngram,director,80,y,34,10,30,6,4.2,3.3,19.6,17.1,8,4,SD016,SD082,SC007,n,,0.163,0.05,speeches,0.79
C_prose_ngram,lost,80,y,46,22,8,4,5.7,7.4,5.2,11.4,11,4,BD053,CA432,BC045,n,,0.15,0.0,biography,1.28
C_prose_ngram,mandate,80,y,35,35,7,3,4.4,11.7,4.6,8.6,10,4,BB027,BB028,BA084,n,,0.163,0.062,books,2.69
C_prose_ngram,mendoza,80,y,43,35,1,1,5.4,11.7,0.7,2.9,10,2,BA036,BA057,BD058,n,,0.125,0.025,books,2.19
C_prose_ngram,passed,80,y,42,19,16,3,5.2,6.4,10.5,8.6,8,4,BA041,BB027,SA020,n,,0.163,0.013,speeches,1.21
C_prose_ngram,relationship,80,y,30,29,21,0,3.7,9.7,13.7,0.0,9,3,BD054,BD059,BD036,n,,0.188,0.075,speeches,2.6
C_prose_ngram,upheld,80,y,39,34,6,1,4.9,11.4,3.9,2.9,9,3,BA032,BA036,BA057,n,,0.163,0.013,books,2.34
C_prose_ngram,voting,80,y,42,32,5,1,5.2,10.7,3.3,2.9,10,3,BA053,BD028,BA055,n,,0.175,0.037,books,2.05
C_prose_ngram,banc,79,y,56,23,0,0,7.0,7.7,0.0,0.0,10,2,BD028,BA057,BD059,n,,0.177,0.013,books,1.1
C_prose_ngram,cabinet,79,y,40,16,19,4,5.0,5.4,12.4,11.4,9,4,BA078,BD070,BD021,n,,0.165,0.038,speeches,1.07
C_prose_ngram,career,79,y,24,21,30,4,3.0,7.0,19.6,11.4,8,4,BD021,BD070,BC046,n,,0.076,0.0,speeches,2.35
C_prose_ngram,congressional,79,y,59,18,2,0,7.3,6.0,1.3,0.0,8,2,BA036,CA440,BA086,n,,0.127,0.013,columns,0.82
C_prose_ngram,denial,79,y,49,26,2,2,6.1,8.7,1.3,5.7,10,2,BA036,BD058,BD028,n,,0.152,0.0,books,1.43
C_prose_ngram,effect,79,y,36,35,4,4,4.5,11.7,2.6,11.4,11,4,BA055,BA080,BB013,n,,0.203,0.025,books,2.61
C_prose_ngram,point,79,y,26,43,7,3,3.2,14.4,4.6,8.6,10,4,BD028,BB013,BA084,n,,0.203,0.013,books,4.44
C_prose_ngram,procedure,79,y,40,36,2,1,5.0,12.0,1.3,2.9,10,2,BA057,BA092,BB031,n,,0.165,0.038,books,2.42
C_prose_ngram,schools,79,y,34,23,16,6,4.2,7.7,10.5,17.1,9,4,SA052,BB012,BD053,n,,0.114,0.013,biography,1.82
C_prose_ngram,short,79,y,36,26,15,2,4.5,8.7,9.8,5.7,9,3,BD059,CA426,CA488,n,,0.19,0.013,speeches,1.94
C_prose_ngram,context,78,y,42,12,21,3,5.2,4.0,13.7,8.6,7,4,BA041,CA420,CA053,n,,0.167,0.026,speeches,0.77
C_prose_ngram,john,78,y,40,23,11,4,5.0,7.7,7.2,11.4,10,4,BD054,BD034,BC045,n,,0.167,0.0,biography,1.54
C_prose_ngram,left,78,y,34,34,6,4,4.2,11.4,3.9,11.4,10,4,BB013,BA084,CA187,n,,0.192,0.038,biography,2.69
C_prose_ngram,motion,78,y,44,32,1,1,5.5,10.7,0.7,2.9,11,2,BA057,BD058,BA080,n,,0.269,0.051,books,1.95
C_prose_ngram,named,78,y,37,16,20,5,4.6,5.4,13.1,14.3,9,4,SD082,CD027,SD044,n,,0.103,0.013,biography,1.16
C_prose_ngram,needs,78,y,30,37,11,0,3.7,12.4,7.2,0.0,11,3,BD036,BB032,CC101,n,,0.154,0.026,books,3.31
C_prose_ngram,projects,78,y,33,24,17,4,4.1,8.0,11.1,11.4,8,4,BD039,BA077,BD062,n,,0.115,0.026,biography,1.95
C_prose_ngram,response,78,y,43,15,18,2,5.4,5.0,11.8,5.7,8,3,BD037,SD082,SA078,n,,0.167,0.038,speeches,0.94
C_prose_ngram,abuse of discretion,77,y,33,39,5,0,4.1,13.0,3.3,0.0,11,3,BD053,BD034,BA084,n,,0.13,0.013,books,3.17
C_prose_ngram,actual,77,y,44,30,3,0,5.5,10.0,2.0,0.0,8,3,BB028,CA426,BA055,n,,0.182,0.0,books,1.83
C_prose_ngram,agreement,77,y,47,27,2,1,5.9,9.0,1.3,2.9,9,2,BB027,BB038,BB033,n,,0.221,0.0,books,1.54
C_prose_ngram,ateneo,77,y,43,7,25,2,5.4,2.3,16.3,5.7,6,3,SD016,SD087,CA434,n,,0.065,0.026,speeches,0.44
C_prose_ngram,citing,77,y,28,43,5,1,3.5,14.4,3.3,2.9,11,3,BD059,BD054,BA057,n,,0.195,0.039,books,4.12
C_prose_ngram,direct,77,y,43,25,6,3,5.4,8.4,3.9,8.6,9,4,CA440,BA100,BA041,n,,0.13,0.026,biography,1.56
C_prose_ngram,filing,77,y,59,17,1,0,7.3,5.7,0.7,0.0,7,2,BD028,BD058,CA435,n,,0.208,0.013,columns,0.77
C_prose_ngram,home,77,y,31,20,22,4,3.9,6.7,14.4,11.4,10,4,BB012,BD034,CE096,n,,0.195,0.026,speeches,1.73
C_prose_ngram,lack,77,y,41,29,7,0,5.1,9.7,4.6,0.0,10,3,BB013,BD039,BD036,n,,0.169,0.013,books,1.9
C_prose_ngram,officers,77,y,42,24,11,0,5.2,8.0,7.2,0.0,8,3,BD059,BA100,BA057,n,,0.247,0.013,books,1.53
C_prose_ngram,prayer,77,y,20,31,19,7,2.5,10.4,12.4,20.0,11,4,BA078,BD034,BC046,n,,0.117,0.013,biography,4.16
C_prose_ngram,presidency,77,y,33,24,14,6,4.1,8.0,9.2,17.1,8,4,BA078,BD070,BA036,n,,0.143,0.026,biography,1.95
C_prose_ngram,unconstitutional,77,y,46,28,2,1,5.7,9.4,1.3,2.9,9,2,BA100,CA440,BA080,n,,0.091,0.0,books,1.63
C_prose_ngram,association,76,y,29,25,20,2,3.6,8.4,13.1,5.7,10,3,BD059,BA097,BD039,n,,0.092,0.026,speeches,2.32
C_prose_ngram,continuing,76,y,28,38,10,0,3.5,12.7,6.5,0.0,10,3,BD034,BD053,BD039,n,,0.105,0.0,books,3.64
C_prose_ngram,excellence,76,y,17,35,20,4,2.1,11.7,13.1,11.4,10,4,BD054,BD034,BC045,n,,0.132,0.013,speeches,5.53
C_prose_ngram,favor,76,y,38,29,9,0,4.7,9.7,5.9,0.0,10,3,BD059,BD054,BA100,n,,0.158,0.039,books,2.05
C_prose_ngram,institutions,76,y,39,24,12,1,4.9,8.0,7.8,2.9,6,3,BD053,BB031,BD064,n,,0.145,0.0,books,1.65
C_prose_ngram,joined,76,y,27,40,9,0,3.4,13.4,5.9,0.0,10,3,BD034,BD059,BA057,n,,0.118,0.013,books,3.98
C_prose_ngram,persons,76,y,33,25,13,5,4.1,8.4,8.5,14.3,9,4,BB031,BD064,BD060,n,,0.184,0.026,biography,2.03
C_prose_ngram,reasonable,76,y,45,28,3,0,5.6,9.4,2.0,0.0,10,3,BA032,BA057,BA080,n,,0.145,0.026,books,1.67
C_prose_ngram,sereno,76,y,68,0,8,0,8.5,0.0,5.2,0.0,0,2,CA035,CA187,CA186,n,,0.092,0.026,columns,0.0
C_prose_ngram,community,75,y,20,32,21,2,2.5,10.7,13.7,5.7,11,3,BB012,BC019,BB031,n,,0.093,0.0,speeches,4.3
C_prose_ngram,countries,75,y,35,24,15,1,4.4,8.0,9.8,2.9,9,3,SB075,BA097,BB027,n,,0.16,0.04,speeches,1.84
C_prose_ngram,daily,75,y,23,29,17,6,2.9,9.7,11.1,17.1,10,4,BD034,BA078,BC019,n,,0.107,0.0,biography,3.39
C_prose_ngram,leader,75,y,36,17,19,3,4.5,5.7,12.4,8.6,8,4,BD054,BD059,CA434,n,,0.04,0.013,speeches,1.27
C_prose_ngram,report,75,y,32,32,10,1,4.0,10.7,6.5,2.9,10,3,BB027,BD039,BD036,n,,0.187,0.027,books,2.69
C_prose_ngram,requirements,75,y,45,28,1,1,5.6,9.4,0.7,2.9,9,2,CA440,BD064,BB031,n,,0.133,0.0,books,1.67
C_prose_ngram,respect vol,75,y,0,75,0,0,0.0,25.1,0.0,0.0,1,1,BA005,BA006,BE003,n,,0.12,0.0,books,inf
C_prose_ngram,vision,75,y,26,29,19,1,3.2,9.7,12.4,2.9,11,3,BD034,BD070,BD062,n,,0.107,0.027,speeches,3.0
C_prose_ngram,accountability,74,y,44,21,9,0,5.5,7.0,5.9,0.0,10,3,BD056,BD037,BD049,n,,0.216,0.0,books,1.28
C_prose_ngram,economy,74,y,36,24,13,1,4.5,8.0,8.5,2.9,8,3,BA032,SB075,BD060,n,,0.122,0.014,speeches,1.79
C_prose_ngram,en banc,74,y,52,22,0,0,6.5,7.4,0.0,0.0,9,2,BD028,BA057,BD059,n,,0.162,0.014,books,1.14
C_prose_ngram,instead,74,y,27,23,21,3,3.4,7.7,13.7,8.6,11,4,CA393,BA005,BB013,n,,0.135,0.014,speeches,2.29
C_prose_ngram,list,74,y,39,21,13,1,4.9,7.0,8.5,2.9,9,3,BA032,BD036,BA005,n,,0.149,0.041,speeches,1.45
C_prose_ngram,making,74,y,25,44,5,0,3.1,14.7,3.3,0.0,9,3,BB027,BD039,BA097,n,,0.216,0.041,books,4.73
C_prose_ngram,period,74,y,35,29,6,4,4.4,9.7,3.9,11.4,10,4,BD028,BD058,BA055,n,,0.108,0.014,biography,2.23
C_prose_ngram,quoted,74,y,40,24,7,3,5.0,8.0,4.6,8.6,9,4,BD053,BD070,BB038,n,,0.176,0.0,biography,1.61
C_prose_ngram,respect vol cjp's,74,y,0,74,0,0,0.0,24.7,0.0,0.0,1,1,BA005,BA006,BE003,n,,0.122,0.0,books,inf
C_prose_ngram,vol cjp's,74,y,0,74,0,0,0.0,24.7,0.0,0.0,1,1,BA005,BA006,BE003,n,,0.122,0.0,books,inf
C_prose_ngram,application,73,y,41,28,4,0,5.1,9.4,2.6,0.0,10,3,BD058,CA039,BA091,n,,0.219,0.041,books,1.83
C_prose_ngram,charge,73,y,34,33,5,1,4.2,11.0,3.3,2.9,10,3,BA080,BD028,BD053,n,,0.123,0.014,books,2.61
C_prose_ngram,college,73,y,34,8,28,3,4.2,2.7,18.3,8.6,6,4,SA052,CA434,SD087,n,,0.151,0.0,speeches,0.63
C_prose_ngram,competence,73,y,37,25,9,2,4.6,8.4,5.9,5.7,10,3,BD054,BD062,BA097,n,,0.055,0.027,books,1.81
C_prose_ngram,proceedings,73,y,43,29,1,0,5.4,9.7,0.7,0.0,10,2,BD059,BA086,BD058,n,,0.192,0.014,books,1.81
C_prose_ngram,united,73,y,35,31,6,1,4.4,10.4,3.9,2.9,10,3,BD059,BD053,BD034,n,,0.192,0.014,books,2.38
C_prose_ngram,august,72,y,21,29,20,2,2.6,9.7,13.1,5.7,11,3,BD034,SA020,BA080,n,,0.097,0.014,speeches,3.71
C_prose_ngram,language,72,y,40,27,4,1,5.0,9.0,2.6,2.9,9,3,BD036,BD039,BB012,n,,0.153,0.014,books,1.81
C_prose_ngram,meeting,72,y,25,19,22,6,3.1,6.4,14.4,17.1,8,4,BC045,BD054,BC039,n,,0.097,0.0,biography,2.04
C_prose_ngram,petitions,72,y,43,27,2,0,5.4,9.0,1.3,0.0,9,2,BA036,BA100,BD034,n,,0.125,0.0,books,1.69
C_prose_ngram,scholarship,72,y,32,8,26,6,4.0,2.7,17.0,17.1,5,4,SD016,SA052,BC045,y,flp_scholarship_programs,0.028,0.0,biography,0.67
C_prose_ngram,speaker,72,y,41,14,16,1,5.1,4.7,10.5,2.9,7,3,CD027,CA053,SA020,n,,0.056,0.014,speeches,0.92
C_prose_ngram,students,72,y,30,23,16,3,3.7,7.7,10.5,8.6,11,4,CA434,SB079,CC006,n,,0.083,0.014,speeches,2.06
C_prose_ngram,view,72,y,41,27,4,0,5.1,9.0,2.6,0.0,10,3,BA036,BA080,BA078,n,,0.111,0.0,books,1.77
C_prose_ngram,absolute,71,y,37,32,1,1,4.6,10.7,0.7,2.9,10,2,BA100,BD059,CA440,n,,0.197,0.0,books,2.32
C_prose_ngram,anniversary,71,y,28,13,26,4,3.5,4.3,17.0,11.4,9,4,BB012,BD054,SC090,n,,0.085,0.0,speeches,1.25
C_prose_ngram,chairman,71,y,15,26,26,4,1.9,8.7,17.0,11.4,8,4,CA434,SD016,SD082,n,,0.141,0.028,speeches,4.66
C_prose_ngram,conduct,71,y,35,34,2,0,4.4,11.4,1.3,0.0,9,2,BD053,BD054,BA041,n,,0.183,0.028,books,2.61
C_prose_ngram,dismissal,71,y,47,23,1,0,5.9,7.7,0.7,0.0,9,2,BA032,BD028,BA091,n,,0.225,0.0,books,1.31
C_prose_ngram,electoral,71,y,43,23,3,2,5.4,7.7,2.0,5.7,10,3,BA055,CA362,BD054,n,,0.254,0.014,books,1.44
C_prose_ngram,filipinos,71,y,39,22,10,0,4.9,7.4,6.5,0.0,10,3,BB012,SA078,BA036,n,,0.239,0.056,books,1.51
C_prose_ngram,important,71,y,28,24,16,3,3.5,8.0,10.5,8.6,9,4,BA041,BD028,BA055,n,,0.169,0.014,speeches,2.3
C_prose_ngram,matter,71,y,29,29,12,1,3.6,9.7,7.8,2.9,10,3,BB013,BA097,BD058,n,,0.169,0.0,books,2.69
C_prose_ngram,programs,71,y,28,25,17,1,3.5,8.4,11.1,2.9,8,3,BD034,BD039,BD049,n,,0.07,0.0,speeches,2.4
C_prose_ngram,senator,71,y,38,20,12,1,4.7,6.7,7.8,2.9,9,3,BD054,BA080,BB028,n,,0.113,0.014,speeches,1.41
C_prose_ngram,church,70,y,28,19,16,7,3.5,6.4,10.5,20.0,8,4,BB012,BA078,BC030,n,,0.143,0.014,biography,1.82
C_prose_ngram,citizens,70,y,45,17,8,0,5.6,5.7,5.2,0.0,7,3,BD054,BA055,BA039,n,,0.157,0.014,books,1.01
C_prose_ngram,funds,70,y,45,20,3,2,5.6,6.7,2.0,5.7,8,3,CA440,BD056,BB038,n,,0.2,0.057,books,1.19
C_prose_ngram,health,70,y,38,21,10,1,4.7,7.0,6.5,2.9,9,3,CC106,CA368,BD055,n,,0.114,0.014,books,1.48
C_prose_ngram,industry,70,y,18,33,16,3,2.2,11.0,10.5,8.6,12,4,BD059,BD054,BD064,n,,0.114,0.043,books,4.92
C_prose_ngram,issued,70,y,35,33,2,0,4.4,11.0,1.3,0.0,10,2,BA100,BD059,BB013,n,,0.2,0.014,books,2.53
C_prose_ngram,know,70,y,30,20,19,1,3.7,6.7,12.4,2.9,11,3,BD054,BD021,BD070,n,,0.157,0.014,speeches,1.79
C_prose_ngram,request,70,y,40,19,9,2,5.0,6.4,5.9,5.7,10,3,CA432,BA078,BB027,n,,0.214,0.014,books,1.28
C_prose_ngram,student,70,y,23,18,25,4,2.9,6.0,16.3,11.4,10,4,BC045,SD016,SA052,n,,0.029,0.0,speeches,2.1
C_prose_ngram,terms,70,y,37,29,4,0,4.6,9.7,2.6,0.0,11,3,BA055,BD028,BB032,n,,0.186,0.029,books,2.1
C_prose_ngram,violation,70,y,36,32,2,0,4.5,10.7,1.3,0.0,10,2,BA100,BA080,BD028,n,,0.214,0.014,books,2.39
C_prose_ngram,voted,70,y,35,25,8,2,4.4,8.4,5.2,5.7,9,3,BA053,BA086,CA322,n,,0.186,0.043,books,1.92
C_prose_ngram,corporation,69,y,18,25,23,3,2.2,8.4,15.0,8.6,10,4,SD016,SB075,BB028,n,,0.246,0.043,speeches,3.73
C_prose_ngram,courage,69,y,18,31,18,2,2.2,10.4,11.8,5.7,11,3,BD054,BD059,BA078,n,,0.087,0.043,speeches,4.63
C_prose_ngram,decide,69,y,27,36,6,0,3.4,12.0,3.9,0.0,9,3,BD054,BA084,BA041,n,,0.101,0.014,books,3.58
C_prose_ngram,exception,69,y,44,23,2,0,5.5,7.7,1.3,0.0,9,2,BA100,BB028,BD028,n,,0.116,0.029,books,1.4
C_prose_ngram,financial,69,y,35,20,12,2,4.4,6.7,7.8,5.7,8,3,BD064,BD060,BD049,n,,0.217,0.058,speeches,1.53
C_prose_ngram,gave,69,y,19,36,13,1,2.4,12.0,8.5,2.9,9,3,BD059,BA057,BA078,n,,0.217,0.029,books,5.09
C_prose_ngram,hearing,69,y,37,23,8,1,4.6,7.7,5.2,2.9,9,3,BD028,BA100,BA082,n,,0.159,0.014,books,1.67
C_prose_ngram,illegal,69,y,37,28,4,0,4.6,9.4,2.6,0.0,9,3,BA057,BA100,BA041,n,,0.275,0.043,books,2.03
C_prose_ngram,mandatory,69,y,35,28,5,1,4.4,9.4,3.3,2.9,9,3,BD034,BD064,BA086,n,,0.217,0.014,books,2.15
C_prose_ngram,month,69,y,41,23,3,2,5.1,7.7,2.0,5.7,10,3,BD059,BD054,BD039,n,,0.174,0.0,books,1.51
C_prose_ngram,return,69,y,39,23,2,5,4.9,7.7,1.3,14.3,8,3,BB027,BA082,BB021,n,,0.232,0.0,biography,1.58
C_prose_ngram,reyes,69,y,45,9,11,4,5.6,3.0,7.2,11.4,6,4,CA434,CA186,CA185,n,,0.072,0.043,biography,0.54
C_prose_ngram,search,69,y,34,29,6,0,4.2,9.7,3.9,0.0,12,3,BD064,BD037,BA041,n,,0.203,0.029,books,2.29
C_prose_ngram,void,69,y,31,36,2,0,3.9,12.0,1.3,0.0,10,2,BA032,BA057,BA091,n,,0.261,0.014,books,3.12
C_prose_ngram,arrest,68,y,51,15,2,0,6.4,5.0,1.3,0.0,9,2,BA057,BA100,BA082,n,,0.147,0.0,columns,0.79
C_prose_ngram,budget,68,y,35,23,8,2,4.4,7.7,5.2,5.7,8,3,BD034,BD054,BD039,n,,0.118,0.0,books,1.76
C_prose_ngram,candidates,68,y,42,20,5,1,5.2,6.7,3.3,2.9,10,3,BA055,BE007,CA458,n,,0.147,0.0,books,1.28
C_prose_ngram,leni,68,y,27,8,29,4,3.4,2.7,19.0,11.4,5,4,BC045,SA052,SA136,y,family_and_marriage,0.029,0.0,speeches,0.8
C_prose_ngram,ponente,68,y,52,12,3,1,6.5,4.0,2.0,2.9,8,3,BA100,CA039,BD028,y,supreme_court_history,0.132,0.0,columns,0.62
C_prose_ngram,position,68,y,33,25,9,1,4.1,8.4,5.9,2.9,10,3,BA041,BA055,BB012,n,,0.176,0.015,books,2.03
C_prose_ngram,property,68,y,35,27,5,1,4.4,9.0,3.3,2.9,11,3,BD053,BD039,BD064,n,,0.206,0.029,books,2.07
C_prose_ngram,unless,68,y,44,20,3,1,5.5,6.7,2.0,2.9,8,3,CA440,CA439,BA092,n,,0.147,0.015,books,1.22
C_prose_ngram,valid,68,y,32,36,0,0,4.0,12.0,0.0,0.0,8,2,BA057,BA100,BA091,n,,0.191,0.015,books,3.02
C_prose_ngram,young,68,y,24,17,25,2,3.0,5.7,16.3,5.7,9,3,BC045,BC039,SD087,n,,0.088,0.015,speeches,1.9
C_prose_ngram,equal,67,y,34,26,7,0,4.2,8.7,4.6,0.0,9,3,BA055,BA056,BD064,n,,0.194,0.03,books,2.05
C_prose_ngram,highest,67,y,25,18,20,4,3.1,6.0,13.1,11.4,8,4,CA434,BB031,SA052,n,,0.209,0.015,speeches,1.93
C_prose_ngram,invitation,67,y,24,19,18,6,3.0,6.4,11.8,17.1,9,4,BD021,BA078,BD056,n,,0.104,0.015,biography,2.13
C_prose_ngram,plunder,67,y,60,6,1,0,7.5,2.0,0.7,0.0,4,2,BA080,CA108,CA410,n,,0.209,0.045,columns,0.27
C_prose_ngram,reading,67,y,22,37,2,6,2.7,12.4,1.3,17.1,9,3,BA055,BA078,BA080,n,,0.209,0.06,biography,4.52
C_prose_ngram,reforms,67,y,33,26,8,0,4.1,8.7,5.2,0.0,9,3,BD059,BD039,BD064,n,,0.134,0.015,books,2.12
C_prose_ngram,responsibility,67,y,30,25,11,1,3.7,8.4,7.2,2.9,10,3,CA432,BD064,BD060,n,,0.239,0.03,books,2.24
C_prose_ngram,simple,67,y,32,21,11,3,4.0,7.0,7.2,8.6,10,4,CA440,BD049,BA080,n,,0.149,0.045,biography,1.76
C_prose_ngram,arguing,66,y,14,52,0,0,1.7,17.4,0.0,0.0,11,2,BA057,BB028,BB031,n,,0.258,0.015,books,9.98
C_prose_ngram,form,66,y,29,31,6,0,3.6,10.4,3.9,0.0,10,3,BB031,BD039,BA086,n,,0.197,0.015,books,2.87
C_prose_ngram,giving,66,y,20,35,11,0,2.5,11.7,7.2,0.0,10,3,BD054,BD070,BD056,n,,0.136,0.015,books,4.7
C_prose_ngram,investigation,66,y,48,17,1,0,6.0,5.7,0.7,0.0,8,2,CA444,BA092,BA091,n,,0.106,0.03,columns,0.95
C_prose_ngram,origin,66,y,34,14,16,2,4.2,4.7,10.5,5.7,10,3,BD034,BD070,BA039,n,,0.136,0.03,speeches,1.11
C_prose_ngram,source,66,y,35,21,7,3,4.4,7.0,4.6,8.6,9,4,BA097,BD058,BA053,n,,0.182,0.03,biography,1.61
C_prose_ngram,spirit,66,y,17,27,20,2,2.1,9.0,13.1,5.7,10,3,BC045,BD054,BA078,n,,0.091,0.015,speeches,4.27
C_prose_ngram,appeal,65,y,40,24,0,1,5.0,8.0,0.0,2.9,10,2,BA057,BD028,BA092,n,,0.185,0.015,books,1.61
C_prose_ngram,author's,65,y,63,1,1,0,7.8,0.3,0.7,0.0,1,1,CA053,CA219,CA269,n,,0.138,0.015,columns,0.04
C_prose_ngram,birthday,65,y,32,7,26,0,4.0,2.3,17.0,0.0,3,3,CC006,CC111,SC090,n,,0.092,0.015,speeches,0.59
C_prose_ngram,fund,65,y,37,11,15,2,4.6,3.7,9.8,5.7,7,3,SD016,BD070,BD036,n,,0.062,0.0,speeches,0.8
C_prose_ngram,legislation,65,y,43,16,6,0,5.4,5.4,3.9,0.0,8,3,CA440,BA041,BA053,n,,0.092,0.0,columns,1.0
C_prose_ngram,matters,65,y,20,31,14,0,2.5,10.4,9.2,0.0,10,3,BB028,BB038,BB013,n,,0.185,0.031,books,4.16
C_prose_ngram,problem,65,y,32,28,5,0,4.0,9.4,3.3,0.0,11,3,BD035,BD061,CB018,n,,0.185,0.031,books,2.35
C_prose_ngram,statement,65,y,35,22,8,0,4.4,7.4,5.2,0.0,10,3,BD034,BB038,CA444,n,,0.092,0.0,books,1.69
C_prose_ngram,declaration,64,y,31,24,5,4,3.9,8.0,3.3,11.4,9,4,BA100,BD060,BB031,n,,0.125,0.016,biography,2.08
C_prose_ngram,declared,64,y,29,29,4,2,3.6,9.7,2.6,5.7,9,3,BA036,BD059,BD058,n,,0.125,0.016,books,2.69
C_prose_ngram,delivered,64,y,7,33,23,1,0.9,11.0,15.0,2.9,8,3,BD054,BB012,BD062,n,,0.156,0.0,speeches,12.66
C_prose_ngram,employees,64,y,19,29,16,0,2.4,9.7,10.5,0.0,9,3,BD053,BB031,BD070,n,,0.172,0.016,speeches,4.1
C_prose_ngram,fact,64,y,35,22,5,2,4.4,7.4,3.3,5.7,10,3,BA036,BA057,BA041,n,,0.172,0.0,books,1.69
C_prose_ngram,joint,64,y,41,18,2,3,5.1,6.0,1.3,8.6,9,3,BB032,BA084,BB033,n,,0.156,0.0,biography,1.18
C_prose_ngram,labor,64,y,34,21,8,1,4.2,7.0,5.2,2.9,10,3,BD059,BD034,BD056,n,,0.203,0.062,books,1.66
C_prose_ngram,permanent,64,y,40,16,7,1,5.0,5.4,4.6,2.9,9,3,BA036,BA078,BD067,n,,0.25,0.047,books,1.07
C_prose_ngram,plan,64,y,31,23,9,1,3.9,7.7,5.9,2.9,8,3,BD034,BD070,BA077,n,,0.234,0.031,books,1.99
C_prose_ngram,quality,64,y,19,32,13,0,2.4,10.7,8.5,0.0,10,3,BD064,BD039,BD062,n,,0.156,0.031,books,4.52
C_prose_ngram,showing,64,y,25,35,4,0,3.1,11.7,2.6,0.0,10,3,BD034,BA100,BB028,n,,0.141,0.016,books,3.76
C_prose_ngram,signed,64,y,38,19,6,1,4.7,6.4,3.9,2.9,9,3,BA057,BB028,BD039,n,,0.234,0.0,books,1.34
C_prose_ngram,study,64,y,28,24,8,4,3.5,8.0,5.2,11.4,10,4,BD036,BD039,BD021,n,,0.156,0.031,biography,2.3
C_prose_ngram,travel,64,y,27,17,15,5,3.4,5.7,9.8,14.3,8,4,BC045,SA052,SB079,n,,0.141,0.031,biography,1.69
C_prose_ngram,central,63,y,24,25,10,4,3.0,8.4,6.5,11.4,11,4,BB012,BA078,BC045,n,,0.079,0.0,biography,2.8
C_prose_ngram,common,63,y,23,29,10,1,2.9,9.7,6.5,2.9,9,3,BB012,BD036,BD039,n,,0.19,0.016,books,3.39
C_prose_ngram,governing,63,y,14,14,35,0,1.7,4.7,22.9,0.0,10,3,SD016,SA095,SA134,n,,0.175,0.048,speeches,2.69
C_prose_ngram,intelligence,63,y,24,20,18,1,3.0,6.7,11.8,2.9,9,3,BD059,BD054,BD064,n,,0.111,0.016,speeches,2.24
C_prose_ngram,morales,63,y,46,14,3,0,5.7,4.7,2.0,0.0,5,3,CA432,BD058,CA435,n,,0.175,0.032,columns,0.82
C_prose_ngram,nature,63,y,36,23,4,0,4.5,7.7,2.6,0.0,9,3,BD028,BB038,BA082,n,,0.127,0.032,books,1.72
C_prose_ngram,presidents,63,y,36,8,17,2,4.5,2.7,11.1,5.7,4,3,BD059,BD070,CA322,n,,0.095,0.0,speeches,0.6
C_prose_ngram,religious,63,y,23,25,13,2,2.9,8.4,8.5,5.7,11,3,BA078,BC045,BC019,n,,0.111,0.0,speeches,2.92
C_prose_ngram,september,63,y,14,35,13,1,1.7,11.7,8.5,2.9,11,3,BD034,BA057,BB013,n,,0.143,0.032,books,6.71
C_prose_ngram,warning,63,y,19,37,3,4,2.4,12.4,2.0,11.4,10,4,BA078,BA057,BB013,n,,0.127,0.0,books,5.23
C_prose_ngram,words,63,y,23,23,14,3,2.9,7.7,9.2,8.6,10,4,BA078,BC039,BD057,n,,0.095,0.016,speeches,2.69
C_prose_ngram,accepted,62,y,32,19,11,0,4.0,6.4,7.2,0.0,6,3,SA041,BB021,BE025,n,,0.194,0.016,speeches,1.59
C_prose_ngram,ambassador,62,y,30,11,19,2,3.7,3.7,12.4,5.7,5,3,CD027,SD082,BD070,n,,0.161,0.048,speeches,0.98
C_prose_ngram,analysis,62,y,41,12,9,0,5.1,4.0,5.9,0.0,7,3,BA036,CA306,BA039,n,,0.194,0.048,speeches,0.79
C_prose_ngram,born,62,y,30,14,16,2,3.7,4.7,10.5,5.7,9,3,BC045,SA052,BA078,n,,0.129,0.016,speeches,1.25
C_prose_ngram,continue,62,y,31,18,13,0,3.9,6.0,8.5,0.0,6,3,BA097,BD064,BD062,n,,0.161,0.065,speeches,1.56
C_prose_ngram,cory,62,y,39,8,13,2,4.9,2.7,8.5,5.7,1,3,CA440,CD027,SA020,n,,0.065,0.0,speeches,0.55
C_prose_ngram,head,62,y,27,19,13,3,3.4,6.4,8.5,8.6,8,4,SD016,BC019,SB006,n,,0.145,0.032,biography,1.89
C_prose_ngram,interpretation,62,y,32,13,16,1,4.0,4.3,10.5,2.9,8,3,BB027,BD060,SB075,n,,0.129,0.032,speeches,1.09
C_prose_ngram,invited,62,y,19,6,32,5,2.4,2.0,20.9,14.3,4,4,SD016,CC006,SB079,n,,0.145,0.032,speeches,0.85
C_prose_ngram,letter,62,y,35,21,6,0,4.4,7.0,3.9,0.0,11,3,BA036,CA035,BA055,n,,0.274,0.032,books,1.61
C_prose_ngram,pass,62,y,33,19,8,2,4.1,6.4,5.2,5.7,9,3,CA053,CA429,CA426,n,,0.113,0.016,books,1.55
C_prose_ngram,proper,62,y,28,28,5,1,3.5,9.4,3.3,2.9,10,3,BA041,BA091,CA224,n,,0.177,0.016,books,2.69
C_prose_ngram,proven,62,y,41,14,7,0,5.1,4.7,4.6,0.0,6,3,BA080,CC101,BA005,n,,0.097,0.016,columns,0.92
C_prose_ngram,purpose,62,y,26,28,7,1,3.2,9.4,4.6,2.9,11,3,BA055,BD028,BA092,n,,0.113,0.016,books,2.89
C_prose_ngram,reconsideration,62,y,21,38,2,1,2.6,12.7,1.3,2.9,10,2,BA032,BA036,BA057,n,,0.226,0.048,books,4.86
C_prose_ngram,result,62,y,36,19,6,1,4.5,6.4,3.9,2.9,9,3,BA036,BD054,BB027,n,,0.177,0.0,books,1.42
C_prose_ngram,upholding,62,y,27,31,3,1,3.4,10.4,2.0,2.9,10,3,BD059,BA036,CA440,n,,0.161,0.032,books,3.08
C_prose_ngram,avoid,61,y,33,25,3,0,4.1,8.4,2.0,0.0,7,3,BB027,BB038,BD058,n,,0.164,0.033,books,2.03
C_prose_ngram,calling,61,y,18,35,4,4,2.2,11.7,2.6,11.4,11,4,BD054,BA078,BA057,n,,0.148,0.016,books,5.22
C_prose_ngram,character,61,y,16,35,6,4,2.0,11.7,3.9,11.4,10,4,BD054,BB031,BD056,n,,0.148,0.0,books,5.87
C_prose_ngram,conclusion,61,y,28,26,4,3,3.5,8.7,2.6,8.6,10,4,BD059,BB013,BD060,n,,0.246,0.033,books,2.49
C_prose_ngram,dispute,61,y,30,28,1,2,3.7,9.4,0.7,5.7,10,2,BB031,BD039,BB032,n,,0.164,0.0,books,2.51
C_prose_ngram,hope,61,y,27,12,21,1,3.4,4.0,13.7,2.9,8,3,BB031,SA052,SD087,n,,0.131,0.033,speeches,1.19
C_prose_ngram,plea,61,y,29,30,0,2,3.6,10.0,0.0,5.7,11,2,BD054,BA080,BB027,n,,0.18,0.049,books,2.78
C_prose_ngram,raised,61,y,24,30,6,1,3.0,10.0,3.9,2.9,9,3,BD036,BB038,BA077,n,,0.246,0.016,books,3.36
C_prose_ngram,santos,61,y,29,19,11,2,3.6,6.4,7.2,5.7,10,3,BD034,BA032,BD059,n,,0.164,0.0,speeches,1.76
C_prose_ngram,share,61,y,28,22,10,1,3.5,7.4,6.5,2.9,10,3,BD056,SB075,BB032,n,,0.164,0.033,books,2.11
C_prose_ngram,struck,61,y,19,29,12,1,2.4,9.7,7.8,2.9,8,3,BA032,BB027,BA084,n,,0.082,0.0,books,4.1
C_prose_ngram,want,61,y,18,28,12,3,2.2,9.4,7.8,8.6,10,4,BB027,BD060,BA057,n,,0.098,0.033,books,4.18
C_prose_ngram,witnesses,61,y,49,10,1,1,6.1,3.3,0.7,2.9,7,2,CA392,BA069,CA482,n,,0.197,0.033,columns,0.55
C_prose_ngram,come,60,y,21,23,14,2,2.6,7.7,9.2,5.7,8,3,BD059,BD062,BD070,n,,0.183,0.033,speeches,2.94
C_prose_ngram,contest,60,y,33,13,14,0,4.1,4.3,9.2,0.0,7,3,SA052,SD044,SD054,n,,0.083,0.0,speeches,1.06
C_prose_ngram,decided,60,y,27,28,3,2,3.4,9.4,2.0,5.7,10,3,BA036,BA041,BD028,n,,0.233,0.0,books,2.79
C_prose_ngram,food,60,y,30,13,16,1,3.7,4.3,10.5,2.9,9,3,SA134,SB051,SB028,n,,0.083,0.033,speeches,1.16
C_prose_ngram,income,60,y,31,15,13,1,3.9,5.0,8.5,2.9,7,3,BB012,BD060,BD062,n,,0.133,0.0,speeches,1.3
C_prose_ngram,internal,60,y,32,26,1,1,4.0,8.7,0.7,2.9,8,2,BD028,CA439,BA086,n,,0.2,0.017,books,2.18
C_prose_ngram,lead,60,y,28,18,13,1,3.5,6.0,8.5,2.9,7,3,BA078,BB012,BD070,n,,0.133,0.033,speeches,1.73
C_prose_ngram,martial,60,y,31,19,10,0,3.9,6.4,6.5,0.0,8,3,BA100,BA084,BA041,n,,0.067,0.0,speeches,1.65
C_prose_ngram,physical,60,y,31,22,4,3,3.9,7.4,2.6,8.6,10,4,BA057,CA432,BD055,n,,0.217,0.033,biography,1.91
C_prose_ngram,professional,60,y,15,33,9,3,1.9,11.0,5.9,8.6,10,4,BD062,BD056,BD036,n,,0.15,0.0,books,5.91
C_prose_ngram,requiring,60,y,25,32,2,1,3.1,10.7,1.3,2.9,10,2,BB013,BA080,BB038,n,,0.233,0.0,books,3.44
C_prose_ngram,rest,60,y,24,25,9,2,3.0,8.4,5.9,5.7,10,3,BA036,BB012,BD036,n,,0.167,0.017,books,2.8
C_prose_ngram,results,60,y,29,26,5,0,3.6,8.7,3.3,0.0,9,3,BA036,BD028,BD070,n,,0.233,0.017,books,2.41
C_prose_ngram,unlike,60,y,30,26,3,1,3.7,8.7,2.0,2.9,9,3,BA036,BB013,BA086,n,,0.117,0.017,books,2.33
C_prose_ngram,values,60,y,20,22,17,1,2.5,7.4,11.1,2.9,9,3,BD034,BB012,BC039,n,,0.083,0.017,speeches,2.95
C_prose_ngram,actions,59,y,25,22,11,1,3.1,7.4,7.2,2.9,9,3,BD053,BB027,BD028,n,,0.136,0.0,books,2.36
C_prose_ngram,activities,59,y,25,24,10,0,3.1,8.0,6.5,0.0,8,3,BD070,BD056,BD067,n,,0.169,0.051,books,2.58
C_prose_ngram,alternative,59,y,38,19,0,2,4.7,6.4,0.0,5.7,8,2,BA053,BD039,BB038,n,,0.153,0.017,books,1.34
C_prose_ngram,ayala,59,y,31,6,22,0,3.9,2.0,14.4,0.0,4,3,SD016,SB006,SD021,n,,0.034,0.017,speeches,0.52
C_prose_ngram,benefits,59,y,38,16,5,0,4.7,5.4,3.3,0.0,7,3,BD034,BB027,BD070,n,,0.119,0.017,books,1.13
C_prose_ngram,branch,59,y,26,24,8,1,3.2,8.0,5.2,2.9,9,3,BD053,BD034,BA084,n,,0.102,0.0,books,2.48
C_prose_ngram,cebu,59,y,26,16,16,1,3.2,5.4,10.5,2.9,8,3,BD034,BD039,BA077,n,,0.136,0.017,speeches,1.65
C_prose_ngram,doubt,59,y,35,21,3,0,4.4,7.0,2.0,0.0,10,3,BA080,BA092,BA082,n,,0.169,0.017,books,1.61
C_prose_ngram,essential,59,y,23,34,2,0,2.9,11.4,1.3,0.0,9,2,BA032,BD054,BA080,n,,0.186,0.034,books,3.97
C_prose_ngram,hold,59,y,29,25,4,1,3.6,8.4,2.6,2.9,11,3,BA036,BA057,BA086,n,,0.169,0.017,books,2.32
C_prose_ngram,initiative,59,y,32,15,12,0,4.0,5.0,7.8,0.0,7,3,BA032,CA440,SB075,n,,0.085,0.0,speeches,1.26
C_prose_ngram,knowledge,59,y,30,23,6,0,3.7,7.7,3.9,0.0,10,3,BD054,BD059,BD037,n,,0.22,0.051,books,2.06
C_prose_ngram,main,59,y,31,18,9,1,3.9,6.0,5.9,2.9,8,3,BD053,BD039,BD036,n,,0.169,0.034,books,1.56
C_prose_ngram,maria,59,y,42,3,14,0,5.2,1.0,9.2,0.0,3,3,CA434,CA128,CB018,n,,0.102,0.0,speeches,0.19
C_prose_ngram,opportunity,59,y,27,23,8,1,3.4,7.7,5.2,2.9,10,3,BD034,CA039,BB031,n,,0.136,0.0,books,2.29
C_prose_ngram,oral,59,y,31,25,3,0,3.9,8.4,2.0,0.0,10,3,BA057,BD028,CA039,n,,0.136,0.017,books,2.17
C_prose_ngram,reasons,59,y,29,27,2,1,3.6,9.0,1.3,2.9,10,2,BA032,BA092,CA224,n,,0.136,0.0,books,2.5
C_prose_ngram,rejected,59,y,27,26,5,1,3.4,8.7,3.3,2.9,9,3,BA036,BA100,BA086,n,,0.22,0.085,books,2.59
C_prose_ngram,senate president,59,y,33,14,8,4,4.1,4.7,5.2,11.4,8,4,CE046,BA086,CA053,n,,0.068,0.017,biography,1.14
C_prose_ngram,served,59,y,29,14,14,2,3.6,4.7,9.2,5.7,7,3,BD059,BD045,CA086,n,,0.153,0.034,speeches,1.3
C_prose_ngram,single,59,y,20,32,6,1,2.5,10.7,3.9,2.9,10,3,BD070,BB012,BB038,n,,0.153,0.017,books,4.3
C_prose_ngram,appointed,58,y,30,15,10,3,3.7,5.0,6.5,8.6,6,4,BD070,CA322,CA236,n,,0.155,0.017,biography,1.34
C_prose_ngram,argued,58,y,14,43,0,1,1.7,14.4,0.0,2.9,9,2,BA032,BA100,BA057,n,,0.172,0.017,books,8.25
C_prose_ngram,club,58,y,16,21,16,5,2.0,7.0,10.5,14.3,8,4,BC045,BD070,BC019,n,,0.052,0.017,biography,3.52
C_prose_ngram,contrast,58,y,43,12,3,0,5.4,4.0,2.0,0.0,7,3,BD034,CA430,BD060,n,,0.19,0.069,columns,0.75
C_prose_ngram,declined,58,y,26,10,19,3,3.2,3.3,12.4,8.6,5,4,BA078,BD070,BC045,n,,0.069,0.0,speeches,1.03
C_prose_ngram,experience,58,y,29,21,7,1,3.6,7.0,4.6,2.9,10,3,BD021,BA084,BD067,n,,0.259,0.052,books,1.94
C_prose_ngram,extended,58,y,30,21,5,2,3.7,7.0,3.3,5.7,10,3,BA036,BD028,BA100,n,,0.155,0.0,books,1.88
C_prose_ngram,file,58,y,46,11,1,0,5.7,3.7,0.7,0.0,8,2,CA035,CA224,BA086,n,,0.241,0.034,columns,0.64
C_prose_ngram,martial law,58,y,30,18,10,0,3.7,6.0,6.5,0.0,7,3,BA100,BA084,BA089,y,constitutional_doctrine,0.069,0.0,speeches,1.61
C_prose_ngram,mother,58,y,26,14,16,2,3.2,4.7,10.5,5.7,7,3,SC010,GC021,SC024,n,,0.19,0.0,speeches,1.45
C_prose_ngram,nation,58,y,23,18,17,0,2.9,6.0,11.1,0.0,7,3,BB012,BC043,SA078,n,,0.103,0.0,speeches,2.1
C_prose_ngram,outside,58,y,25,26,7,0,3.1,8.7,4.6,0.0,9,3,BD053,BD056,SA098,n,,0.086,0.017,books,2.79
C_prose_ngram,recognition,58,y,33,18,6,1,4.1,6.0,3.9,2.9,10,3,BD053,BA036,BD039,n,,0.276,0.052,books,1.46
C_prose_ngram,refusal,58,y,33,18,3,4,4.1,6.0,2.0,11.4,7,4,BD034,BA057,BD054,n,,0.241,0.0,biography,1.46
C_prose_ngram,regardless,58,y,38,11,9,0,4.7,3.7,5.9,0.0,7,3,CA322,CA382,CC101,n,,0.155,0.0,speeches,0.78
C_prose_ngram,strong,58,y,41,11,6,0,5.1,3.7,3.9,0.0,4,3,CA374,CA410,CA368,n,,0.121,0.017,columns,0.72
C_prose_ngram,abroad,57,y,22,23,10,2,2.7,7.7,6.5,5.7,10,3,BD034,BB012,BD021,n,,0.158,0.018,books,2.81
C_prose_ngram,agencies,57,y,36,21,0,0,4.5,7.0,0.0,0.0,7,2,BD053,BD034,BB027,n,,0.14,0.018,books,1.57
C_prose_ngram,awards,57,y,15,19,22,1,1.9,6.4,14.4,2.9,7,3,SD016,BD053,SD044,n,,0.175,0.018,speeches,3.4
C_prose_ngram,branches,57,y,24,21,11,1,3.0,7.0,7.2,2.9,7,3,BD059,BD053,BD054,n,,0.123,0.0,speeches,2.35
C_prose_ngram,choice,57,y,23,26,5,3,2.9,8.7,3.3,8.6,10,4,BD059,BD053,BA041,n,,0.088,0.018,books,3.04
C_prose_ngram,constitutionality,57,y,30,25,1,1,3.7,8.4,0.7,2.9,10,2,BB013,BA080,BA089,n,,0.07,0.035,books,2.24
C_prose_ngram,created,57,y,23,28,4,2,2.9,9.4,2.6,5.7,10,3,BD064,BD058,BD061,n,,0.158,0.018,books,3.27
C_prose_ngram,cruz,57,y,25,17,14,1,3.1,5.7,9.2,2.9,8,3,BA097,BB012,BD021,n,,0.123,0.018,speeches,1.83
C_prose_ngram,different,57,y,29,16,11,1,3.6,5.4,7.2,2.9,7,3,BA080,BD058,CA306,n,,0.263,0.07,speeches,1.48
C_prose_ngram,discipline,57,y,21,27,7,2,2.6,9.0,4.6,5.7,11,3,BD034,BD053,BD036,n,,0.158,0.035,books,3.45
C_prose_ngram,disclosure,57,y,34,15,8,0,4.2,5.0,5.2,0.0,7,3,SA095,CA429,BB019,n,,0.14,0.018,speeches,1.18
C_prose_ngram,documents,57,y,39,17,0,1,4.9,5.7,0.0,2.9,8,2,BA100,BA082,BA069,n,,0.211,0.018,books,1.17
C_prose_ngram,duterte's,57,y,55,0,2,0,6.8,0.0,1.3,0.0,0,1,CA186,CA236,CA269,n,,0.0,0.0,columns,0.0
C_prose_ngram,edsa,57,y,31,18,2,6,3.9,6.0,1.3,17.1,10,3,BA078,CA440,BA036,n,,0.123,0.035,biography,1.56
C_prose_ngram,fair,57,y,27,20,9,1,3.4,6.7,5.9,2.9,8,3,BD037,BB028,BB013,n,,0.175,0.018,books,1.99
C_prose_ngram,follow,57,y,23,23,10,1,2.9,7.7,6.5,2.9,11,3,BA041,BB027,BD055,n,,0.14,0.018,books,2.69
C_prose_ngram,immediately,57,y,25,20,11,1,3.1,6.7,7.2,2.9,7,3,BD020,CA068,BA082,n,,0.158,0.035,speeches,2.15
C_prose_ngram,incumbent,57,y,30,12,15,0,3.7,4.0,9.8,0.0,8,3,BA036,CA185,CA040,n,,0.175,0.035,speeches,1.07
C_prose_ngram,living,57,y,26,20,11,0,3.2,6.7,7.2,0.0,10,3,BD056,SD082,BC043,n,,0.228,0.0,speeches,2.07
C_prose_ngram,marriage,57,y,28,13,12,4,3.5,4.3,7.8,11.4,9,4,CA148,BA066,GC031,n,,0.193,0.0,biography,1.25
C_prose_ngram,oath,57,y,29,22,5,1,3.6,7.4,3.3,2.9,10,3,BD034,BA036,BD059,n,,0.088,0.018,books,2.04
C_prose_ngram,offered,57,y,18,17,19,3,2.2,5.7,12.4,8.6,8,4,BD070,BD039,CA068,n,,0.211,0.053,speeches,2.54
C_prose_ngram,representatives,57,y,29,19,9,0,3.6,6.4,5.9,0.0,7,3,BD054,BA084,BA086,n,,0.07,0.0,books,1.76
C_prose_ngram,require,57,y,31,24,1,1,3.9,8.0,0.7,2.9,10,2,BA041,BD037,BB031,n,,0.175,0.018,books,2.08
C_prose_ngram,sc's,57,y,50,4,3,0,6.2,1.3,2.0,0.0,1,3,CA432,CA468,CA245,n,,0.158,0.0,columns,0.21
C_prose_ngram,story,57,y,16,13,28,0,2.0,4.3,18.3,0.0,9,3,SA052,CC006,BD054,n,,0.123,0.0,speeches,2.18
C_prose_ngram,teaching,57,y,16,22,13,6,2.0,7.4,8.5,17.1,9,4,BC045,BC046,BD054,n,,0.07,0.035,biography,3.69
C_prose_ngram,testimony,57,y,33,15,6,3,4.1,5.0,3.9,8.6,8,4,BA032,CA108,BD028,n,,0.193,0.07,biography,1.22
C_prose_ngram,text,57,y,43,9,5,0,5.4,3.0,3.3,0.0,7,3,CA053,CA333,CA444,n,,0.053,0.0,columns,0.56
C_prose_ngram,absent,56,y,23,29,4,0,2.9,9.7,2.6,0.0,10,3,BB028,BB032,SA095,n,,0.161,0.018,books,3.39
C_prose_ngram,academic,56,y,22,19,11,4,2.7,6.4,7.2,11.4,8,4,BC045,SA136,SD044,n,,0.036,0.0,biography,2.32
C_prose_ngram,acquittal,56,y,49,7,0,0,6.1,2.3,0.0,0.0,5,2,BA057,BA080,CA230,n,,0.232,0.036,columns,0.38
C_prose_ngram,arguments,56,y,33,19,3,1,4.1,6.4,2.0,2.9,9,3,BD059,BD028,BD053,n,,0.125,0.0,books,1.55
C_prose_ngram,comment,56,y,42,10,4,0,5.2,3.3,2.6,0.0,6,3,BB027,BD037,BA006,n,,0.161,0.036,columns,0.64
C_prose_ngram,crime,56,y,33,21,2,0,4.1,7.0,1.3,0.0,9,2,BA092,BA057,BA080,n,,0.304,0.018,books,1.71
C_prose_ngram,detention,56,y,50,4,1,1,6.2,1.3,0.7,2.9,3,2,BA080,CA410,CA374,n,,0.089,0.018,columns,0.21
C_prose_ngram,dignity,56,y,13,28,14,1,1.6,9.4,9.2,2.9,10,3,BD034,BD070,BC043,n,,0.071,0.0,books,5.78
C_prose_ngram,field,56,y,11,40,5,0,1.4,13.4,3.3,0.0,6,3,BD053,BB028,BB027,n,,0.196,0.0,books,9.77
C_prose_ngram,finding,56,y,22,30,3,1,2.7,10.0,2.0,2.9,9,3,BB013,BB021,BB024,n,,0.304,0.018,books,3.66
C_prose_ngram,friends,56,y,29,12,12,3,3.6,4.0,7.8,8.6,7,4,BC045,SD016,BD056,n,,0.143,0.0,biography,1.11
C_prose_ngram,heart,56,y,17,24,13,2,2.1,8.0,8.5,5.7,9,3,BD034,BD059,CC021,n,,0.161,0.0,speeches,3.79
C_prose_ngram,profession,56,y,20,25,10,1,2.5,8.4,6.5,2.9,10,3,BD034,BD062,BD056,n,,0.143,0.0,books,3.36
C_prose_ngram,singapore,56,y,36,10,10,0,4.5,3.3,6.5,0.0,5,3,CA420,BD039,BA077,n,,0.196,0.036,speeches,0.75
C_prose_ngram,speedy,56,y,37,18,1,0,4.6,6.0,0.7,0.0,9,2,BD034,BD036,BD064,n,,0.125,0.018,books,1.31
C_prose_ngram,survey,56,y,20,33,3,0,2.5,11.0,2.0,0.0,11,3,BD039,BD036,BD022,n,,0.268,0.018,books,4.43
C_prose_ngram,asian,55,y,25,17,11,2,3.1,5.7,7.2,5.7,7,3,BD056,SC007,CE096,n,,0.2,0.0,speeches,1.83
C_prose_ngram,assistance,55,y,23,22,9,1,2.9,7.4,5.9,2.9,9,3,BD056,BB031,BD064,n,,0.127,0.018,books,2.57
C_prose_ngram,bail,55,y,47,8,0,0,5.9,2.7,0.0,0.0,5,2,CA410,CA392,CA374,n,,0.127,0.0,columns,0.46
C_prose_ngram,based,55,y,36,11,8,0,4.5,3.7,5.2,0.0,8,3,CA444,BD039,CC101,n,,0.127,0.0,speeches,0.82
C_prose_ngram,charged,55,y,36,18,0,1,4.5,6.0,0.0,2.9,8,2,BA080,BA092,BA091,n,,0.164,0.0,books,1.34
C_prose_ngram,companies,55,y,28,13,13,1,3.5,4.3,8.5,2.9,7,3,SD016,BB038,CA420,n,,0.218,0.073,speeches,1.25
C_prose_ngram,disqualification,55,y,47,8,0,0,5.9,2.7,0.0,0.0,5,2,BA036,BD058,CA329,n,,0.182,0.018,columns,0.46
C_prose_ngram,dissertation,55,y,33,1,20,1,4.1,0.3,13.1,2.9,1,2,SD016,SA052,SD021,n,,0.0,0.0,speeches,0.08
C_prose_ngram,fourth,55,y,23,25,6,1,2.9,8.4,3.9,2.9,10,3,BD053,BB028,BD036,n,,0.291,0.036,books,2.92
C_prose_ngram,friendship,55,y,26,15,12,2,3.2,5.0,7.8,5.7,7,3,BD059,BD053,BD036,n,,0.145,0.036,speeches,1.55
C_prose_ngram,jovito,55,y,18,18,15,4,2.2,6.0,9.8,11.4,8,4,BD054,BC045,BD034,n,,0.0,0.0,biography,2.69
C_prose_ngram,liberal,55,y,30,17,7,1,3.7,5.7,4.6,2.9,10,3,BA032,BA055,CB018,n,,0.145,0.018,books,1.52
C_prose_ngram,party-list,55,y,37,16,2,0,4.6,5.4,1.3,0.0,7,2,BA032,CA147,BB007,n,,0.055,0.018,books,1.16
C_prose_ngram,playing,55,y,8,41,5,1,1.0,13.7,3.3,2.9,5,3,BD053,BB027,BB028,n,,0.182,0.0,books,13.76
C_prose_ngram,recent,55,y,35,17,3,0,4.4,5.7,2.0,0.0,5,3,BD054,BA097,BB038,n,,0.145,0.018,books,1.3
C_prose_ngram,scholarships,55,y,27,11,15,2,3.4,3.7,9.8,5.7,7,3,SA052,CA434,SB079,n,,0.036,0.0,speeches,1.09
C_prose_ngram,scrutiny,55,y,24,15,15,1,3.0,5.0,9.8,2.9,7,3,BD059,BD060,BA036,n,,0.073,0.0,speeches,1.68
C_prose_ngram,summary,55,y,24,24,6,1,3.0,8.0,3.9,2.9,9,3,BA080,BD049,BA086,n,,0.182,0.018,books,2.69
C_prose_ngram,victory,55,y,36,11,6,2,4.5,3.7,3.9,5.7,6,3,BD054,BA056,CA333,n,,0.236,0.036,biography,0.82
C_prose_ngram,answers,54,y,12,42,0,0,1.5,14.0,0.0,0.0,9,2,BD053,BB027,BB028,n,,0.111,0.019,books,9.4
C_prose_ngram,arbitration,54,y,36,11,6,1,4.5,3.7,3.9,2.9,8,3,BD053,BD039,BB027,n,,0.259,0.019,columns,0.82
C_prose_ngram,chairs,54,y,27,11,15,1,3.4,3.7,9.8,2.9,5,3,SD016,SD082,SB075,n,,0.037,0.019,speeches,1.09
C_prose_ngram,entire,54,y,26,14,12,2,3.2,4.7,7.8,5.7,7,3,BD059,BD070,BD049,n,,0.093,0.019,speeches,1.45
C_prose_ngram,existing,54,y,34,17,3,0,4.2,5.7,2.0,0.0,9,3,CA426,CA224,CA404,n,,0.148,0.0,books,1.34
C_prose_ngram,leading,54,y,24,21,6,3,3.0,7.0,3.9,8.6,8,4,BD034,BC045,SA052,n,,0.074,0.037,biography,2.35
C_prose_ngram,live,54,y,23,21,9,1,2.9,7.0,5.9,2.9,8,3,BD054,BD055,BD045,n,,0.148,0.019,books,2.45
C_prose_ngram,mass,54,y,21,18,9,6,2.6,6.0,5.9,17.1,8,4,BA078,BA036,BA030,n,,0.111,0.0,biography,2.3
C_prose_ngram,professorial,54,y,28,5,20,1,3.5,1.7,13.1,2.9,3,3,SD016,SA052,SD082,n,,0.019,0.0,speeches,0.48
C_prose_ngram,qualified,54,y,28,18,5,3,3.5,6.0,3.3,8.6,9,4,BA055,BA039,BA056,n,,0.148,0.074,biography,1.73
C_prose_ngram,supreme court's,54,y,11,38,4,1,1.4,12.7,2.6,2.9,9,3,BD053,BD054,BD039,n,,0.167,0.019,books,9.28
C_prose_ngram,twin,54,y,20,18,16,0,2.5,6.0,10.5,0.0,10,3,BD056,BD062,BD060,n,,0.056,0.0,speeches,2.42
C_prose_ngram,wrong,54,y,27,19,8,0,3.4,6.4,5.2,0.0,8,3,BD059,BD054,BA057,n,,0.167,0.019,books,1.89
C_prose_ngram,absence,53,y,23,26,3,1,2.9,8.7,2.0,2.9,10,3,BA036,BA080,BD058,n,,0.226,0.0,books,3.04
C_prose_ngram,admission,53,y,26,23,3,1,3.2,7.7,2.0,2.9,9,3,BA036,BA057,BB027,n,,0.094,0.038,books,2.38
C_prose_ngram,amendment,53,y,36,16,1,0,4.5,5.4,0.7,0.0,8,2,BA053,CA427,CA333,n,,0.057,0.0,books,1.19
C_prose_ngram,analogy,53,y,33,18,2,0,4.1,6.0,1.3,0.0,9,2,BA041,BA055,BA080,n,,0.094,0.038,books,1.46
C_prose_ngram,asking,53,y,21,24,5,3,2.6,8.0,3.3,8.6,9,4,BD037,BD045,BD028,n,,0.189,0.019,biography,3.07
C_prose_ngram,calls,53,y,10,29,12,2,1.2,9.7,7.8,5.7,12,3,BD034,BB012,BD039,n,,0.189,0.057,books,7.79
C_prose_ngram,comparison,53,y,43,7,3,0,5.4,2.3,2.0,0.0,5,3,BD028,BA084,BA057,n,,0.208,0.0,columns,0.44
C_prose_ngram,concurrence,53,y,22,29,2,0,2.7,9.7,1.3,0.0,9,2,BA032,BA100,BA057,n,,0.094,0.0,books,3.54
C_prose_ngram,conditions,53,y,28,20,4,1,3.5,6.7,2.6,2.9,8,3,BB027,CA439,BA084,n,,0.151,0.0,books,1.92
C_prose_ngram,contrary,53,y,21,28,4,0,2.6,9.4,2.6,0.0,9,3,BB027,BA084,BB032,n,,0.245,0.019,books,3.58
C_prose_ngram,corona,53,y,43,9,1,0,5.4,3.0,0.7,0.0,5,2,BA032,BA100,CA181,y,impeachment_accountability,0.0,0.0,columns,0.56
C_prose_ngram,critique,53,y,41,7,3,2,5.1,2.3,2.0,5.7,5,3,BA041,SA095,CA429,n,,0.245,0.075,biography,0.46
C_prose_ngram,force,53,y,24,22,7,0,3.0,7.4,4.6,0.0,9,3,BB012,BB019,BB033,n,,0.151,0.057,books,2.46
C_prose_ngram,forum,53,y,18,22,13,0,2.2,7.4,8.5,0.0,9,3,BD034,BD054,SB075,n,,0.189,0.019,speeches,3.28
C_prose_ngram,intent,53,y,36,16,1,0,4.5,5.4,0.7,0.0,8,2,BD058,BA053,BA081,n,,0.208,0.0,books,1.19
C_prose_ngram,leaving,53,y,10,41,1,1,1.2,13.7,0.7,2.9,10,2,BA036,BD034,BA100,n,,0.226,0.0,books,11.01
C_prose_ngram,limit,53,y,31,19,3,0,3.9,6.4,2.0,0.0,9,3,BA032,BD059,BD028,n,,0.151,0.057,books,1.65
C_prose_ngram,makes,53,y,11,35,5,2,1.4,11.7,3.3,5.7,11,3,CA440,BD039,BA084,n,,0.245,0.057,books,8.55
C_prose_ngram,ordinary,53,y,24,23,6,0,3.0,7.7,3.9,0.0,9,3,BB012,BB027,BA080,n,,0.226,0.038,books,2.57
C_prose_ngram,ownership,53,y,36,13,4,0,4.5,4.3,2.6,0.0,7,3,BB033,BB019,BB006,n,,0.151,0.0,columns,0.97
C_prose_ngram,parents,53,y,29,12,12,0,3.6,4.0,7.8,0.0,8,3,BC045,BB012,CA434,n,,0.245,0.0,speeches,1.11
C_prose_ngram,passion,53,y,24,13,14,2,3.0,4.3,9.2,5.7,7,3,BD054,SD016,SC007,n,,0.17,0.038,speeches,1.45
C_prose_ngram,powerful,53,y,29,12,12,0,3.6,4.0,7.8,0.0,8,3,BD034,CA432,SB075,n,,0.094,0.0,speeches,1.11
C_prose_ngram,prosecutors,53,y,41,11,1,0,5.1,3.7,0.7,0.0,8,2,CA392,CA468,BA069,n,,0.17,0.019,columns,0.72
C_prose_ngram,resources,53,y,25,22,5,1,3.1,7.4,3.3,2.9,9,3,BB032,BB033,BD037,n,,0.151,0.019,books,2.36
C_prose_ngram,rules of court,53,y,33,14,6,0,4.1,4.7,3.9,0.0,7,3,BD039,BD035,BA077,n,,0.245,0.038,books,1.14
C_prose_ngram,separation,53,y,27,20,3,3,3.4,6.7,2.0,8.6,10,4,CA440,BB027,BB013,n,,0.151,0.0,biography,1.99
C_prose_ngram,books,52,y,21,12,14,5,2.6,4.0,9.2,14.3,7,4,BD059,BD039,BD055,n,,0.115,0.0,biography,1.53
C_prose_ngram,building,52,y,20,16,11,5,2.5,5.4,7.2,14.3,7,4,BD064,BD049,BA077,n,,0.173,0.019,biography,2.15
C_prose_ngram,charges,52,y,38,13,1,0,4.7,4.3,0.7,0.0,8,2,BA080,BA082,BD054,n,,0.192,0.038,columns,0.92
C_prose_ngram,cited,52,y,28,17,7,0,3.5,5.7,4.6,0.0,10,3,BA036,CA426,BD039,n,,0.192,0.019,books,1.63
C_prose_ngram,complete,52,y,22,21,8,1,2.7,7.0,5.2,2.9,8,3,BD036,BD062,BD037,n,,0.135,0.0,books,2.56
C_prose_ngram,consequences,52,y,37,10,5,0,4.6,3.3,3.3,0.0,8,3,CA187,BD057,CC101,n,,0.231,0.0,columns,0.73
C_prose_ngram,founding,52,y,18,7,19,8,2.2,2.3,12.4,22.9,4,4,SA052,SA011,BC039,n,,0.077,0.019,biography,1.04
C_prose_ngram,growth,52,y,25,13,12,2,3.1,4.3,7.8,5.7,7,3,BD056,BB012,BD060,n,,0.135,0.0,speeches,1.4
C_prose_ngram,hours,52,y,24,16,6,6,3.0,5.4,3.9,17.1,9,4,BD034,BD070,BA097,n,,0.154,0.058,biography,1.79
C_prose_ngram,known,52,y,24,17,10,1,3.0,5.7,6.5,2.9,8,3,BA057,BD039,BA005,n,,0.231,0.058,speeches,1.9
C_prose_ngram,names,52,y,24,27,0,1,3.0,9.0,0.0,2.9,8,2,BD059,BD039,BB027,n,,0.173,0.0,books,3.02
C_prose_ngram,passing,52,y,30,12,9,1,3.7,4.0,5.9,2.9,8,3,BD054,BD034,SD016,y,eulogies_and_passing,0.173,0.0,speeches,1.07
C_prose_ngram,personally,52,y,19,20,11,2,2.4,6.7,7.2,5.7,8,3,BD054,BD036,BB027,n,,0.154,0.058,speeches,2.83
C_prose_ngram,provision,52,y,23,28,1,0,2.9,9.4,0.7,0.0,8,2,BA100,BA086,BA084,n,,0.154,0.019,books,3.27
C_prose_ngram,ramon,52,y,33,6,13,0,4.1,2.0,8.5,0.0,5,3,SA052,BD053,CE042,n,,0.115,0.0,speeches,0.49
C_prose_ngram,seat,52,y,21,19,10,2,2.6,6.4,6.5,5.7,7,3,BA032,BC045,BA001,n,,0.058,0.019,speeches,2.43
C_prose_ngram,true,52,y,26,17,9,0,3.2,5.7,5.9,0.0,7,3,BD057,CC101,BA039,n,,0.154,0.038,speeches,1.76
C_prose_ngram,using,52,y,30,16,6,0,3.7,5.4,3.9,0.0,7,3,BA078,CA444,SB075,n,,0.231,0.038,books,1.43
C_prose_ngram,word,52,y,17,23,11,1,2.1,7.7,7.2,2.9,10,3,BD034,BC045,BD045,n,,0.096,0.058,books,3.63
C_prose_ngram,columns,51,y,40,3,7,1,5.0,1.0,4.6,2.9,3,3,SC025,CA068,BD045,n,,0.137,0.02,columns,0.2
C_prose_ngram,comelec's,51,y,30,21,0,0,3.7,7.0,0.0,0.0,10,2,BA063,BA087,BA055,n,,0.216,0.039,books,1.88
C_prose_ngram,deemed,51,y,35,13,2,1,4.4,4.3,1.3,2.9,6,2,BA089,CA187,CA053,n,,0.176,0.039,columns,1.0
C_prose_ngram,determine,51,y,31,19,1,0,3.9,6.4,0.7,0.0,8,2,BA082,BA069,CA444,n,,0.176,0.02,books,1.65
C_prose_ngram,exclusive,51,y,34,13,3,1,4.2,4.3,2.0,2.9,8,3,BB038,CA430,BA086,n,,0.176,0.0,books,1.03
C_prose_ngram,followed,51,y,14,25,9,3,1.7,8.4,5.9,8.6,8,4,BD070,CA426,BD045,n,,0.118,0.02,biography,4.8
C_prose_ngram,grace,51,y,35,7,7,2,4.4,2.3,4.6,5.7,4,3,CA351,CD027,CE042,n,,0.059,0.0,biography,0.54
C_prose_ngram,hard,51,y,13,22,14,2,1.6,7.4,9.2,5.7,9,3,BC045,BC046,BB012,n,,0.118,0.02,speeches,4.54
C_prose_ngram,institute,51,y,12,21,16,2,1.5,7.0,10.5,5.7,11,3,BD021,BD049,BD063,n,,0.137,0.059,speeches,4.7
C_prose_ngram,judicial reform,51,y,10,35,6,0,1.2,11.7,3.9,0.0,8,3,BD053,BD049,BD039,y,judicial_reform,0.137,0.0,books,9.4
C_prose_ngram,medical,51,y,30,13,6,2,3.7,4.3,3.9,5.7,8,3,BA032,CC106,CA068,n,,0.235,0.039,biography,1.16
C_prose_ngram,metro,51,y,27,12,12,0,3.4,4.0,7.8,0.0,9,3,BA077,BD064,BD021,n,,0.118,0.0,speeches,1.19
C_prose_ngram,offices,51,y,31,17,2,1,3.9,5.7,1.3,2.9,8,2,CA440,BD070,BA100,n,,0.118,0.02,books,1.47
C_prose_ngram,paid,51,y,25,20,6,0,3.1,6.7,3.9,0.0,9,3,BA057,BB027,BA055,n,,0.275,0.059,books,2.15
C_prose_ngram,petitioners,51,y,26,25,0,0,3.2,8.4,0.0,0.0,10,2,BA032,BA100,BA041,n,,0.176,0.0,books,2.58
C_prose_ngram,president's,51,y,24,24,2,1,3.0,8.0,1.3,2.9,8,2,BA100,BD028,BA089,n,,0.059,0.0,books,2.69
C_prose_ngram,press,51,y,25,22,3,1,3.1,7.4,2.0,2.9,9,3,BA036,BA100,BA055,n,,0.137,0.02,books,2.36
C_prose_ngram,probable,51,y,47,3,1,0,5.9,1.0,0.7,0.0,3,2,BA057,BA069,CA410,n,,0.118,0.0,columns,0.17
C_prose_ngram,project,51,y,22,22,6,1,2.7,7.4,3.9,2.9,7,3,BD039,BD064,BD049,n,,0.157,0.02,books,2.69
C_prose_ngram,protect,51,y,24,17,9,1,3.0,5.7,5.9,2.9,5,3,BD053,BB038,CA432,n,,0.176,0.02,speeches,1.9
C_prose_ngram,sole,51,y,33,17,1,0,4.1,5.7,0.7,0.0,8,2,BA100,BA086,CA426,n,,0.176,0.02,books,1.38
C_prose_ngram,south,51,y,27,13,9,2,3.4,4.3,5.9,5.7,7,3,CE003,CA430,SB051,n,,0.137,0.0,speeches,1.29
C_prose_ngram,technology,51,y,24,20,7,0,3.0,6.7,4.6,0.0,10,3,BD037,BD034,BD064,y,ai_and_technology,0.157,0.0,books,2.24
C_prose_ngram,trade,51,y,23,24,4,0,2.9,8.0,2.6,0.0,10,3,BD059,BB027,BB028,n,,0.294,0.059,books,2.8
C_prose_ngram,turn,51,y,18,22,9,2,2.2,7.4,5.9,5.7,8,3,BD070,BD036,BD060,n,,0.196,0.0,books,3.28
C_prose_ngram,ultimate,51,y,20,16,14,1,2.5,5.4,9.2,2.9,9,3,SD016,BD021,BA078,n,,0.137,0.02,speeches,2.15
C_prose_ngram,week,51,y,29,11,7,4,3.6,3.7,4.6,11.4,7,4,BA077,CA393,SC025,n,,0.157,0.059,biography,1.02
C_prose_ngram,witness,51,y,39,8,4,0,4.9,2.7,2.6,0.0,4,3,CA392,CA131,BA083,n,,0.216,0.078,columns,0.55
C_prose_ngram,angara,50,y,20,19,11,0,2.5,6.4,7.2,0.0,8,3,BA032,BD059,BD053,n,,0.1,0.0,speeches,2.55
C_prose_ngram,aside,50,y,27,20,2,1,3.4,6.7,1.3,2.9,8,2,BA041,BB028,BA006,n,,0.08,0.0,books,1.99
C_prose_ngram,assembly,50,y,28,12,10,0,3.5,4.0,6.5,0.0,6,3,BA100,CA430,BA036,n,,0.08,0.0,speeches,1.15
C_prose_ngram,critics,50,y,30,19,1,0,3.7,6.4,0.7,0.0,8,2,BD059,BD053,BB027,n,,0.12,0.02,books,1.7
C_prose_ngram,enforcement,50,y,31,16,3,0,3.9,5.4,2.0,0.0,7,3,BD039,BD064,BD049,n,,0.22,0.04,books,1.39
C_prose_ngram,half,50,y,16,26,7,1,2.0,8.7,4.6,2.9,10,3,BB012,BD062,BD039,n,,0.16,0.02,books,4.36
C_prose_ngram,japan,50,y,30,17,3,0,3.7,5.7,2.0,0.0,6,3,BD053,BD039,SB075,n,,0.14,0.02,books,1.52
C_prose_ngram,legally,50,y,26,21,2,1,3.2,7.0,1.3,2.9,8,2,BA078,BA087,BA090,n,,0.2,0.0,books,2.17
C_prose_ngram,natural,50,y,26,15,8,1,3.2,5.0,5.2,2.9,8,3,BD034,BA041,BD037,n,,0.1,0.04,speeches,1.55
C_prose_ngram,offense,50,y,36,13,1,0,4.5,4.3,0.7,0.0,8,2,BA057,BA092,BA091,n,,0.26,0.04,columns,0.97
C_prose_ngram,ordered,50,y,20,23,7,0,2.5,7.7,4.6,0.0,10,3,BD058,BA100,BA082,n,,0.24,0.02,books,3.09
C_prose_ngram,probity,50,y,31,15,4,0,3.9,5.0,2.6,0.0,7,3,BD054,BD034,BD053,n,,0.14,0.04,books,1.3
C_prose_ngram,records,50,y,26,22,2,0,3.2,7.4,1.3,0.0,10,2,BA080,BA092,BD028,n,,0.18,0.02,books,2.27
C_prose_ngram,refused,50,y,21,20,5,4,2.6,6.7,3.3,11.4,9,4,BD053,BD028,BA080,n,,0.14,0.02,biography,2.56
C_prose_ngram,remain,50,y,32,16,2,0,4.0,5.4,1.3,0.0,7,2,BA080,BB032,BD036,n,,0.06,0.02,books,1.34
C_prose_ngram,reports,50,y,20,27,3,0,2.5,9.0,2.0,0.0,12,3,BD059,BD037,BB027,n,,0.18,0.02,books,3.63
C_prose_ngram,services,50,y,23,20,6,1,2.9,6.7,3.9,2.9,9,3,BA041,CC106,SA078,n,,0.16,0.02,books,2.34
C_prose_ngram,sovereignty,50,y,34,9,7,0,4.2,3.0,4.6,0.0,8,3,BB020,BB033,BA055,n,,0.12,0.02,speeches,0.71
C_prose_ngram,tribunal,50,y,35,13,1,1,4.4,4.3,0.7,2.9,8,2,BD054,CA009,BA086,n,,0.2,0.0,columns,1.0
C_prose_ngram,unanimously,50,y,24,18,7,1,3.0,6.0,4.6,2.9,7,3,BA032,BB013,CA187,n,,0.22,0.02,books,2.01
C_prose_ngram,wisdom,50,y,15,25,9,1,1.9,8.4,5.9,2.9,11,3,BD054,BD059,BD053,n,,0.08,0.02,books,4.48
C_prose_ngram,working,50,y,17,26,6,1,2.1,8.7,3.9,2.9,10,3,BD034,BD053,BD070,n,,0.08,0.0,books,4.11
C_prose_ngram,appellate,49,y,21,23,3,2,2.6,7.7,2.0,5.7,8,3,BD054,BB031,BD035,n,,0.184,0.061,books,2.94
C_prose_ngram,apply,49,y,30,16,3,0,3.7,5.4,2.0,0.0,6,3,BA080,BD058,CA440,n,,0.204,0.0,books,1.43
C_prose_ngram,asean,49,y,28,8,13,0,3.5,2.7,8.5,0.0,3,3,BA097,SA015,CA092,n,,0.041,0.0,speeches,0.77
C_prose_ngram,barred,49,y,20,27,2,0,2.5,9.0,1.3,0.0,10,2,BA036,BD028,BD054,n,,0.184,0.0,books,3.63
C_prose_ngram,certiorari,49,y,24,25,0,0,3.0,8.4,0.0,0.0,10,2,BD028,BD058,BA091,n,,0.143,0.0,books,2.8
C_prose_ngram,compensation,49,y,22,20,6,1,2.7,6.7,3.9,2.9,9,3,BD053,BD054,BD064,n,,0.143,0.02,books,2.44
C_prose_ngram,construction,49,y,26,20,2,1,3.2,6.7,1.3,2.9,8,2,BD053,BB038,BB028,n,,0.184,0.02,books,2.07
C_prose_ngram,continued,49,y,28,13,6,2,3.5,4.3,3.9,5.7,8,3,SB075,CD027,CE096,n,,0.122,0.041,biography,1.25
C_prose_ngram,data,49,y,31,11,7,0,3.9,3.7,4.6,0.0,8,3,BD037,BD067,BA055,n,,0.286,0.041,speeches,0.95
C_prose_ngram,democratic,49,y,27,16,6,0,3.4,5.4,3.9,0.0,5,3,BA078,BD037,BE003,n,,0.224,0.0,books,1.59
C_prose_ngram,involving,49,y,20,25,4,0,2.5,8.4,2.6,0.0,10,3,BA036,BA100,BB028,n,,0.143,0.0,books,3.36
C_prose_ngram,lower,49,y,23,24,2,0,2.9,8.0,1.3,0.0,9,2,BD034,BB027,BD039,n,,0.184,0.0,books,2.8
C_prose_ngram,metrobank,49,y,29,1,19,0,3.6,0.3,12.4,0.0,1,2,SD016,SA052,SB006,n,,0.02,0.0,speeches,0.09
C_prose_ngram,orders,49,y,24,22,3,0,3.0,7.4,2.0,0.0,9,3,BB027,BA057,BA041,n,,0.224,0.041,books,2.46
C_prose_ngram,pacific,49,y,23,12,13,1,2.9,4.0,8.5,2.9,6,3,SB075,CA420,SA078,n,,0.163,0.041,speeches,1.4
C_prose_ngram,series,49,y,28,13,7,1,3.5,4.3,4.6,2.9,7,3,BA032,BD039,BD049,n,,0.224,0.041,speeches,1.25
C_prose_ngram,settled,49,y,21,25,2,1,2.6,8.4,1.3,2.9,9,2,BD059,BB027,BA084,n,,0.163,0.0,books,3.2
C_prose_ngram,statutory,49,y,28,19,2,0,3.5,6.4,1.3,0.0,8,2,BA055,BA080,BA053,n,,0.122,0.0,books,1.82
C_prose_ngram,sunday,49,y,29,5,9,6,3.6,1.7,5.9,17.1,4,4,SC090,SC025,CC072,n,,0.122,0.02,biography,0.46
C_prose_ngram,training,49,y,18,26,4,1,2.2,8.7,2.6,2.9,9,3,BD034,BD039,BD064,n,,0.224,0.02,books,3.88
C_prose_ngram,union,49,y,18,23,6,2,2.2,7.7,3.9,5.7,10,3,CA434,BD053,BD064,n,,0.204,0.02,books,3.43
C_prose_ngram,united states,49,y,22,25,2,0,2.7,8.4,1.3,0.0,9,2,BD059,BD053,BD034,n,,0.224,0.02,books,3.05
C_prose_ngram,vice,49,y,27,17,5,0,3.4,5.7,3.3,0.0,8,3,BA078,BA036,CA428,n,,0.224,0.02,books,1.69
C_prose_ngram,vitug,49,y,14,34,1,0,1.7,11.4,0.7,0.0,9,2,BA036,BD034,BA086,n,,0.061,0.0,books,6.52
C_prose_ngram,acting,48,y,21,22,5,0,2.6,7.4,3.3,0.0,9,3,BA036,BB027,BA086,n,,0.104,0.0,books,2.81
C_prose_ngram,advice,48,y,21,18,8,1,2.6,6.0,5.2,2.9,9,3,BD021,BB012,CA393,n,,0.104,0.021,books,2.3
C_prose_ngram,appointments,48,y,31,16,1,0,3.9,5.4,0.7,0.0,6,2,BD061,BA005,BD036,n,,0.021,0.0,books,1.39
C_prose_ngram,christ,48,y,12,19,14,3,1.5,6.4,9.2,8.6,7,4,SC081,BC030,SC023,n,,0.104,0.021,speeches,4.25
C_prose_ngram,circumstances,48,y,24,21,3,0,3.0,7.0,2.0,0.0,9,3,BA032,BA092,BA057,n,,0.271,0.083,books,2.35
C_prose_ngram,clause,48,y,23,21,4,0,2.9,7.0,2.6,0.0,8,3,BA100,BB013,BA086,n,,0.146,0.021,books,2.45
C_prose_ngram,defined,48,y,23,23,2,0,2.9,7.7,1.3,0.0,9,2,BD054,BA080,BD039,n,,0.104,0.0,books,2.69
C_prose_ngram,duties,48,y,26,16,5,1,3.2,5.4,3.3,2.9,9,3,BD054,BB027,BA100,n,,0.188,0.021,books,1.65
C_prose_ngram,economics,48,y,18,12,16,2,2.2,4.0,10.5,5.7,9,3,BD056,CA434,SD087,n,,0.021,0.0,speeches,1.79
C_prose_ngram,exercise,48,y,19,23,6,0,2.4,7.7,3.9,0.0,7,3,BA036,BA057,BA055,n,,0.292,0.042,books,3.25
C_prose_ngram,factual,48,y,23,22,3,0,2.9,7.4,2.0,0.0,10,3,BA100,BA092,BA082,n,,0.25,0.042,books,2.57
C_prose_ngram,human rights,48,y,24,16,7,1,3.0,5.4,4.6,2.9,8,3,BD059,BD056,BB031,n,,0.042,0.0,books,1.79
C_prose_ngram,lecture,48,y,19,16,12,1,2.4,5.4,7.8,2.9,8,3,BA032,BD039,BD049,n,,0.062,0.0,speeches,2.26
C_prose_ngram,magistrates,48,y,18,26,3,1,2.2,8.7,2.0,2.9,8,3,BD054,BD036,BD049,n,,0.167,0.042,books,3.88
C_prose_ngram,manuel,48,y,25,6,15,2,3.1,2.0,9.8,5.7,3,3,SD082,SB006,CE088,n,,0.042,0.0,speeches,0.64
C_prose_ngram,mission,48,y,20,15,12,1,2.5,5.0,7.8,2.9,9,3,BD034,SB075,CE096,n,,0.146,0.083,speeches,2.01
C_prose_ngram,notice,48,y,20,25,3,0,2.5,8.4,2.0,0.0,10,3,BA032,BA100,BA082,n,,0.229,0.0,books,3.36
C_prose_ngram,number,48,y,22,16,8,2,2.7,5.4,5.2,5.7,9,3,BD036,BD035,BA080,n,,0.271,0.062,biography,1.95
C_prose_ngram,officer,48,y,24,16,8,0,3.0,5.4,5.2,0.0,8,3,BD059,BA057,CA035,n,,0.188,0.083,books,1.79
C_prose_ngram,opens,48,y,4,43,0,1,0.5,14.4,0.0,2.9,7,2,BD059,BD053,BD054,n,,0.125,0.021,books,28.87
C_prose_ngram,organized,48,y,11,21,15,1,1.4,7.0,9.8,2.9,10,3,BD053,BD034,SB075,n,,0.104,0.0,speeches,5.13
C_prose_ngram,paul,48,y,20,16,10,2,2.5,5.4,6.5,5.7,7,3,SA052,BC045,BC019,n,,0.104,0.021,speeches,2.15
C_prose_ngram,preliminary,48,y,33,12,3,0,4.1,4.0,2.0,0.0,5,3,BA091,BA069,CA003,n,,0.146,0.021,columns,0.98
C_prose_ngram,probable cause,48,y,44,3,1,0,5.5,1.0,0.7,0.0,3,2,BA057,BA069,CA410,n,,0.125,0.0,columns,0.18
C_prose_ngram,reach,48,y,21,22,4,1,2.6,7.4,2.6,2.9,8,3,CA434,BD028,BA055,n,,0.146,0.0,books,2.81
C_prose_ngram,regional,48,y,23,20,5,0,2.9,6.7,3.3,0.0,8,3,BD034,BB027,BB038,n,,0.25,0.021,books,2.34
C_prose_ngram,remedy,48,y,21,24,3,0,2.6,8.0,2.0,0.0,10,3,BA057,BA091,BA086,n,,0.292,0.021,books,3.07
C_prose_ngram,salonga's,48,y,15,12,15,6,1.9,4.0,9.8,17.1,6,4,BD054,BD021,GC026,y,mentors_and_legal_lineage,0.0,0.0,biography,2.15
C_prose_ngram,standing,48,y,13,33,0,2,1.6,11.0,0.0,5.7,10,2,BA100,BB028,BB013,n,,0.104,0.0,books,6.82
C_prose_ngram,stop,48,y,28,17,2,1,3.5,5.7,1.3,2.9,8,2,BA080,BA053,CA428,n,,0.104,0.0,books,1.63
C_prose_ngram,trial court,48,y,16,31,1,0,2.0,10.4,0.7,0.0,7,2,BA092,BA057,BD035,n,,0.354,0.083,books,5.2
C_prose_ngram,visit,48,y,29,7,10,2,3.6,2.3,6.5,5.7,3,3,SC046,CC100,BA030,n,,0.167,0.042,speeches,0.65
C_prose_ngram,annual,47,y,22,13,12,0,2.7,4.3,7.8,0.0,8,3,BD053,BD049,CB018,n,,0.106,0.0,speeches,1.59
C_prose_ngram,appointees,47,y,31,15,1,0,3.9,5.0,0.7,0.0,7,2,BD028,CA236,BD036,n,,0.191,0.021,books,1.3
C_prose_ngram,associate,47,y,25,6,9,7,3.1,2.0,5.9,20.0,4,4,BD070,SA020,CA128,n,,0.043,0.0,biography,0.64
C_prose_ngram,cardinal,47,y,24,8,12,3,3.0,2.7,7.8,8.6,6,4,BA078,SC023,SC005,n,,0.149,0.0,biography,0.9
C_prose_ngram,check,47,y,25,15,7,0,3.1,5.0,4.6,0.0,6,3,BA097,BB032,CA443,n,,0.149,0.021,books,1.61
C_prose_ngram,chosen,47,y,15,16,12,4,1.9,5.4,7.8,11.4,9,4,BD070,BD036,BD055,n,,0.149,0.021,biography,2.86
C_prose_ngram,company,47,y,23,10,14,0,2.9,3.3,9.2,0.0,6,3,SD016,SB042,SA078,n,,0.255,0.0,speeches,1.17
C_prose_ngram,competent,47,y,21,18,8,0,2.6,6.0,5.2,0.0,7,3,BD054,BD039,BD036,n,,0.106,0.0,books,2.3
C_prose_ngram,composition,47,y,37,9,1,0,4.6,3.0,0.7,0.0,6,2,BD049,CA269,CA323,n,,0.106,0.0,columns,0.65
C_prose_ngram,core,47,y,17,23,7,0,2.1,7.7,4.6,0.0,9,3,BD034,BB012,BD060,n,,0.149,0.0,books,3.63
C_prose_ngram,crimes,47,y,32,11,2,2,4.0,3.7,1.3,5.7,6,2,BA080,BA092,BA059,n,,0.17,0.064,biography,0.92
C_prose_ngram,demand,47,y,22,22,2,1,2.7,7.4,1.3,2.9,7,2,BD034,BD054,CA432,n,,0.255,0.064,books,2.69
C_prose_ngram,expected,47,y,26,16,5,0,3.2,5.4,3.3,0.0,9,3,BA097,BA041,BB028,n,,0.234,0.064,books,1.65
C_prose_ngram,firm,47,y,16,16,12,3,2.0,5.4,7.8,8.6,10,4,BD054,BC043,GC026,n,,0.106,0.021,biography,2.69
C_prose_ngram,garcia,47,y,27,18,1,1,3.4,6.0,0.7,2.9,7,2,BA032,BA055,BA100,n,,0.213,0.0,books,1.79
C_prose_ngram,higher,47,y,29,16,2,0,3.6,5.4,1.3,0.0,9,2,BD034,CA428,CC101,n,,0.213,0.021,books,1.48
C_prose_ngram,immediate,47,y,21,18,6,2,2.6,6.0,3.9,5.7,7,3,BA057,BA080,BA078,n,,0.128,0.043,books,2.3
C_prose_ngram,joseph,47,y,30,7,7,3,3.7,2.3,4.6,8.6,6,4,CA186,CA433,CA453,n,,0.149,0.0,biography,0.63
C_prose_ngram,north,47,y,29,11,7,0,3.6,3.7,4.6,0.0,8,3,CA420,CA430,BB033,n,,0.128,0.021,speeches,1.02
C_prose_ngram,participation,47,y,21,23,1,2,2.6,7.7,0.7,5.7,9,2,BB038,BB032,BD058,n,,0.17,0.0,books,2.94
C_prose_ngram,performance,47,y,22,17,8,0,2.7,5.7,5.2,0.0,9,3,BD036,BA077,BD067,n,,0.277,0.021,books,2.08
C_prose_ngram,remarks,47,y,6,12,29,0,0.7,4.0,19.0,0.0,6,3,SD082,SD044,SD087,n,,0.191,0.043,speeches,5.37
C_prose_ngram,things,47,y,12,14,18,3,1.5,4.7,11.8,8.6,7,4,BD054,SA011,GC026,n,,0.021,0.021,speeches,3.13
C_prose_ngram,winners,47,y,30,8,9,0,3.7,2.7,5.9,0.0,5,3,SD016,SD044,SD054,n,,0.085,0.021,speeches,0.72
C_prose_ngram,actually,46,y,22,18,6,0,2.7,6.0,3.9,0.0,7,3,BA057,BD028,BA078,n,,0.152,0.0,books,2.2
C_prose_ngram,agreed,46,y,15,16,13,2,1.9,5.4,8.5,5.7,9,3,BA078,BD053,SD082,n,,0.152,0.0,speeches,2.86
C_prose_ngram,came,46,y,11,21,8,6,1.4,7.0,5.2,17.1,10,4,BC045,BC046,BD070,n,,0.152,0.022,biography,5.13
C_prose_ngram,claims,46,y,30,15,1,0,3.7,5.0,0.7,0.0,6,2,BB019,BD058,CA365,n,,0.217,0.022,books,1.34
C_prose_ngram,closes,46,y,2,44,0,0,0.2,14.7,0.0,0.0,10,1,BD054,BD053,BB031,n,,0.109,0.022,books,59.08
C_prose_ngram,date,46,y,31,10,5,0,3.9,3.3,3.3,0.0,8,3,BD028,BA055,BD020,n,,0.174,0.022,columns,0.87
C_prose_ngram,executive secretary,46,y,25,15,4,2,3.1,5.0,2.6,5.7,6,3,BA100,CA426,BA089,n,,0.065,0.0,biography,1.61
C_prose_ngram,face,46,y,22,22,2,0,2.7,7.4,1.3,0.0,8,2,BA100,BB028,BA080,n,,0.152,0.022,books,2.69
C_prose_ngram,following,46,y,18,18,6,4,2.2,6.0,3.9,11.4,8,4,BA041,BD070,BD039,n,,0.217,0.022,biography,2.69
C_prose_ngram,friend,46,y,14,16,14,2,1.7,5.4,9.2,5.7,8,3,BC039,SD082,BC043,n,,0.065,0.043,speeches,3.07
C_prose_ngram,graft,46,y,32,12,2,0,4.0,4.0,1.3,0.0,6,2,BA057,CA035,CA435,n,,0.326,0.087,books,1.01
C_prose_ngram,groups,46,y,21,21,4,0,2.6,7.0,2.6,0.0,11,3,BA078,BD061,CA053,n,,0.152,0.022,books,2.69
C_prose_ngram,influence,46,y,17,22,7,0,2.1,7.4,4.6,0.0,7,3,BD062,BD070,BD064,n,,0.109,0.0,books,3.48
C_prose_ngram,investments,46,y,17,14,14,1,2.1,4.7,9.2,2.9,7,3,BD056,BD053,SA078,n,,0.087,0.0,speeches,2.21
C_prose_ngram,jobs,46,y,28,7,11,0,3.5,2.3,7.2,0.0,6,3,BB012,SA052,SB051,n,,0.109,0.022,speeches,0.67
C_prose_ngram,jurists,46,y,21,17,6,2,2.6,5.7,3.9,5.7,8,3,BD054,BD053,BD036,n,,0.065,0.0,biography,2.17
C_prose_ngram,leave,46,y,20,21,5,0,2.5,7.0,3.3,0.0,9,3,BA036,CA426,BD058,n,,0.152,0.022,books,2.82
C_prose_ngram,penned,46,y,25,18,3,0,3.1,6.0,2.0,0.0,8,3,BA057,BD054,BD028,n,,0.152,0.0,books,1.93
C_prose_ngram,playing field,46,y,6,37,3,0,0.7,12.4,2.0,0.0,5,3,BD053,BB028,BB027,n,,0.196,0.0,books,16.56
C_prose_ngram,prohibition,46,y,25,21,0,0,3.1,7.0,0.0,0.0,10,2,BA055,BB033,BA081,n,,0.239,0.065,books,2.26
C_prose_ngram,really,46,y,18,15,12,1,2.2,5.0,7.8,2.9,9,3,SD082,SA020,CB018,n,,0.087,0.0,speeches,2.24
C_prose_ngram,rejection,46,y,22,18,3,3,2.7,6.0,2.0,8.6,9,4,BD054,CA382,BA096,n,,0.196,0.022,biography,2.2
C_prose_ngram,reversal,46,y,29,12,4,1,3.6,4.0,2.6,2.9,7,3,CA035,BD028,CA187,n,,0.196,0.022,books,1.11
C_prose_ngram,sovereign,46,y,30,12,3,1,3.7,4.0,2.0,2.9,8,3,BB038,BB020,BA078,n,,0.043,0.0,books,1.07
C_prose_ngram,stand,46,y,27,16,3,0,3.4,5.4,2.0,0.0,9,3,BA055,BA078,BB038,n,,0.109,0.0,books,1.59
C_prose_ngram,statute,46,y,27,18,1,0,3.4,6.0,0.7,0.0,9,2,BA080,BA082,BA091,n,,0.174,0.0,books,1.79
C_prose_ngram,structure,46,y,21,13,11,1,2.6,4.3,7.2,2.9,8,3,BA097,BA036,BB027,n,,0.152,0.022,speeches,1.66
C_prose_ngram,taxes,46,y,26,14,5,1,3.2,4.7,3.3,2.9,6,3,BD056,BB032,CB019,n,,0.217,0.022,books,1.45
C_prose_ngram,threshold,46,y,32,11,3,0,4.0,3.7,2.0,0.0,8,3,BA032,CA147,CA079,n,,0.152,0.043,columns,0.92
C_prose_ngram,trial courts,46,y,18,26,2,0,2.2,8.7,1.3,0.0,10,2,BD053,BD034,BD039,n,,0.217,0.022,books,3.88
C_prose_ngram,agency,45,y,19,24,2,0,2.4,8.0,1.3,0.0,11,2,BB027,BB028,BB038,n,,0.222,0.044,books,3.39
C_prose_ngram,allowing,45,y,23,20,2,0,2.9,6.7,1.3,0.0,9,2,BB013,BB024,CA053,n,,0.2,0.022,books,2.34
C_prose_ngram,answered,45,y,12,27,5,1,1.5,9.0,3.3,2.9,9,3,BA078,BA080,BA053,n,,0.178,0.0,books,6.04
C_prose_ngram,approved,45,y,22,21,2,0,2.7,7.0,1.3,0.0,7,2,BD053,BA057,CA430,n,,0.333,0.0,books,2.56
C_prose_ngram,candidate,45,y,26,16,3,0,3.2,5.4,2.0,0.0,8,3,BA055,CA458,BA063,n,,0.222,0.022,books,1.65
C_prose_ngram,castro,45,y,35,7,3,0,4.4,2.3,2.0,0.0,1,3,CA186,CE093,CE070,n,,0.044,0.0,columns,0.54
C_prose_ngram,committed,45,y,26,14,4,1,3.2,4.7,2.6,2.9,8,3,BA057,BA100,BA080,n,,0.133,0.022,books,1.45
C_prose_ngram,concurring,45,y,17,27,1,0,2.1,9.0,0.7,0.0,9,2,BA036,BA100,BA057,n,,0.111,0.0,books,4.27
C_prose_ngram,contracts,45,y,14,29,2,0,1.7,9.7,1.3,0.0,10,2,BD053,BB027,BB028,n,,0.178,0.022,books,5.56
C_prose_ngram,convention,45,y,26,12,4,3,3.2,4.0,2.6,8.6,8,4,BB012,BD056,BA081,n,,0.111,0.0,biography,1.24
C_prose_ngram,deadline,45,y,33,10,1,1,4.1,3.3,0.7,2.9,5,2,CA429,BA057,BD061,n,,0.156,0.022,columns,0.81
C_prose_ngram,degree,45,y,19,16,8,2,2.4,5.4,5.2,5.7,10,3,SD087,BC039,BC045,n,,0.133,0.022,biography,2.26
C_prose_ngram,entry,45,y,24,10,7,4,3.0,3.3,4.6,11.4,7,4,BD034,BD062,BB013,n,,0.178,0.044,biography,1.12
C_prose_ngram,exchange,45,y,17,14,13,1,2.1,4.7,8.5,2.9,9,3,BD034,BD060,SA078,n,,0.133,0.0,speeches,2.21
C_prose_ngram,headed,45,y,19,20,6,0,2.4,6.7,3.9,0.0,9,3,BD034,BD036,BD049,n,,0.178,0.022,books,2.83
C_prose_ngram,holy,45,y,11,14,15,5,1.4,4.7,9.8,14.3,5,4,SC081,SC023,BC030,n,,0.089,0.044,biography,3.42
C_prose_ngram,internet,45,y,26,14,5,0,3.2,4.7,3.3,0.0,6,3,BD037,BD064,BD036,n,,0.267,0.044,books,1.45
C_prose_ngram,leonen,45,y,43,1,1,0,5.4,0.3,0.7,0.0,1,1,CA039,CA187,CC106,n,,0.2,0.0,columns,0.06
C_prose_ngram,lopez,45,y,32,2,11,0,4.0,0.7,7.2,0.0,2,2,CE088,SB042,SC097,n,,0.111,0.022,speeches,0.17
C_prose_ngram,mayor,45,y,29,12,3,1,3.6,4.0,2.0,2.9,9,3,BA039,BA089,BE018,n,,0.156,0.022,books,1.11
C_prose_ngram,organization,45,y,14,17,10,4,1.7,5.7,6.5,11.4,7,4,BC045,BD070,BD021,n,,0.111,0.0,biography,3.26
C_prose_ngram,peaceful,45,y,23,16,4,2,2.9,5.4,2.6,5.7,6,3,BE003,CA326,BA023,n,,0.222,0.022,biography,1.87
C_prose_ngram,presumption,45,y,25,17,3,0,3.1,5.7,2.0,0.0,8,3,BA080,BD059,BA091,n,,0.133,0.022,books,1.83
C_prose_ngram,professor,45,y,19,14,10,2,2.4,4.7,6.5,5.7,8,3,BD054,CA434,BD021,n,,0.044,0.0,speeches,1.98
C_prose_ngram,provided,45,y,28,12,5,0,3.5,4.0,3.3,0.0,8,3,CA427,BA078,CA429,n,,0.067,0.022,books,1.15
C_prose_ngram,qualifications,45,y,28,13,4,0,3.5,4.3,2.6,0.0,9,3,BD034,BD061,BA039,n,,0.111,0.044,books,1.25
C_prose_ngram,regular,45,y,25,17,3,0,3.1,5.7,2.0,0.0,9,3,BD034,BB028,BD056,n,,0.222,0.0,books,1.83
C_prose_ngram,scholars,45,y,26,3,16,0,3.2,1.0,10.5,0.0,3,3,SD016,SD044,SD054,n,,0.0,0.0,speeches,0.31
C_prose_ngram,simply,45,y,19,19,5,2,2.4,6.4,3.3,5.7,9,3,BA041,BA057,BB021,n,,0.133,0.0,books,2.69
C_prose_ngram,suspension,45,y,26,19,0,0,3.2,6.4,0.0,0.0,8,2,BA057,BA100,BB027,n,,0.267,0.044,books,1.96
C_prose_ngram,taking,45,y,13,24,4,4,1.6,8.0,2.6,11.4,9,4,BA036,BD053,BA057,n,,0.178,0.022,biography,4.96
C_prose_ngram,taught,45,y,14,9,20,2,1.7,3.0,13.1,5.7,6,3,BC045,CA434,CC006,n,,0.044,0.0,speeches,1.73
C_prose_ngram,traditional,45,y,26,17,2,0,3.2,5.7,1.3,0.0,8,2,BA032,BB012,BA055,n,,0.156,0.044,books,1.76
C_prose_ngram,world bank,45,y,11,24,10,0,1.4,8.0,6.5,0.0,7,3,BD053,BD039,BB031,n,,0.067,0.0,books,5.86
C_prose_ngram,years ago,45,y,19,6,19,1,2.4,2.0,12.4,2.9,5,3,SA052,CC006,BC046,n,,0.111,0.044,speeches,0.85
C_prose_ngram,ballots,44,y,29,13,2,0,3.6,4.3,1.3,0.0,5,2,BA063,BE007,BE024,n,,0.295,0.045,books,1.2
C_prose_ngram,chaired,44,y,22,13,7,2,2.7,4.3,4.6,5.7,9,3,BD034,BD021,BD037,n,,0.114,0.023,biography,1.59
C_prose_ngram,chinese,44,y,33,4,6,1,4.1,1.3,3.9,2.9,3,3,CA237,CA010,CA013,n,,0.091,0.023,columns,0.33
C_prose_ngram,confidence,44,y,14,28,2,0,1.7,9.4,1.3,0.0,9,2,BD034,BD039,BB031,n,,0.205,0.023,books,5.37
C_prose_ngram,diplomatic,44,y,32,5,6,1,4.0,1.7,3.9,2.9,3,3,CA365,CA009,CA314,n,,0.136,0.045,columns,0.42
C_prose_ngram,directly,44,y,21,18,4,1,2.6,6.0,2.6,2.9,7,3,BB028,BD070,BD039,n,,0.159,0.023,books,2.3
C_prose_ngram,francisco,44,y,18,21,4,1,2.2,7.0,2.6,2.9,8,3,BA086,BA084,BA053,n,,0.205,0.023,books,3.13
C_prose_ngram,ill-gotten,44,y,32,11,1,0,4.0,3.7,0.7,0.0,5,2,BB019,BA080,CA187,n,,0.25,0.023,columns,0.92
C_prose_ngram,market,44,y,21,14,9,0,2.6,4.7,5.9,0.0,8,3,BD056,SA078,SD016,n,,0.205,0.0,speeches,1.79
C_prose_ngram,membership,44,y,19,12,11,2,2.4,4.0,7.2,5.7,8,3,BD049,BD037,CC101,n,,0.045,0.0,speeches,1.7
C_prose_ngram,multiple,44,y,33,3,7,1,4.1,1.0,4.6,2.9,3,3,CA108,SE038,CA257,n,,0.114,0.023,speeches,0.24
C_prose_ngram,notes,44,y,4,36,4,0,0.5,12.0,2.6,0.0,8,3,BB027,BD039,BB032,n,,0.159,0.023,books,24.17
C_prose_ngram,relief,44,y,19,21,3,1,2.4,7.0,2.0,2.9,8,3,BB028,CA426,BB018,n,,0.295,0.023,books,2.97
C_prose_ngram,speak,44,y,19,15,8,2,2.4,5.0,5.2,5.7,9,3,BB031,BD037,SB075,n,,0.205,0.023,biography,2.12
C_prose_ngram,sufficient,44,y,24,20,0,0,3.0,6.7,0.0,0.0,8,2,BA069,BA086,BA082,n,,0.182,0.045,books,2.24
C_prose_ngram,tenure,44,y,26,12,5,1,3.2,4.0,3.3,2.9,8,3,BA084,CC101,BA093,n,,0.205,0.045,books,1.24
C_prose_ngram,theme,44,y,9,21,14,0,1.1,7.0,9.2,0.0,10,3,BD056,BD070,BC039,n,,0.159,0.045,speeches,6.27
C_prose_ngram,tradition,44,y,24,10,8,2,3.0,3.3,5.2,5.7,8,3,BD054,BD028,CD027,n,,0.114,0.0,biography,1.12
C_prose_ngram,unanimity,44,y,5,38,1,0,0.6,12.7,0.7,0.0,6,2,BA057,BA100,BD037,n,,0.227,0.023,books,20.41
C_prose_ngram,women,44,y,18,20,6,0,2.2,6.7,3.9,0.0,10,3,BD059,BB012,BD053,n,,0.182,0.0,books,2.98
C_prose_ngram,accept,43,y,24,9,9,1,3.0,3.0,5.9,2.9,5,3,BB012,SD082,CA393,n,,0.349,0.0,speeches,1.01
C_prose_ngram,affirmed,43,y,21,18,3,1,2.6,6.0,2.0,2.9,8,3,BA092,BD028,BA083,n,,0.302,0.023,books,2.3
C_prose_ngram,birth,43,y,28,11,3,1,3.5,3.7,2.0,2.9,10,3,BA039,CA380,CA348,n,,0.326,0.023,books,1.06
C_prose_ngram,built,43,y,11,18,12,2,1.4,6.0,7.8,5.7,7,3,BD053,BC045,BD067,n,,0.116,0.0,speeches,4.39
C_prose_ngram,capacity,43,y,21,18,3,1,2.6,6.0,2.0,2.9,10,3,BD054,BB038,BD067,n,,0.256,0.047,books,2.3
C_prose_ngram,detained,43,y,36,6,0,1,4.5,2.0,0.0,2.9,4,2,CA392,CA408,CA396,n,,0.093,0.0,columns,0.45
C_prose_ngram,flp's,43,y,22,0,21,0,2.7,0.0,13.7,0.0,0,2,SD021,SD044,SD060,y,foundation_for_liberty_and_prosperity,0.0,0.0,speeches,0.0
C_prose_ngram,founded,43,y,28,6,7,2,3.5,2.0,4.6,5.7,5,3,BC045,SA134,CE120,n,,0.186,0.0,biography,0.58
C_prose_ngram,fully,43,y,21,15,6,1,2.6,5.0,3.9,2.9,8,3,BD059,BD070,BD037,n,,0.186,0.023,books,1.92
C_prose_ngram,harvard,43,y,14,12,13,4,1.7,4.0,8.5,11.4,7,4,CA434,GC026,BC041,n,,0.047,0.0,biography,2.3
C_prose_ngram,honest,43,y,20,18,5,0,2.5,6.0,3.3,0.0,6,3,CA432,BD039,CA444,n,,0.14,0.0,books,2.42
C_prose_ngram,honesty,43,y,11,19,13,0,1.4,6.4,8.5,0.0,9,3,BD054,BD059,BD057,n,,0.116,0.047,speeches,4.64
C_prose_ngram,individual,43,y,13,25,5,0,1.6,8.4,3.3,0.0,10,3,BA041,BA100,BA097,n,,0.209,0.047,books,5.16
C_prose_ngram,initial,43,y,24,13,5,1,3.0,4.3,3.3,2.9,8,3,BA080,BA086,BB018,n,,0.186,0.0,books,1.45
C_prose_ngram,judiciary's,43,y,11,28,4,0,1.4,9.4,2.6,0.0,8,3,BD059,BD034,BD054,n,,0.116,0.023,books,6.84
C_prose_ngram,keynote,43,y,8,11,24,0,1.0,3.7,15.7,0.0,6,3,SD016,BD053,SA134,n,,0.14,0.07,speeches,3.69
C_prose_ngram,pope,43,y,19,11,10,3,2.4,3.7,6.5,8.6,6,4,BC045,SC061,SA052,n,,0.07,0.0,biography,1.55
C_prose_ngram,proclamation,43,y,21,16,6,0,2.6,5.4,3.9,0.0,7,3,BA100,CA426,BA089,n,,0.14,0.0,books,2.05
C_prose_ngram,rise,43,y,25,16,1,1,3.1,5.4,0.7,2.9,8,2,BD039,CE120,BE031,n,,0.256,0.0,books,1.72
C_prose_ngram,safeguard,43,y,22,13,8,0,2.7,4.3,5.2,0.0,5,3,BD059,BD060,BD056,n,,0.116,0.0,speeches,1.59
C_prose_ngram,sc justices,43,y,34,2,6,1,4.2,0.7,3.9,2.9,2,2,CC101,CA433,CA429,n,,0.14,0.07,columns,0.16
C_prose_ngram,solicitor,43,y,20,22,0,1,2.5,7.4,0.0,2.9,9,2,BA100,BD034,BD058,n,,0.14,0.0,books,2.95
C_prose_ngram,violated,43,y,20,23,0,0,2.5,7.7,0.0,0.0,7,2,BA100,BA080,BB028,n,,0.116,0.0,books,3.09
C_prose_ngram,ways,43,y,20,17,6,0,2.5,5.7,3.9,0.0,9,3,BB027,CA426,BE025,n,,0.116,0.0,books,2.28
C_prose_ngram,woman,43,y,21,13,9,0,2.6,4.3,5.9,0.0,8,3,BA032,BD054,BD068,n,,0.14,0.07,speeches,1.66
C_prose_ngram,assets,42,y,32,9,1,0,4.0,3.0,0.7,0.0,5,2,BB019,BB027,BB042,n,,0.238,0.024,columns,0.76
C_prose_ngram,away,42,y,20,12,7,3,2.5,4.0,4.6,8.6,7,4,BD037,SB042,BC031,n,,0.19,0.048,biography,1.61
C_prose_ngram,balance,42,y,20,16,5,1,2.5,5.4,3.3,2.9,7,3,BD036,BD058,CB018,n,,0.143,0.024,books,2.15
C_prose_ngram,bribery,42,y,25,15,2,0,3.1,5.0,1.3,0.0,7,2,CA035,BA080,CA435,n,,0.333,0.071,books,1.61
C_prose_ngram,cash,42,y,22,12,8,0,2.7,4.0,5.2,0.0,9,3,BA057,SD044,BA041,n,,0.31,0.071,speeches,1.46
C_prose_ngram,challenges,42,y,21,14,7,0,2.6,4.7,4.6,0.0,7,3,BB012,BA080,BD046,n,,0.071,0.024,books,1.79
C_prose_ngram,credible,42,y,19,23,0,0,2.4,7.7,0.0,0.0,8,2,BD054,BD037,BE007,n,,0.19,0.071,books,3.25
C_prose_ngram,department,42,y,20,17,4,1,2.5,5.7,2.6,2.9,8,3,BB038,BD064,BD049,n,,0.214,0.024,books,2.28
C_prose_ngram,gives,42,y,15,21,6,0,1.9,7.0,3.9,0.0,9,3,BA080,BA055,BA084,n,,0.143,0.0,books,3.76
C_prose_ngram,graduate,42,y,15,12,14,1,1.9,4.0,9.2,2.9,7,3,BC045,CC006,BC039,n,,0.048,0.0,speeches,2.15
C_prose_ngram,guilty,42,y,30,12,0,0,3.7,4.0,0.0,0.0,8,2,BA092,BA037,CA392,n,,0.19,0.048,books,1.07
C_prose_ngram,joining,42,y,19,12,9,2,2.4,4.0,5.9,5.7,7,3,BD036,BA036,BD045,n,,0.095,0.0,speeches,1.7
C_prose_ngram,judgments,42,y,18,20,4,0,2.2,6.7,2.6,0.0,9,3,BD053,BD054,BB031,n,,0.238,0.024,books,2.98
C_prose_ngram,largest,42,y,25,7,8,2,3.1,2.3,5.2,5.7,4,3,GC027,CC006,SB079,n,,0.167,0.024,biography,0.75
C_prose_ngram,liability,42,y,31,9,2,0,3.9,3.0,1.3,0.0,5,2,BA092,BB019,BB021,n,,0.262,0.024,columns,0.78
C_prose_ngram,little,42,y,18,9,13,2,2.2,3.0,8.5,5.7,5,3,BD070,BD037,CD027,n,,0.024,0.0,speeches,1.34
C_prose_ngram,lives,42,y,14,19,9,0,1.7,6.4,5.9,0.0,7,3,BB012,BC046,BC040,n,,0.095,0.0,books,3.64
C_prose_ngram,loss,42,y,15,18,5,4,1.9,6.0,3.3,11.4,9,4,BA057,BA055,BB021,n,,0.31,0.024,biography,3.22
C_prose_ngram,love god,42,y,6,27,5,4,0.7,9.0,3.3,11.4,6,4,BB012,BC031,BC019,n,,0.071,0.024,biography,12.09
C_prose_ngram,marginalized,42,y,21,13,8,0,2.6,4.3,5.2,0.0,7,3,BB031,BD060,BB007,n,,0.071,0.024,speeches,1.66
C_prose_ngram,panganiban's,42,y,31,4,6,1,3.9,1.3,3.9,2.9,4,3,CA185,CA128,CA356,n,,0.095,0.0,speeches,0.35
C_prose_ngram,presiding,42,y,27,12,2,1,3.4,4.0,1.3,2.9,6,2,BD039,BD049,BB027,n,,0.167,0.0,books,1.19
C_prose_ngram,reflection,42,y,20,17,4,1,2.5,5.7,2.6,2.9,7,3,BA078,BC013,SC104,n,,0.238,0.048,books,2.28
C_prose_ngram,rulings,42,y,19,23,0,0,2.4,7.7,0.0,0.0,9,2,BA057,BD053,BA100,n,,0.214,0.0,books,3.25
C_prose_ngram,session,42,y,20,15,6,1,2.5,5.0,3.9,2.9,10,3,BD034,BA032,BA078,n,,0.143,0.048,books,2.01
C_prose_ngram,sought,42,y,11,28,2,1,1.4,9.4,1.3,2.9,10,2,BA057,BA055,BA082,n,,0.119,0.0,books,6.84
C_prose_ngram,today,42,y,16,9,16,1,2.0,3.0,10.5,2.9,7,3,BB012,CD027,SB079,n,,0.167,0.024,speeches,1.51
C_prose_ngram,truly,42,y,16,14,10,2,2.0,4.7,6.5,5.7,6,3,SC090,CC006,BA033,n,,0.143,0.048,speeches,2.35
C_prose_ngram,value,42,y,21,15,5,1,2.6,5.0,3.3,2.9,10,3,BD034,BA006,BC045,n,,0.214,0.024,books,1.92
C_prose_ngram,additional,41,y,25,10,6,0,3.1,3.3,3.9,0.0,6,3,CA439,BA077,CA444,n,,0.171,0.049,speeches,1.07
C_prose_ngram,bias,41,y,23,15,3,0,2.9,5.0,2.0,0.0,8,3,BD059,BB027,BB031,n,,0.146,0.024,books,1.75
C_prose_ngram,campaign,41,y,22,15,4,0,2.7,5.0,2.6,0.0,7,3,BD070,BA055,BB027,n,,0.146,0.0,books,1.83
C_prose_ngram,citation,41,y,30,5,5,1,3.7,1.7,3.3,2.9,4,3,BD053,CA432,BD039,n,,0.195,0.049,columns,0.45
C_prose_ngram,citizenship,41,y,32,7,2,0,4.0,2.3,1.3,0.0,5,2,BA032,BA039,CA348,n,,0.146,0.024,columns,0.59
C_prose_ngram,command,41,y,16,20,3,2,2.0,6.7,2.0,5.7,10,3,BD036,BA097,BD039,n,,0.146,0.024,books,3.36
C_prose_ngram,cooperation,41,y,18,15,8,0,2.2,5.0,5.2,0.0,7,3,BD062,BD039,BD063,n,,0.122,0.073,speeches,2.24
C_prose_ngram,cost,41,y,20,13,4,4,2.5,4.3,2.6,11.4,6,4,CA432,BB013,BA055,n,,0.073,0.0,biography,1.75
C_prose_ngram,emergency,41,y,25,10,4,2,3.1,3.3,2.6,5.7,6,3,BA100,CA440,BA078,n,,0.122,0.024,biography,1.07
C_prose_ngram,formal,41,y,21,13,6,1,2.6,4.3,3.9,2.9,8,3,BA078,BD058,SA095,n,,0.098,0.049,books,1.66
C_prose_ngram,japanese,41,y,19,12,8,2,2.4,4.0,5.2,5.7,7,3,BD034,BD070,BB031,n,,0.122,0.0,biography,1.7
C_prose_ngram,legacy,41,y,16,11,12,2,2.0,3.7,7.8,5.7,4,3,SC007,BD021,CA128,n,,0.073,0.024,speeches,1.85
C_prose_ngram,lima,41,y,38,1,2,0,4.7,0.3,1.3,0.0,1,1,CA435,CA432,CA488,n,,0.146,0.0,columns,0.07
C_prose_ngram,minority,41,y,19,18,3,1,2.4,6.0,2.0,2.9,9,3,BD059,BA078,BA092,n,,0.098,0.049,books,2.54
C_prose_ngram,newspapers,41,y,12,14,14,1,1.5,4.7,9.2,2.9,9,3,BC045,CC006,SB079,n,,0.098,0.0,speeches,3.13
C_prose_ngram,ouster,41,y,35,4,2,0,4.4,1.3,1.3,0.0,3,2,BA036,CA322,CA187,n,,0.073,0.0,columns,0.31
C_prose_ngram,perlas-bernabe,41,y,35,0,6,0,4.4,0.0,3.9,0.0,0,2,SD016,CC047,CA186,n,,0.0,0.0,columns,0.0
C_prose_ngram,personnel,41,y,16,23,1,1,2.0,7.7,0.7,2.9,8,2,BD053,BD059,BD034,n,,0.171,0.049,books,3.86
C_prose_ngram,post,41,y,17,13,7,4,2.1,4.3,4.6,11.4,6,4,BD034,BD021,BC045,n,,0.146,0.024,biography,2.05
C_prose_ngram,presence,41,y,17,13,10,1,2.1,4.3,6.5,2.9,7,3,BD054,BA097,BA057,n,,0.146,0.0,speeches,2.05
C_prose_ngram,rate,41,y,22,13,6,0,2.7,4.3,3.9,0.0,6,3,BD054,BD064,BD049,n,,0.171,0.024,books,1.59
C_prose_ngram,recognized,41,y,17,18,6,0,2.1,6.0,3.9,0.0,10,3,BA036,BA078,BA055,n,,0.22,0.0,books,2.84
C_prose_ngram,repeated,41,y,24,11,5,1,3.0,3.7,3.3,2.9,8,3,BD054,BA078,CA230,n,,0.195,0.049,books,1.23
C_prose_ngram,reversed,41,y,24,15,2,0,3.0,5.0,1.3,0.0,10,2,BA032,BA057,CA039,n,,0.22,0.0,books,1.68
C_prose_ngram,safety,41,y,19,14,6,2,2.4,4.7,3.9,5.7,5,3,BD054,BA089,CA306,n,,0.122,0.049,biography,1.98
C_prose_ngram,serving,41,y,15,18,7,1,1.9,6.0,4.6,2.9,8,3,BD070,BB038,BA056,n,,0.122,0.024,books,3.22
C_prose_ngram,shares,41,y,18,13,9,1,2.2,4.3,5.9,2.9,6,3,BB038,BB019,SA095,n,,0.195,0.0,speeches,1.94
C_prose_ngram,sharing,41,y,16,13,11,1,2.0,4.3,7.2,2.9,7,3,BB012,BD056,BD039,n,,0.098,0.0,speeches,2.18
C_prose_ngram,similar,41,y,26,10,4,1,3.2,3.3,2.6,2.9,6,3,CA131,BD049,CA400,n,,0.22,0.098,books,1.03
C_prose_ngram,title,41,y,20,14,7,0,2.5,4.7,4.6,0.0,7,3,BD034,BD028,CB018,n,,0.171,0.049,books,1.88
C_prose_ngram,validity,41,y,16,20,5,0,2.0,6.7,3.3,0.0,8,3,BD059,BB013,CA035,n,,0.22,0.024,books,3.36
C_prose_ngram,voters,41,y,24,16,1,0,3.0,5.4,0.7,0.0,7,2,BA063,BA055,CA458,n,,0.293,0.024,books,1.79
C_prose_ngram,wanted,41,y,16,6,17,2,2.0,2.0,11.1,5.7,4,3,CC006,SD087,SA056,n,,0.073,0.0,speeches,1.01
C_prose_ngram,advocacy,40,y,23,9,7,1,2.9,3.0,4.6,2.9,7,3,SB075,CB018,CE096,n,,0.25,0.05,speeches,1.05
C_prose_ngram,approval,40,y,25,14,0,1,3.1,4.7,0.0,2.9,7,2,CA440,BD034,CA430,n,,0.075,0.025,books,1.5
C_prose_ngram,battle,40,y,16,17,7,0,2.0,5.7,4.6,0.0,7,3,BD062,BD057,BD068,n,,0.1,0.0,books,2.85
C_prose_ngram,brought,40,y,17,9,14,0,2.1,3.0,9.2,0.0,6,3,BC043,BA077,SC023,n,,0.175,0.075,speeches,1.42
C_prose_ngram,commitment,40,y,20,11,7,2,2.5,3.7,4.6,5.7,5,3,BA077,CD027,BD052,n,,0.125,0.0,biography,1.48
C_prose_ngram,complaints,40,y,19,18,2,1,2.4,6.0,1.3,2.9,8,2,BD036,BD035,BB028,n,,0.125,0.05,books,2.54
C_prose_ngram,contract,40,y,13,25,2,0,1.6,8.4,1.3,0.0,9,2,BB028,BB027,BB038,n,,0.275,0.05,books,5.16
C_prose_ngram,count,40,y,20,17,3,0,2.5,5.7,2.0,0.0,8,3,BE007,BA063,BE024,n,,0.25,0.025,books,2.28
C_prose_ngram,course,40,y,11,19,7,3,1.4,6.4,4.6,8.6,7,4,BD036,BD028,BD035,n,,0.15,0.025,biography,4.64
C_prose_ngram,daughter,40,y,17,7,15,1,2.1,2.3,9.8,2.9,5,3,SC023,SC091,SA020,n,,0.15,0.025,speeches,1.11
C_prose_ngram,debate,40,y,18,17,4,1,2.2,5.7,2.6,2.9,9,3,BA053,BB012,SB075,n,,0.225,0.0,books,2.54
C_prose_ngram,described,40,y,11,21,4,4,1.4,7.0,2.6,11.4,9,4,BA097,BD067,BD045,n,,0.1,0.0,biography,5.13
C_prose_ngram,directed,40,y,26,9,5,0,3.2,3.0,3.3,0.0,4,3,CA429,BA091,CA444,n,,0.175,0.075,speeches,0.93
C_prose_ngram,estate,40,y,23,10,6,1,2.9,3.3,3.9,2.9,7,3,CD027,CA135,GC027,n,,0.275,0.025,speeches,1.17
C_prose_ngram,faithful,40,y,15,14,9,2,1.9,4.7,5.9,5.7,5,3,BC019,SA052,BC030,n,,0.2,0.0,speeches,2.51
C_prose_ngram,focus,40,y,20,13,7,0,2.5,4.3,4.6,0.0,6,3,BD062,BD064,BB012,n,,0.25,0.025,speeches,1.75
C_prose_ngram,functions,40,y,13,21,6,0,1.6,7.0,3.9,0.0,9,3,BB027,BA097,BB038,n,,0.175,0.0,books,4.34
C_prose_ngram,gesmundo,40,y,31,0,9,0,3.9,0.0,5.9,0.0,0,2,SD016,CA128,CA185,n,,0.025,0.0,speeches,0.0
C_prose_ngram,hand,40,y,17,15,6,2,2.1,5.0,3.9,5.7,10,3,BA032,BA057,BD058,n,,0.175,0.025,biography,2.37
C_prose_ngram,hilario,40,y,11,20,6,3,1.4,6.7,3.9,8.6,9,4,BD034,BD049,BD064,n,,0.15,0.025,biography,4.88
C_prose_ngram,hotel,40,y,14,15,10,1,1.7,5.0,6.5,2.9,6,3,BA032,SD082,BD039,n,,0.05,0.0,speeches,2.88
C_prose_ngram,interests,40,y,16,17,7,0,2.0,5.7,4.6,0.0,7,3,BB038,BB032,BD058,n,,0.25,0.05,books,2.85
C_prose_ngram,james,40,y,17,8,12,3,2.1,2.7,7.8,8.6,6,4,SD016,BC045,SD044,n,,0.125,0.0,biography,1.26
C_prose_ngram,justice secretary,40,y,25,10,3,2,3.1,3.3,2.0,5.7,7,3,CE093,CA435,CE046,n,,0.1,0.025,biography,1.07
C_prose_ngram,launch,40,y,18,9,11,2,2.2,3.0,7.2,5.7,4,3,CA128,SC090,SC025,n,,0.15,0.0,speeches,1.34
C_prose_ngram,litigation,40,y,24,15,1,0,3.0,5.0,0.7,0.0,9,2,BD058,BB038,BB018,n,,0.275,0.025,books,1.68
C_prose_ngram,merits,40,y,20,19,0,1,2.5,6.4,0.0,2.9,9,2,BA080,BA091,BA041,n,,0.2,0.0,books,2.55
C_prose_ngram,note,40,y,21,12,6,1,2.6,4.0,3.9,2.9,7,3,BD070,CC021,CC061,n,,0.125,0.05,books,1.53
C_prose_ngram,ones,40,y,20,16,4,0,2.5,5.4,2.6,0.0,8,3,BB027,BB028,BD046,n,,0.15,0.0,books,2.15
C_prose_ngram,partisan,40,y,25,12,2,1,3.1,4.0,1.3,2.9,7,2,BD034,BD028,BA053,n,,0.1,0.0,books,1.29
C_prose_ngram,people power,40,y,13,24,2,1,1.6,8.0,1.3,2.9,8,2,BA032,BA036,BA100,n,,0.025,0.0,books,4.96
C_prose_ngram,positions,40,y,21,12,5,2,2.6,4.0,3.3,5.7,7,3,BD036,BA086,BD061,n,,0.075,0.025,biography,1.53
C_prose_ngram,prevent,40,y,19,15,4,2,2.4,5.0,2.6,5.7,6,3,BA100,BB032,CA436,n,,0.125,0.05,biography,2.12
C_prose_ngram,privacy,40,y,20,14,6,0,2.5,4.7,3.9,0.0,8,3,BA032,BA056,CA038,n,,0.2,0.075,books,1.88
C_prose_ngram,prove,40,y,25,14,1,0,3.1,4.7,0.7,0.0,6,2,BA057,BA037,BA059,n,,0.175,0.0,books,1.5
C_prose_ngram,release,40,y,26,12,1,1,3.2,4.0,0.7,2.9,5,2,BA032,BA036,BA100,n,,0.2,0.05,books,1.24
C_prose_ngram,remains,40,y,16,23,1,0,2.0,7.7,0.7,0.0,7,2,BB038,BA084,BB012,n,,0.1,0.0,books,3.86
C_prose_ngram,revolution,40,y,15,16,7,2,1.9,5.4,4.6,5.7,9,3,BA036,BD037,BB031,n,,0.125,0.0,biography,2.86
C_prose_ngram,strike,40,y,12,21,6,1,1.5,7.0,3.9,2.9,8,3,BD059,BB013,BB038,n,,0.125,0.0,books,4.7
C_prose_ngram,systems,40,y,23,14,2,1,2.9,4.7,1.3,2.9,8,2,BD037,BD049,BB012,n,,0.225,0.05,books,1.63
C_prose_ngram,theory,40,y,18,19,3,0,2.2,6.4,2.0,0.0,8,3,BA086,BA089,BA078,n,,0.2,0.0,books,2.83
C_prose_ngram,unique,40,y,21,11,8,0,2.6,3.7,5.2,0.0,10,3,BA032,BD045,CC101,n,,0.15,0.075,speeches,1.41
C_prose_ngram,water,40,y,27,8,5,0,3.4,2.7,3.3,0.0,7,3,BD056,SA078,CA382,n,,0.15,0.1,columns,0.8
C_prose_ngram,announced,39,y,19,17,2,1,2.4,5.7,1.3,2.9,7,2,BA097,BA078,BA100,n,,0.128,0.051,books,2.4
C_prose_ngram,antonio carpio,39,y,24,8,6,1,3.0,2.7,3.9,2.9,5,3,CA186,CA185,CB018,n,,0.077,0.0,speeches,0.9
C_prose_ngram,assessment,39,y,22,13,4,0,2.7,4.3,2.6,0.0,8,3,BD034,BD054,BD049,n,,0.179,0.026,books,1.59
C_prose_ngram,authorized,39,y,20,17,2,0,2.5,5.7,1.3,0.0,9,2,BA057,CA426,CA439,n,,0.154,0.0,books,2.28
C_prose_ngram,automated,39,y,19,16,3,1,2.4,5.4,2.0,2.9,5,3,BA032,BA063,BA087,n,,0.205,0.0,books,2.26
C_prose_ngram,available,39,y,20,16,3,0,2.5,5.4,2.0,0.0,8,3,BA041,BD070,BD067,n,,0.205,0.026,books,2.15
C_prose_ngram,background,39,y,22,12,5,0,2.7,4.0,3.3,0.0,6,3,BD061,CA053,CC072,n,,0.077,0.0,books,1.46
C_prose_ngram,backlog,39,y,27,9,2,1,3.4,3.0,1.3,2.9,7,2,BD039,BD064,BD035,n,,0.179,0.0,columns,0.9
C_prose_ngram,burden,39,y,18,20,0,1,2.2,6.7,0.0,2.9,10,2,BA100,BA091,BA080,n,,0.256,0.0,books,2.98
C_prose_ngram,canada,39,y,20,12,7,0,2.5,4.0,4.6,0.0,6,3,BD053,BD064,SB075,n,,0.179,0.051,speeches,1.61
C_prose_ngram,controversy,39,y,22,16,0,1,2.7,5.4,0.0,2.9,7,2,BB028,BA097,CA426,n,,0.231,0.026,books,1.95
C_prose_ngram,exam,39,y,21,2,15,1,2.6,0.7,9.8,2.9,2,2,SD016,SD044,CA110,n,,0.077,0.0,speeches,0.26
C_prose_ngram,explained,39,y,17,20,2,0,2.1,6.7,1.3,0.0,9,2,BD054,BA036,BA041,n,,0.128,0.0,books,3.16
C_prose_ngram,explaining,39,y,6,31,2,0,0.7,10.4,1.3,0.0,9,2,BD059,BA084,BD039,n,,0.231,0.0,books,13.88
C_prose_ngram,fairness,39,y,22,10,5,2,2.7,3.3,3.3,5.7,7,3,BD054,BD057,BB038,n,,0.231,0.051,biography,1.22
C_prose_ngram,finality,39,y,18,17,3,1,2.2,5.7,2.0,2.9,9,3,BA053,BA078,BB018,n,,0.231,0.051,books,2.54
C_prose_ngram,fine,39,y,26,8,4,1,3.2,2.7,2.6,2.9,5,3,CA201,BD055,CA165,n,,0.128,0.026,columns,0.83
C_prose_ngram,george,39,y,30,2,7,0,3.7,0.7,4.6,0.0,2,2,CD027,SB050,CC056,n,,0.077,0.0,speeches,0.18
C_prose_ngram,granting,39,y,18,19,2,0,2.2,6.4,1.3,0.0,9,2,BD034,BD028,BB031,n,,0.154,0.0,books,2.83
C_prose_ngram,humble,39,y,17,9,13,0,2.1,3.0,8.5,0.0,5,3,SC090,SA020,SA056,n,,0.051,0.0,speeches,1.42
C_prose_ngram,implementation,39,y,30,8,1,0,3.7,2.7,0.7,0.0,6,2,CA428,BB027,CA430,n,,0.128,0.0,columns,0.72
C_prose_ngram,implementing,39,y,15,19,5,0,1.9,6.4,3.3,0.0,9,3,BA100,BB032,BA056,n,,0.077,0.0,books,3.4
C_prose_ngram,imposed,39,y,18,19,1,1,2.2,6.4,0.7,2.9,10,2,BA092,BA059,BA086,n,,0.128,0.0,books,2.83
C_prose_ngram,include,39,y,24,11,3,1,3.0,3.7,2.0,2.9,8,3,CA440,BB019,BA081,n,,0.205,0.051,books,1.23
C_prose_ngram,included,39,y,22,13,2,2,2.7,4.3,1.3,5.7,9,2,BB013,SA020,BD020,n,,0.205,0.026,biography,1.59
C_prose_ngram,incompetence,39,y,9,19,11,0,1.1,6.4,7.2,0.0,5,3,BD059,BD039,BD064,n,,0.103,0.026,speeches,5.67
C_prose_ngram,method,39,y,17,17,5,0,2.1,5.7,3.3,0.0,9,3,BA053,CA044,BB012,n,,0.179,0.051,books,2.69
C_prose_ngram,mindanao,39,y,28,7,4,0,3.5,2.3,2.6,0.0,4,3,BB012,CC047,CA382,n,,0.103,0.0,columns,0.67
C_prose_ngram,naming,39,y,16,20,3,0,2.0,6.7,2.0,0.0,8,3,BD054,BA078,BD021,n,,0.128,0.0,books,3.36
C_prose_ngram,nationwide,39,y,15,20,3,1,1.9,6.7,2.0,2.9,6,3,BD064,BD049,BA077,n,,0.077,0.0,books,3.58
C_prose_ngram,news,39,y,20,11,6,2,2.5,3.7,3.9,5.7,7,3,BC045,CC021,BD039,n,,0.205,0.026,biography,1.48
C_prose_ngram,opened,39,y,10,21,4,4,1.2,7.0,2.6,11.4,8,4,BB031,BA078,BA097,n,,0.128,0.0,biography,5.64
C_prose_ngram,path,39,y,27,5,4,3,3.4,1.7,2.6,8.6,3,4,CA440,BA080,CE110,n,,0.051,0.0,biography,0.5
C_prose_ngram,penal,39,y,19,18,2,0,2.4,6.0,1.3,0.0,8,2,BA080,BA100,BA091,n,,0.231,0.0,books,2.54
C_prose_ngram,privilege,39,y,21,18,0,0,2.6,6.0,0.0,0.0,8,2,BD028,BA097,BA055,n,,0.077,0.0,books,2.3
C_prose_ngram,professorial chairs,39,y,20,4,14,1,2.5,1.3,9.2,2.9,2,3,SD016,SD021,SD082,n,,0.026,0.0,speeches,0.54
C_prose_ngram,remaining,39,y,26,13,0,0,3.2,4.3,0.0,0.0,7,2,BD058,BA091,BA086,n,,0.308,0.026,books,1.34
C_prose_ngram,removal,39,y,27,9,2,1,3.4,3.0,1.3,2.9,6,2,BA084,CA187,BA005,n,,0.128,0.026,columns,0.9
C_prose_ngram,resolved,39,y,17,21,1,0,2.1,7.0,0.7,0.0,9,2,BA092,BD020,BB018,n,,0.282,0.026,books,3.32
C_prose_ngram,ruled,39,y,24,12,3,0,3.0,4.0,2.0,0.0,5,3,BA080,BB029,BB042,n,,0.179,0.026,books,1.34
C_prose_ngram,safeguarding,39,y,11,15,13,0,1.4,5.0,8.5,0.0,3,3,BD059,BD056,BD062,n,,0.103,0.026,speeches,3.66
C_prose_ngram,santiago,39,y,15,21,3,0,1.9,7.0,2.0,0.0,9,3,BA032,BA036,BD034,n,,0.103,0.026,books,3.76
C_prose_ngram,strategic,39,y,30,5,3,1,3.7,1.7,2.0,2.9,3,3,BD062,BD070,CA043,n,,0.205,0.0,columns,0.45
C_prose_ngram,substantial,39,y,24,15,0,0,3.0,5.0,0.0,0.0,7,2,BA041,BA091,BA055,n,,0.256,0.077,books,1.68
C_prose_ngram,supported,39,y,10,19,10,0,1.2,6.4,6.5,0.0,9,3,BA036,BA078,BB028,n,,0.026,0.0,speeches,5.1
C_prose_ngram,technical,39,y,13,23,1,2,1.6,7.7,0.7,5.7,8,2,BB028,BA087,BB029,n,,0.256,0.0,books,4.75
C_prose_ngram,thanks,39,y,2,23,13,1,0.2,7.7,8.5,2.9,7,2,BD059,BD062,SD016,n,,0.179,0.026,speeches,30.88
C_prose_ngram,transfer,39,y,27,11,1,0,3.4,3.7,0.7,0.0,7,2,BD034,CA404,BD028,n,,0.154,0.026,books,1.09
C_prose_ngram,treaty,39,y,24,13,2,0,3.0,4.3,1.3,0.0,9,2,BA081,BD053,BB020,n,,0.077,0.0,books,1.45
C_prose_ngram,turned,39,y,12,18,8,1,1.5,6.0,5.2,2.9,8,3,BA097,BC045,CC006,n,,0.077,0.0,books,4.03
C_prose_ngram,violations,39,y,29,8,1,1,3.6,2.7,0.7,2.9,6,2,BA056,BB031,BA084,n,,0.256,0.077,columns,0.74
C_prose_ngram,andres,38,y,22,12,2,2,2.7,4.0,1.3,5.7,7,2,BD049,BD063,CD027,n,,0.105,0.053,biography,1.46
C_prose_ngram,causes,38,y,17,14,7,0,2.1,4.7,4.6,0.0,9,3,BD056,BD070,BD035,n,,0.316,0.079,books,2.21
C_prose_ngram,centenary,38,y,4,32,2,0,0.5,10.7,1.3,0.0,4,2,BA032,BD039,BA077,n,,0.158,0.0,books,21.48
C_prose_ngram,ceremony,38,y,15,4,17,2,1.9,1.3,11.1,5.7,2,3,SD016,SD044,SC007,n,,0.105,0.0,speeches,0.72
C_prose_ngram,cjp's account,38,y,0,38,0,0,0.0,12.7,0.0,0.0,7,1,BD058,BA086,BA091,n,,0.211,0.053,books,inf
C_prose_ngram,concern,38,y,22,15,1,0,2.7,5.0,0.7,0.0,8,2,BA080,BD053,BB013,n,,0.289,0.026,books,1.83
C_prose_ngram,demands,38,y,13,22,3,0,1.6,7.4,2.0,0.0,8,3,BD054,BD055,BA035,n,,0.263,0.026,books,4.54
C_prose_ngram,diversity,38,y,2,34,2,0,0.2,11.4,1.3,0.0,5,1,BD037,BD036,BD035,n,,0.211,0.0,books,45.66
C_prose_ngram,established,38,y,19,16,3,0,2.4,5.4,2.0,0.0,8,3,BD039,BB031,BD049,n,,0.211,0.0,books,2.26
C_prose_ngram,fees,38,y,14,19,4,1,1.7,6.4,2.6,2.9,5,3,BB031,BD064,BD056,n,,0.237,0.026,books,3.64
C_prose_ngram,fundamental,38,y,13,21,4,0,1.6,7.0,2.6,0.0,9,3,BD059,BA086,BA092,n,,0.132,0.0,books,4.34
C_prose_ngram,hands,38,y,9,17,9,3,1.1,5.7,5.9,8.6,8,4,BA006,BB031,CA187,n,,0.184,0.026,biography,5.07
C_prose_ngram,hilario davide,38,y,9,20,6,3,1.1,6.7,3.9,8.6,9,4,BD034,BD049,BD064,n,,0.158,0.026,biography,5.97
C_prose_ngram,infrastructure,38,y,22,16,0,0,2.7,5.4,0.0,0.0,8,2,BB027,BD049,BD046,n,,0.237,0.053,books,1.95
C_prose_ngram,investment,38,y,17,11,8,2,2.1,3.7,5.2,5.7,6,3,BD056,SB075,BB038,n,,0.158,0.079,biography,1.74
C_prose_ngram,join,38,y,13,9,14,2,1.6,3.0,9.2,5.7,7,3,SD016,BD036,CC006,n,,0.105,0.026,speeches,1.86
C_prose_ngram,jovito salonga,38,y,11,11,14,2,1.4,3.7,9.2,5.7,8,3,CA434,BC046,SA136,y,mentors_and_legal_lineage,0.0,0.0,speeches,2.69
C_prose_ngram,legal profession,38,y,12,18,8,0,1.5,6.0,5.2,0.0,8,3,BD034,BD062,BD064,n,,0.184,0.0,books,4.03
C_prose_ngram,observation,38,y,18,15,4,1,2.2,5.0,2.6,2.9,7,3,BD034,BA100,BA092,n,,0.263,0.026,books,2.24
C_prose_ngram,partnership,38,y,19,9,8,2,2.4,3.0,5.2,5.7,6,3,SD016,BD021,SD021,n,,0.053,0.0,biography,1.27
C_prose_ngram,polls,38,y,22,15,1,0,2.7,5.0,0.7,0.0,6,2,BA032,BE007,BA073,n,,0.184,0.026,books,1.83
C_prose_ngram,popular,38,y,20,16,2,0,2.5,5.4,1.3,0.0,9,2,BD059,BA055,BA084,n,,0.316,0.026,books,2.15
C_prose_ngram,public trust,38,y,21,17,0,0,2.6,5.7,0.0,0.0,8,2,BD034,BD053,BD049,n,,0.132,0.0,books,2.17
C_prose_ngram,published,38,y,14,11,10,3,1.7,3.7,6.5,8.6,6,4,BD059,SC025,SC090,n,,0.132,0.026,biography,2.11
C_prose_ngram,quezon,38,y,23,12,2,1,2.9,4.0,1.3,2.9,8,2,BA057,BD064,BD049,n,,0.158,0.0,books,1.4
C_prose_ngram,quote,38,y,30,0,6,2,3.7,0.0,3.9,5.7,0,2,CA439,CD027,CA420,n,,0.053,0.0,biography,0.0
C_prose_ngram,recommendation,38,y,23,13,1,1,2.9,4.3,0.7,2.9,7,2,CA444,BD046,CA131,n,,0.211,0.026,books,1.52
C_prose_ngram,reply,38,y,20,15,2,1,2.5,5.0,1.3,2.9,8,2,BD028,BD070,CA322,n,,0.211,0.0,books,2.01
C_prose_ngram,separate opinion,38,y,12,26,0,0,1.5,8.7,0.0,0.0,10,2,BA100,BA080,BA041,n,,0.132,0.0,books,5.82
C_prose_ngram,sitting,38,y,25,7,5,1,3.1,2.3,3.3,2.9,6,3,BA036,CA040,CA044,n,,0.079,0.0,speeches,0.75
C_prose_ngram,solicitor general,38,y,20,17,0,1,2.5,5.7,0.0,2.9,7,2,BD034,BD058,CA426,n,,0.158,0.0,books,2.28
C_prose_ngram,space,38,y,26,10,2,0,3.2,3.3,1.3,0.0,9,2,BD049,BA055,BD045,n,,0.079,0.026,books,1.03
C_prose_ngram,trump,38,y,38,0,0,0,4.7,0.0,0.0,0.0,0,1,CA188,CA020,CE057,y,global_geopolitics,0.342,0.0,columns,0.0
C_prose_ngram,uphold,38,y,14,16,7,1,1.7,5.4,4.6,2.9,7,3,BB027,BD037,BA097,n,,0.263,0.079,books,3.07
C_prose_ngram,yale,38,y,12,10,11,5,1.5,3.3,7.2,14.3,7,4,BC045,CC006,GC026,n,,0.053,0.0,biography,2.24
C_prose_ngram,allow,37,y,26,10,1,0,3.2,3.3,0.7,0.0,5,2,BA057,CA429,CA224,n,,0.162,0.027,books,1.03
C_prose_ngram,announcement,37,y,22,6,5,4,2.7,2.0,3.3,11.4,4,4,BA032,BA078,SD044,n,,0.108,0.027,biography,0.73
C_prose_ngram,binding,37,y,20,15,2,0,2.5,5.0,1.3,0.0,10,2,BD053,BB013,BD058,n,,0.135,0.0,books,2.01
C_prose_ngram,carpio's,37,y,28,4,4,1,3.5,1.3,2.6,2.9,4,3,CC061,CC106,SA041,n,,0.081,0.0,columns,0.38
C_prose_ngram,chance,37,y,17,13,7,0,2.1,4.3,4.6,0.0,7,3,BD028,BD057,BA091,n,,0.054,0.0,speeches,2.05
C_prose_ngram,chief justices,37,y,9,15,11,2,1.1,5.0,7.2,5.7,5,3,BD059,BD053,BD054,n,,0.027,0.0,speeches,4.48
C_prose_ngram,citizen,37,y,24,12,0,1,3.0,4.0,0.0,2.9,7,2,BA039,BA093,BB019,n,,0.243,0.027,books,1.34
C_prose_ngram,civic,37,y,8,17,6,6,1.0,5.7,3.9,17.1,7,4,BA078,BC019,SC014,n,,0.108,0.0,biography,5.71
C_prose_ngram,commercial,37,y,17,13,7,0,2.1,4.3,4.6,0.0,8,3,BB038,BB028,BD046,n,,0.162,0.027,speeches,2.05
C_prose_ngram,consent,37,y,22,15,0,0,2.7,5.0,0.0,0.0,7,2,CA439,BD060,BD039,n,,0.297,0.027,books,1.83
C_prose_ngram,cum laude,37,y,18,6,9,4,2.2,2.0,5.9,11.4,4,4,BC045,CC006,SB079,n,,0.054,0.027,biography,0.9
C_prose_ngram,david,37,y,22,7,8,0,2.7,2.3,5.2,0.0,4,3,BA100,BA006,CA426,n,,0.054,0.0,speeches,0.85
C_prose_ngram,died,37,y,18,7,11,1,2.2,2.3,7.2,2.9,6,3,SB079,SD087,SC061,n,,0.243,0.027,speeches,1.04
C_prose_ngram,digital,37,y,29,5,3,0,3.6,1.7,2.0,0.0,4,3,BD067,BD050,SC090,n,,0.27,0.027,columns,0.46
C_prose_ngram,francis,37,y,21,7,8,1,2.6,2.3,5.2,2.9,5,3,BA078,CD027,CC059,n,,0.189,0.027,speeches,0.9
C_prose_ngram,goals,37,y,13,16,8,0,1.6,5.4,5.2,0.0,6,3,BD056,BD067,SA134,n,,0.054,0.027,books,3.31
C_prose_ngram,god's,37,y,12,14,10,1,1.5,4.7,6.5,2.9,7,3,SC081,SC061,CC019,n,,0.0,0.0,speeches,3.13
C_prose_ngram,insufficient,37,y,17,17,2,1,2.1,5.7,1.3,2.9,9,2,BA057,BA053,BA086,n,,0.243,0.0,books,2.69
C_prose_ngram,laude,37,y,18,6,9,4,2.2,2.0,5.9,11.4,4,4,BC045,CC006,SB079,n,,0.054,0.027,biography,0.9
C_prose_ngram,leveling,37,y,2,35,0,0,0.2,11.7,0.0,0.0,5,1,BD053,BB028,BB027,n,,0.189,0.0,books,47.0
C_prose_ngram,listed,37,y,17,16,4,0,2.1,5.4,2.6,0.0,7,3,BD034,BA036,BA080,n,,0.216,0.108,books,2.53
C_prose_ngram,look,37,y,19,7,11,0,2.4,2.3,7.2,0.0,5,3,CE096,SA098,SA078,n,,0.135,0.027,speeches,0.99
C_prose_ngram,manual,37,y,18,15,3,1,2.2,5.0,2.0,2.9,6,3,BA032,BA063,BE007,n,,0.405,0.081,books,2.24
C_prose_ngram,marcos's,37,y,29,6,2,0,3.6,2.0,1.3,0.0,4,2,CA326,BB042,CA164,n,,0.162,0.0,columns,0.56
C_prose_ngram,necessary,37,y,16,14,6,1,2.0,4.7,3.9,2.9,9,3,BD053,BA097,BB038,n,,0.108,0.027,books,2.35
C_prose_ngram,objection,37,y,14,20,2,1,1.7,6.7,1.3,2.9,8,2,BB027,BA084,BA092,n,,0.162,0.054,books,3.84
C_prose_ngram,offenses,37,y,29,7,1,0,3.6,2.3,0.7,0.0,5,2,BA080,BA092,CA444,n,,0.189,0.027,columns,0.65
C_prose_ngram,offer,37,y,11,8,12,6,1.4,2.7,7.8,17.1,7,4,BD070,BA036,BC046,n,,0.108,0.027,biography,1.95
C_prose_ngram,precedents,37,y,23,14,0,0,2.9,4.7,0.0,0.0,11,2,BD053,BA053,BD020,n,,0.216,0.027,books,1.63
C_prose_ngram,readers,37,y,23,14,0,0,2.9,4.7,0.0,0.0,5,2,BD034,CA432,CA426,n,,0.162,0.0,books,1.63
C_prose_ngram,reality,37,y,21,8,8,0,2.6,2.7,5.2,0.0,5,3,BB012,BD021,SD016,n,,0.081,0.027,speeches,1.02
C_prose_ngram,reduced,37,y,20,15,2,0,2.5,5.0,1.3,0.0,9,2,BA057,BA092,BA059,n,,0.189,0.0,books,2.01
C_prose_ngram,roster,37,y,31,2,1,3,3.9,0.7,0.7,8.6,2,2,CA434,CC106,CA433,n,,0.108,0.0,biography,0.17
C_prose_ngram,sense,37,y,16,16,2,3,2.0,5.4,1.3,8.6,9,3,BD054,BA006,BD020,n,,0.135,0.027,biography,2.69
C_prose_ngram,strategy,37,y,22,12,2,1,2.7,4.0,1.3,2.9,9,2,BD039,BB013,BA077,n,,0.216,0.0,books,1.46
C_prose_ngram,substantive,37,y,12,22,2,1,1.5,7.4,1.3,2.9,8,2,BD028,BA090,BB031,n,,0.054,0.0,books,4.92
C_prose_ngram,suspended,37,y,15,19,3,0,1.9,6.4,2.0,0.0,9,3,BA032,BD039,BD036,n,,0.243,0.027,books,3.4
C_prose_ngram,taken,37,y,12,18,3,4,1.5,6.0,2.0,11.4,9,4,BA057,BD064,BB012,n,,0.189,0.0,biography,4.03
C_prose_ngram,vacancy,37,y,18,15,0,4,2.2,5.0,0.0,11.4,6,3,BD053,BD061,BD054,n,,0.027,0.027,biography,2.24
C_prose_ngram,voter,37,y,23,13,1,0,2.9,4.3,0.7,0.0,6,2,BA063,BA087,BE024,n,,0.378,0.054,books,1.52
C_prose_ngram,write,37,y,17,12,7,1,2.1,4.0,4.6,2.9,7,3,BD028,SC025,BD045,n,,0.162,0.027,speeches,1.9
C_prose_ngram,ability,36,y,19,7,8,2,2.4,2.3,5.2,5.7,4,3,CA432,BA026,CA201,n,,0.111,0.028,biography,0.99
C_prose_ngram,active,36,y,21,9,5,1,2.6,3.0,3.3,2.9,5,3,CA434,BD056,CD027,n,,0.111,0.0,speeches,1.15
C_prose_ngram,adopted,36,y,17,15,3,1,2.1,5.0,2.0,2.9,6,3,BD064,BD049,BD058,n,,0.167,0.028,books,2.37
C_prose_ngram,adviser,36,y,19,3,13,1,2.4,1.0,8.5,2.9,3,3,CC006,SC007,CE120,n,,0.056,0.028,speeches,0.42
C_prose_ngram,beda,36,y,24,0,11,1,3.0,0.0,7.2,2.9,0,2,SA056,CE070,CA185,n,,0.083,0.0,speeches,0.0
C_prose_ngram,carpio morales,36,y,27,8,1,0,3.4,2.7,0.7,0.0,4,2,CA432,BD058,CA435,n,,0.167,0.028,columns,0.8
C_prose_ngram,challenged,36,y,15,18,3,0,1.9,6.0,2.0,0.0,11,3,BA055,BA080,SA095,n,,0.222,0.056,books,3.22
C_prose_ngram,christian,36,y,10,18,6,2,1.2,6.0,3.9,5.7,8,3,BB012,BC040,BC029,n,,0.083,0.0,books,4.83
C_prose_ngram,connection,36,y,13,3,19,1,1.6,1.0,12.4,2.9,3,3,SA052,CC047,CC081,n,,0.167,0.028,speeches,0.62
C_prose_ngram,constitutional rights,36,y,22,13,1,0,2.7,4.3,0.7,0.0,5,2,BD059,BA100,BA084,n,,0.083,0.0,books,1.59
C_prose_ngram,correct,36,y,21,10,5,0,2.6,3.3,3.3,0.0,6,3,BD056,CA306,BA033,n,,0.25,0.028,books,1.28
C_prose_ngram,cover,36,y,15,17,3,1,1.9,5.7,2.0,2.9,9,3,BA032,BB032,BA056,n,,0.111,0.0,books,3.04
C_prose_ngram,decades,36,y,19,7,8,2,2.4,2.3,5.2,5.7,6,3,CA432,BC039,SC090,n,,0.194,0.083,biography,0.99
C_prose_ngram,determined,36,y,18,15,3,0,2.2,5.0,2.0,0.0,8,3,BD028,BA084,CA333,n,,0.139,0.0,books,2.24
C_prose_ngram,disputes,36,y,15,18,2,1,1.9,6.0,1.3,2.9,7,2,BA097,BB028,BD039,n,,0.333,0.028,books,3.22
C_prose_ngram,distinguished,36,y,8,18,10,0,1.0,6.0,6.5,0.0,7,3,BA032,BD059,BA036,n,,0.111,0.0,speeches,6.04
C_prose_ngram,epilogue,36,y,1,34,1,0,0.1,11.4,0.7,0.0,8,1,BD034,BA057,BA086,n,,0.222,0.028,books,91.31
C_prose_ngram,fellowship,36,y,15,11,10,0,1.9,3.7,6.5,0.0,4,3,BD059,BD054,BD070,n,,0.056,0.028,speeches,1.97
C_prose_ngram,fifth,36,y,16,17,3,0,2.0,5.7,2.0,0.0,7,3,BD053,BA057,BD054,n,,0.194,0.0,books,2.85
C_prose_ngram,fixed,36,y,19,16,1,0,2.4,5.4,0.7,0.0,8,2,BD058,BD039,BD064,n,,0.194,0.0,books,2.26
C_prose_ngram,good faith,36,y,17,15,4,0,2.1,5.0,2.6,0.0,9,3,BD053,BB028,SA095,y,faith_journey,0.25,0.0,books,2.37
C_prose_ngram,governor,36,y,26,9,1,0,3.2,3.0,0.7,0.0,7,2,BA097,BA055,CA188,n,,0.278,0.0,columns,0.93
C_prose_ngram,greater,36,y,14,14,7,1,1.7,4.7,4.6,2.9,8,3,BD049,BA084,BA080,n,,0.194,0.0,books,2.69
C_prose_ngram,guidelines,36,y,18,16,1,1,2.2,5.4,0.7,2.9,10,2,BB028,CA428,BA083,n,,0.25,0.056,books,2.39
C_prose_ngram,international law,36,y,23,9,3,1,2.9,3.0,2.0,2.9,5,3,BB020,BA039,SB075,n,,0.028,0.0,books,1.05
C_prose_ngram,intervention,36,y,17,16,1,2,2.1,5.4,0.7,5.7,7,2,BB013,BA084,BD058,n,,0.167,0.0,biography,2.53
C_prose_ngram,journey,36,y,14,5,16,1,1.7,1.7,10.5,2.9,3,3,CC006,SA052,SB079,n,,0.028,0.0,speeches,0.96
C_prose_ngram,jurist,36,y,12,17,5,2,1.5,5.7,3.3,5.7,9,3,BD034,BD059,BD049,n,,0.139,0.056,biography,3.8
C_prose_ngram,long-term,36,y,14,16,6,0,1.7,5.4,3.9,0.0,9,3,BD053,BA041,BD067,n,,0.194,0.028,books,3.07
C_prose_ngram,meant,36,y,9,21,3,3,1.1,7.0,2.0,8.6,7,4,BA086,BA053,BB019,n,,0.278,0.028,biography,6.27
C_prose_ngram,motion for reconsideration,36,y,12,22,1,1,1.5,7.4,0.7,2.9,10,2,BA057,CA039,BA080,n,,0.333,0.083,books,4.92
C_prose_ngram,nearly,36,y,12,16,6,2,1.5,5.4,3.9,5.7,9,3,BD059,BD070,BD045,n,,0.139,0.028,biography,3.58
C_prose_ngram,noted,36,y,14,19,3,0,1.7,6.4,2.0,0.0,7,3,BD034,BA097,BB019,n,,0.167,0.0,books,3.64
C_prose_ngram,partner,36,y,16,8,9,3,2.0,2.7,5.9,8.6,7,4,BC043,CC061,BB038,n,,0.083,0.0,biography,1.34
C_prose_ngram,practical,36,y,18,14,3,1,2.2,4.7,2.0,2.9,8,3,CA432,BB038,BD021,n,,0.111,0.028,books,2.09
C_prose_ngram,presumed,36,y,18,18,0,0,2.2,6.0,0.0,0.0,8,2,BA091,BA082,BA056,n,,0.306,0.028,books,2.69
C_prose_ngram,public office,36,y,28,5,3,0,3.5,1.7,2.0,0.0,4,3,CA224,BB012,CA274,n,,0.167,0.0,columns,0.48
C_prose_ngram,publicly,36,y,19,10,5,2,2.4,3.3,3.3,5.7,6,3,BD028,CA436,CA393,n,,0.306,0.111,biography,1.41
C_prose_ngram,quoting,36,y,5,28,2,1,0.6,9.4,1.3,2.9,9,2,BA032,BD054,BB012,n,,0.083,0.028,books,15.04
C_prose_ngram,reader,36,y,26,8,1,1,3.2,2.7,0.7,2.9,4,2,CA433,CA068,CA064,n,,0.139,0.0,columns,0.83
C_prose_ngram,reference,36,y,26,8,2,0,3.2,2.7,1.3,0.0,6,2,BA032,BA056,CA219,n,,0.167,0.028,columns,0.83
C_prose_ngram,relations,36,y,18,15,3,0,2.2,5.0,2.0,0.0,9,3,BD056,BA041,BA077,n,,0.25,0.056,books,2.24
C_prose_ngram,released,36,y,27,9,0,0,3.4,3.0,0.0,0.0,6,2,CA429,BD028,CA444,n,,0.139,0.056,columns,0.9
C_prose_ngram,research,36,y,13,17,6,0,1.6,5.7,3.9,0.0,9,3,BD054,BD037,BD050,n,,0.222,0.0,books,3.51
C_prose_ngram,respondents,36,y,17,19,0,0,2.1,6.4,0.0,0.0,7,2,BA100,BA080,BB019,n,,0.222,0.0,books,3.0
C_prose_ngram,restraint,36,y,15,19,1,1,1.9,6.4,0.7,2.9,9,2,BA084,BB027,BD034,n,,0.056,0.0,books,3.4
C_prose_ngram,reverse,36,y,20,14,2,0,2.5,4.7,1.3,0.0,8,2,CA039,BD053,BA084,n,,0.167,0.0,books,1.88
C_prose_ngram,revised,36,y,20,16,0,0,2.5,5.4,0.0,0.0,9,2,BA080,BA037,BA069,n,,0.306,0.028,books,2.15
C_prose_ngram,rich,36,y,16,16,3,1,2.0,5.4,2.0,2.9,8,3,BB012,CA432,BA055,n,,0.139,0.028,books,2.69
C_prose_ngram,stay,36,y,8,17,9,2,1.0,5.7,5.9,5.7,8,3,CA434,BB028,BE003,n,,0.167,0.0,speeches,5.71
C_prose_ngram,street,36,y,11,11,10,4,1.4,3.7,6.5,11.4,7,4,SB079,CB018,SA111,n,,0.056,0.028,biography,2.69
C_prose_ngram,supervision,36,y,11,23,2,0,1.4,7.7,1.3,0.0,9,2,BB027,BA032,BB038,n,,0.083,0.028,books,5.62
C_prose_ngram,told,36,y,8,18,8,2,1.0,6.0,5.2,5.7,8,3,BD054,BC040,SD044,n,,0.139,0.0,books,6.04
C_prose_ngram,treatment,36,y,21,13,2,0,2.6,4.3,1.3,0.0,9,2,BA055,CA022,CC106,n,,0.111,0.056,books,1.66
C_prose_ngram,warrant,36,y,26,10,0,0,3.2,3.3,0.0,0.0,5,2,BA069,BA057,BA082,n,,0.167,0.0,books,1.03
C_prose_ngram,weak,36,y,9,19,7,1,1.1,6.4,4.6,2.9,6,3,BA097,BD070,BA100,n,,0.139,0.056,books,5.67
C_prose_ngram,worth,36,y,17,11,8,0,2.1,3.7,5.2,0.0,5,3,SD016,BC043,BD055,n,,0.222,0.028,speeches,1.74
C_prose_ngram,abad,35,y,19,10,5,1,2.4,3.3,3.3,2.9,6,3,BD059,BD056,CA040,n,,0.114,0.0,books,1.41
C_prose_ngram,according,35,y,16,8,10,1,2.0,2.7,6.5,2.9,6,3,CC101,BA056,SC084,n,,0.086,0.0,speeches,1.34
C_prose_ngram,administration,35,y,13,16,4,2,1.6,5.4,2.6,5.7,7,3,BD054,BD036,SB075,n,,0.143,0.0,biography,3.31
C_prose_ngram,ballot,35,y,22,13,0,0,2.7,4.3,0.0,0.0,5,2,BA063,BE014,BE015,n,,0.229,0.057,books,1.59
C_prose_ngram,cj sereno,35,y,32,0,3,0,4.0,0.0,2.0,0.0,0,2,CA186,CC101,CB018,n,,0.114,0.029,columns,0.0
C_prose_ngram,commissioner,35,y,19,12,2,2,2.4,4.0,1.3,5.7,6,2,BB019,BA087,BA086,n,,0.257,0.0,biography,1.7
C_prose_ngram,concept,35,y,16,9,9,1,2.0,3.0,5.9,2.9,7,3,BA036,CA439,BB033,n,,0.143,0.029,speeches,1.51
C_prose_ngram,constitution's,35,y,14,16,4,1,1.7,5.4,2.6,2.9,8,3,BD054,BB027,CA439,n,,0.086,0.0,books,3.07
C_prose_ngram,constitutionally,35,y,15,20,0,0,1.9,6.7,0.0,0.0,8,2,BB013,BA086,BA089,n,,0.2,0.0,books,3.58
C_prose_ngram,convicted,35,y,25,8,1,1,3.1,2.7,0.7,2.9,5,2,BA057,BA037,CA086,n,,0.257,0.029,columns,0.86
C_prose_ngram,corporations,35,y,17,13,5,0,2.1,4.3,3.3,0.0,5,3,BB033,BB019,BB018,n,,0.343,0.057,books,2.05
C_prose_ngram,davide's,35,y,8,22,3,2,1.0,7.4,2.0,5.7,9,3,BD034,BD054,BD049,n,,0.057,0.0,books,7.39
C_prose_ngram,distribution,35,y,13,13,8,1,1.6,4.3,5.2,2.9,7,3,BD060,BD062,SB075,n,,0.143,0.029,speeches,2.69
C_prose_ngram,divisions,35,y,24,8,2,1,3.0,2.7,1.3,2.9,6,2,BD034,BD028,CA040,n,,0.114,0.0,columns,0.9
C_prose_ngram,double,35,y,18,11,6,0,2.2,3.7,3.9,0.0,6,3,BC043,CA086,CA410,n,,0.057,0.0,speeches,1.64
C_prose_ngram,drilon,35,y,24,6,5,0,3.0,2.0,3.3,0.0,5,3,BA032,CA429,CA488,n,,0.114,0.029,speeches,0.67
C_prose_ngram,elements,35,y,21,13,1,0,2.6,4.3,0.7,0.0,9,2,BA057,BA080,BA091,n,,0.314,0.086,books,1.66
C_prose_ngram,examples,35,y,26,4,5,0,3.2,1.3,3.3,0.0,3,3,BD034,CA053,BA056,n,,0.143,0.0,speeches,0.41
C_prose_ngram,exceptions,35,y,24,10,1,0,3.0,3.3,0.7,0.0,7,2,BA032,BA100,CA440,n,,0.2,0.0,books,1.12
C_prose_ngram,expression,35,y,16,12,6,1,2.0,4.0,3.9,2.9,9,3,BA032,BD059,BA079,n,,0.229,0.029,books,2.01
C_prose_ngram,families,35,y,19,12,3,1,2.4,4.0,2.0,2.9,5,3,BD056,BD064,CA431,n,,0.2,0.0,books,1.7
C_prose_ngram,fiscal,35,y,12,22,1,0,1.5,7.4,0.7,0.0,9,2,BA032,BD034,BD039,n,,0.057,0.0,books,4.92
C_prose_ngram,funding,35,y,14,16,4,1,1.7,5.4,2.6,2.9,7,3,BD039,BD064,BD049,n,,0.057,0.0,books,3.07
C_prose_ngram,gloria,35,y,12,17,3,3,1.5,5.7,2.0,8.6,6,4,BA078,BA036,BA100,n,,0.057,0.0,biography,3.8
C_prose_ngram,government's,35,y,17,15,3,0,2.1,5.0,2.0,0.0,9,3,BD054,BB032,SA095,n,,0.114,0.0,books,2.37
C_prose_ngram,guest,35,y,14,6,15,0,1.7,2.0,9.8,0.0,5,3,SC007,SD087,SB006,n,,0.029,0.0,speeches,1.15
C_prose_ngram,guilt,35,y,26,9,0,0,3.2,3.0,0.0,0.0,6,2,CA392,CA408,BA037,n,,0.057,0.0,columns,0.93
C_prose_ngram,gutierrez,35,y,16,17,2,0,2.0,5.7,1.3,0.0,5,2,BA036,BA086,BD058,n,,0.114,0.029,books,2.85
C_prose_ngram,heard,35,y,13,18,3,1,1.6,6.0,2.0,2.9,7,3,BD054,BA100,BB031,n,,0.086,0.0,books,3.72
C_prose_ngram,imprisonment,35,y,25,6,1,3,3.1,2.0,0.7,8.6,4,3,BA083,CA391,CA468,n,,0.2,0.029,biography,0.64
C_prose_ngram,level,35,y,16,13,6,0,2.0,4.3,3.9,0.0,7,3,BB038,SB075,CE096,n,,0.257,0.057,books,2.18
C_prose_ngram,miguel,35,y,18,4,12,1,2.2,1.3,7.8,2.9,3,3,CA433,SD044,BC019,n,,0.114,0.0,speeches,0.6
C_prose_ngram,nominees,35,y,15,18,2,0,1.9,6.0,1.3,0.0,9,2,BD053,BD034,BD061,n,,0.114,0.029,books,3.22
C_prose_ngram,noting,35,y,2,33,0,0,0.2,11.0,0.0,0.0,10,1,BA084,BD036,BD062,n,,0.171,0.029,books,44.31
C_prose_ngram,online,35,y,22,4,9,0,2.7,1.3,5.9,0.0,3,3,BC039,BB028,SD027,n,,0.171,0.029,speeches,0.49
C_prose_ngram,pages,35,y,27,3,3,2,3.4,1.0,2.0,5.7,2,3,BD056,BD020,SA020,n,,0.114,0.029,biography,0.3
C_prose_ngram,pcgg,35,y,24,11,0,0,3.0,3.7,0.0,0.0,7,2,BB019,CA187,BD058,n,,0.371,0.057,books,1.23
C_prose_ngram,philja,35,y,7,24,4,0,0.9,8.0,2.6,0.0,8,3,BD053,BD039,BD064,n,,0.114,0.0,books,9.21
C_prose_ngram,received,35,y,20,10,5,0,2.5,3.3,3.3,0.0,7,3,BD055,BD071,SD044,n,,0.171,0.0,books,1.34
C_prose_ngram,renaissance,35,y,2,29,4,0,0.2,9.7,2.6,0.0,5,2,BD053,BB031,BD054,n,,0.114,0.0,books,38.94
C_prose_ngram,san beda,35,y,23,0,11,1,2.9,0.0,7.2,2.9,0,2,SA056,CE070,CA185,n,,0.086,0.0,speeches,0.0
C_prose_ngram,seek,35,y,19,9,5,2,2.4,3.0,3.3,5.7,6,3,BA091,CE046,CA453,n,,0.229,0.029,biography,1.27
C_prose_ngram,sessions,35,y,16,12,6,1,2.0,4.0,3.9,2.9,7,3,BD059,BA078,BA097,n,,0.257,0.029,books,2.01
C_prose_ngram,start,35,y,16,12,5,2,2.0,4.0,3.3,5.7,5,3,BA078,BD041,BA096,n,,0.171,0.0,biography,2.01
C_prose_ngram,transparent,35,y,15,15,5,0,1.9,5.0,3.3,0.0,8,3,BD053,BD059,BD037,n,,0.114,0.0,books,2.69
C_prose_ngram,voluntary,35,y,19,16,0,0,2.4,5.4,0.0,0.0,9,2,BA036,BA078,BA092,n,,0.229,0.029,books,2.26
C_prose_ngram,went,35,y,12,13,8,2,1.5,4.3,5.2,5.7,7,3,BA078,BB017,CA443,n,,0.171,0.0,biography,2.91
C_prose_ngram,window,35,y,26,7,2,0,3.2,2.3,1.3,0.0,7,2,BA036,BD028,BD037,n,,0.143,0.057,columns,0.72
C_prose_ngram,acid,34,y,7,13,14,0,0.9,4.3,9.2,0.0,2,3,BD059,BD064,BD062,n,,0.088,0.029,speeches,4.99
C_prose_ngram,admitted,34,y,20,13,1,0,2.5,4.3,0.7,0.0,6,2,BA091,CA498,CA504,n,,0.235,0.0,books,1.75
C_prose_ngram,agreements,34,y,12,19,3,0,1.5,6.4,2.0,0.0,10,3,BB038,BB032,BB033,n,,0.176,0.059,books,4.25
C_prose_ngram,allegedly,34,y,26,8,0,0,3.2,2.7,0.0,0.0,6,2,BA100,BB019,CA416,n,,0.294,0.088,columns,0.83
C_prose_ngram,apjr,34,y,6,19,9,0,0.7,6.4,5.9,0.0,6,3,BD049,BD064,BD039,y,judicial_reform,0.0,0.0,books,8.5
C_prose_ngram,applies,34,y,14,19,1,0,1.7,6.4,0.7,0.0,8,2,BA080,BD053,BA084,n,,0.176,0.0,books,3.64
C_prose_ngram,aquino's,34,y,20,8,6,0,2.5,2.7,3.9,0.0,5,3,CA439,CA236,CE120,n,,0.059,0.0,speeches,1.07
C_prose_ngram,arbitral,34,y,31,1,2,0,3.9,0.3,1.3,0.0,1,1,CA009,CA010,CA237,n,,0.118,0.029,columns,0.09
C_prose_ngram,articles,34,y,16,12,6,0,2.0,4.0,3.9,0.0,5,3,CA444,CA175,BA008,n,,0.147,0.059,books,2.01
C_prose_ngram,build,34,y,14,14,5,1,1.7,4.7,3.3,2.9,9,3,CA434,BD056,BD063,n,,0.059,0.0,books,2.69
C_prose_ngram,cj davide,34,y,14,8,11,1,1.7,2.7,7.2,2.9,5,3,BD070,BA036,SD082,n,,0.176,0.029,speeches,1.53
C_prose_ngram,compliance,34,y,23,9,1,1,2.9,3.0,0.7,2.9,6,2,BA082,BB019,CA468,n,,0.324,0.0,books,1.05
C_prose_ngram,concrete,34,y,7,26,1,0,0.9,8.7,0.7,0.0,10,2,BD034,BD056,BD062,n,,0.118,0.0,books,9.98
C_prose_ngram,conflict,34,y,17,15,2,0,2.1,5.0,1.3,0.0,8,2,BD056,BA097,BD039,n,,0.147,0.029,books,2.37
C_prose_ngram,corrupt,34,y,13,15,6,0,1.6,5.0,3.9,0.0,7,3,BD056,BD036,SA098,n,,0.118,0.0,books,3.1
C_prose_ngram,credibility,34,y,16,14,2,2,2.0,4.7,1.3,5.7,7,2,BA078,BD057,BD061,n,,0.206,0.029,biography,2.35
C_prose_ngram,crisis,34,y,14,14,2,4,1.7,4.7,1.3,11.4,7,3,BD056,BE003,BD057,n,,0.176,0.029,biography,2.69
C_prose_ngram,defend,34,y,24,9,1,0,3.0,3.0,0.7,0.0,5,2,BD059,CC101,BD056,n,,0.147,0.029,books,1.01
C_prose_ngram,district,34,y,19,12,3,0,2.4,4.0,2.0,0.0,7,3,BA053,BB007,CA147,n,,0.294,0.029,books,1.7
C_prose_ngram,effort,34,y,11,16,6,1,1.4,5.4,3.9,2.9,9,3,BD034,BD055,BB013,n,,0.176,0.059,books,3.91
C_prose_ngram,engineering,34,y,16,10,6,2,2.0,3.3,3.9,5.7,7,3,BC039,CC006,BC019,n,,0.176,0.059,biography,1.68
C_prose_ngram,enrile,34,y,26,6,0,2,3.2,2.0,0.0,5.7,3,2,CA368,CA374,CA410,n,,0.059,0.0,biography,0.62
C_prose_ngram,explanation,34,y,15,13,6,0,1.9,4.3,3.9,0.0,7,3,BA036,BB027,BB012,n,,0.176,0.059,books,2.33
C_prose_ngram,fidel,34,y,12,12,5,5,1.5,4.0,3.3,14.3,5,4,BD070,BC045,SA136,n,,0.029,0.0,biography,2.69
C_prose_ngram,finally,34,y,16,13,2,3,2.0,4.3,1.3,8.6,8,3,BA057,BD028,CC101,n,,0.118,0.029,biography,2.18
C_prose_ngram,frame,34,y,12,19,2,1,1.5,6.4,1.3,2.9,9,2,BB012,BA077,BD021,n,,0.147,0.029,books,4.25
C_prose_ngram,god serve,34,y,3,25,3,3,0.4,8.4,2.0,8.6,4,4,BB012,BC023,BC031,n,,0.088,0.029,biography,22.38
C_prose_ngram,god serve man,34,y,3,25,3,3,0.4,8.4,2.0,8.6,4,4,BB012,BC023,BC031,n,,0.088,0.029,biography,22.38
C_prose_ngram,grants,34,y,14,17,3,0,1.7,5.7,2.0,0.0,8,3,BD059,BD053,BA100,n,,0.088,0.029,books,3.26
C_prose_ngram,holdings,34,y,13,10,11,0,1.6,3.3,7.2,0.0,6,3,SA078,CA053,CA050,n,,0.235,0.029,speeches,2.07
C_prose_ngram,ignored,34,y,25,8,1,0,3.1,2.7,0.7,0.0,3,2,CA440,BA057,BA020,n,,0.147,0.0,columns,0.86
C_prose_ngram,ill-gotten wealth,34,y,25,8,1,0,3.1,2.7,0.7,0.0,5,2,BB019,BA080,BD058,n,,0.324,0.029,columns,0.86
C_prose_ngram,intellectual,34,y,8,21,4,1,1.0,7.0,2.6,2.9,10,3,BD059,BD054,BD053,n,,0.176,0.029,books,7.05
C_prose_ngram,items,34,y,24,9,1,0,3.0,3.0,0.7,0.0,5,2,BD059,BD034,BD028,n,,0.206,0.029,books,1.01
C_prose_ngram,kinship,34,y,14,13,7,0,1.7,4.3,4.6,0.0,8,3,BD059,BD036,BD039,n,,0.088,0.029,speeches,2.49
C_prose_ngram,law school,34,y,15,10,7,2,1.9,3.3,4.6,5.7,7,3,BD021,CA393,GC026,n,,0.118,0.0,biography,1.79
C_prose_ngram,legitimate,34,y,24,10,0,0,3.0,3.3,0.0,0.0,5,2,BB038,BA084,BB020,n,,0.235,0.118,books,1.12
C_prose_ngram,leveling the playing,34,y,1,33,0,0,0.1,11.0,0.0,0.0,5,1,BB028,BB027,BB031,n,,0.206,0.0,books,88.63
C_prose_ngram,love god serve,34,y,3,25,3,3,0.4,8.4,2.0,8.6,4,4,BB012,BC023,BC031,n,,0.088,0.029,biography,22.38
C_prose_ngram,malaysia,34,y,29,2,3,0,3.6,0.7,2.0,0.0,2,2,CA420,CD027,CA314,n,,0.088,0.029,columns,0.19
C_prose_ngram,melo,34,y,10,22,1,1,1.2,7.4,0.7,2.9,8,2,BA057,BA053,CA426,n,,0.206,0.029,books,5.91
C_prose_ngram,message,34,y,14,12,7,1,1.7,4.0,4.6,2.9,8,3,SC010,CC019,BC006,n,,0.118,0.0,speeches,2.3
C_prose_ngram,metro manila,34,y,16,12,6,0,2.0,4.0,3.9,0.0,9,3,BA077,BD064,BD049,n,,0.176,0.0,books,2.01
C_prose_ngram,mind,34,y,12,15,6,1,1.5,5.0,3.9,2.9,9,3,BA078,BA036,BC046,n,,0.176,0.029,books,3.36
C_prose_ngram,oral argument,34,y,17,17,0,0,2.1,5.7,0.0,0.0,10,2,BA057,BA080,CA039,n,,0.147,0.029,books,2.69
C_prose_ngram,outstanding,34,y,12,13,8,1,1.5,4.3,5.2,2.9,7,3,BC019,SC007,BC036,n,,0.088,0.0,speeches,2.91
C_prose_ngram,parliamentary,34,y,24,8,2,0,3.0,2.7,1.3,0.0,3,2,BA097,CA430,BA001,n,,0.029,0.0,columns,0.9
C_prose_ngram,proclaimed,34,y,11,14,8,1,1.4,4.7,5.2,2.9,6,3,BE007,CA458,SC014,n,,0.118,0.059,speeches,3.42
C_prose_ngram,produced,34,y,8,20,4,2,1.0,6.7,2.6,5.7,10,3,BD020,BC045,BD046,n,,0.059,0.029,books,6.71
C_prose_ngram,representation,34,y,19,12,3,0,2.4,4.0,2.0,0.0,8,3,BA032,BB007,BA057,n,,0.235,0.0,books,1.7
C_prose_ngram,risks,34,y,25,5,4,0,3.1,1.7,2.6,0.0,5,3,CB019,BA082,BE019,n,,0.235,0.088,columns,0.54
C_prose_ngram,rosario,34,y,23,4,6,1,2.9,1.3,3.9,2.9,4,3,CE088,BC045,CE096,n,,0.118,0.0,speeches,0.47
C_prose_ngram,secure,34,y,21,12,1,0,2.6,4.0,0.7,0.0,5,2,BB032,CA219,BA093,n,,0.147,0.029,books,1.53
C_prose_ngram,sent,34,y,10,14,9,1,1.2,4.7,5.9,2.9,7,3,BA036,BA077,BD028,n,,0.176,0.029,speeches,3.76
C_prose_ngram,serve man,34,y,3,25,3,3,0.4,8.4,2.0,8.6,4,4,BB012,BC023,BC031,n,,0.088,0.029,biography,22.38
C_prose_ngram,silence,34,y,21,10,0,3,2.6,3.3,0.0,8.6,7,3,BD037,BA082,BA053,n,,0.118,0.0,biography,1.28
C_prose_ngram,spiritual,34,y,6,14,10,4,0.7,4.7,6.5,11.4,8,4,BC040,BC039,SC023,n,,0.059,0.029,biography,6.27
C_prose_ngram,strictly,34,y,14,18,2,0,1.7,6.0,1.3,0.0,7,2,BB027,BA092,BD046,n,,0.176,0.0,books,3.45
C_prose_ngram,submitted,34,y,21,8,3,2,2.6,2.7,2.0,5.7,6,3,BD028,BB019,BA069,n,,0.265,0.088,biography,1.02
C_prose_ngram,temporary,34,y,21,12,1,0,2.6,4.0,0.7,0.0,7,2,BA036,BA057,BB021,n,,0.176,0.0,books,1.53
C_prose_ngram,territorial,34,y,30,3,1,0,3.7,1.0,0.7,0.0,3,2,CA365,CA010,CA237,n,,0.029,0.0,columns,0.27
C_prose_ngram,topnotcher,34,y,12,7,12,3,1.5,2.3,7.8,8.6,4,4,SD087,SD044,CA393,n,,0.029,0.0,biography,1.57
C_prose_ngram,transparency unanimity,34,y,1,33,0,0,0.1,11.0,0.0,0.0,4,1,BD037,BA082,BD036,n,,0.206,0.0,books,88.63
C_prose_ngram,twice,34,y,16,10,7,1,2.0,3.3,4.6,2.9,5,3,CA393,BD036,BA057,n,,0.265,0.088,speeches,1.68
C_prose_ngram,voided,34,y,16,17,1,0,2.0,5.7,0.7,0.0,7,2,BA032,BB028,BB032,n,,0.176,0.029,books,2.85
C_prose_ngram,yan kee,34,y,23,0,11,0,2.9,0.0,7.2,0.0,0,2,SD016,SD021,SD054,n,,0.0,0.0,speeches,0.0
C_prose_ngram,acquitted,33,y,24,9,0,0,3.0,3.0,0.0,0.0,6,2,BA057,BA083,CA108,n,,0.242,0.061,books,1.01
C_prose_ngram,added,33,y,19,12,2,0,2.4,4.0,1.3,0.0,6,2,BA084,CA426,BD064,n,,0.273,0.061,books,1.7
C_prose_ngram,allows,33,y,19,11,3,0,2.4,3.7,2.0,0.0,7,3,BB032,BA081,BD046,n,,0.242,0.03,books,1.55
C_prose_ngram,australia,33,y,15,15,3,0,1.9,5.0,2.0,0.0,6,3,BD053,BD039,BA097,n,,0.242,0.061,books,2.69
C_prose_ngram,bayani,33,y,20,8,3,2,2.5,2.7,2.0,5.7,5,3,CA187,CA147,CA479,n,,0.152,0.061,biography,1.07
C_prose_ngram,believe,33,y,17,4,11,1,2.1,1.3,7.2,2.9,4,3,SB075,CC101,SD082,n,,0.152,0.03,speeches,0.63
C_prose_ngram,benefit,33,y,26,6,1,0,3.2,2.0,0.7,0.0,4,2,BB028,BB024,BB030,n,,0.121,0.0,columns,0.62
C_prose_ngram,bersamin,33,y,29,1,3,0,3.6,0.3,2.0,0.0,1,2,CA185,CA186,CC106,n,,0.121,0.0,columns,0.09
C_prose_ngram,century,33,y,6,20,7,0,0.7,6.7,4.6,0.0,8,3,BD059,BB012,BB028,n,,0.121,0.0,books,8.95
C_prose_ngram,civil code,33,y,21,10,2,0,2.6,3.3,1.3,0.0,4,2,BA056,CA102,BA058,n,,0.364,0.0,books,1.28
C_prose_ngram,clearly,33,y,15,15,3,0,1.9,5.0,2.0,0.0,5,3,BD059,BB017,BA039,n,,0.242,0.0,books,2.69
C_prose_ngram,corp,33,y,26,4,3,0,3.2,1.3,2.0,0.0,4,3,CA420,SC007,CE088,n,,0.091,0.0,columns,0.41
C_prose_ngram,corpus,33,y,22,4,7,0,2.7,1.3,4.6,0.0,3,3,CA086,CA392,CA306,n,,0.091,0.03,speeches,0.49
C_prose_ngram,difficult,33,y,21,8,4,0,2.6,2.7,2.6,0.0,4,3,BD028,CA439,CB018,n,,0.121,0.0,books,1.02
C_prose_ngram,express,33,y,16,16,1,0,2.0,5.4,0.7,0.0,10,2,BD053,BB038,CA333,n,,0.303,0.0,books,2.69
C_prose_ngram,false,33,y,20,11,1,1,2.5,3.7,0.7,2.9,6,2,CA165,CA353,CA362,n,,0.303,0.0,books,1.48
C_prose_ngram,fear,33,y,18,10,5,0,2.2,3.3,3.3,0.0,8,3,BD054,BC043,CE003,n,,0.121,0.0,books,1.49
C_prose_ngram,finance,33,y,22,6,4,1,2.7,2.0,2.6,2.9,4,3,BD067,CA444,CE042,n,,0.212,0.03,biography,0.73
C_prose_ngram,globalization,33,y,10,20,3,0,1.2,6.7,2.0,0.0,10,3,BA032,BD059,BD022,n,,0.152,0.0,books,5.37
C_prose_ngram,gma's,33,y,14,14,4,1,1.7,4.7,2.6,2.9,1,3,BE003,BA001,BE005,y,philippine_political_landscape,0.061,0.0,books,2.69
C_prose_ngram,gospel,33,y,5,16,9,3,0.6,5.4,5.9,8.6,6,4,BB012,SC104,BD034,n,,0.091,0.061,biography,8.59
C_prose_ngram,grandchildren,33,y,12,3,18,0,1.5,1.0,11.8,0.0,3,3,SC010,CC111,SD044,y,family_and_marriage,0.091,0.0,speeches,0.67
C_prose_ngram,heads,33,y,20,9,4,0,2.5,3.0,2.6,0.0,4,3,BA097,BA078,BD070,n,,0.121,0.0,books,1.21
C_prose_ngram,indispensable,33,y,14,19,0,0,1.7,6.4,0.0,0.0,9,2,BA057,BB031,BB038,n,,0.242,0.061,books,3.64
C_prose_ngram,inquiry,33,y,22,11,0,0,2.7,3.7,0.0,0.0,5,2,BB031,BA097,CA053,n,,0.212,0.061,books,1.34
C_prose_ngram,integrity probity,33,y,23,7,3,0,2.9,2.3,2.0,0.0,3,3,BD054,BA005,CC101,n,,0.03,0.0,columns,0.82
C_prose_ngram,litigants,33,y,9,20,4,0,1.1,6.7,2.6,0.0,9,3,BD059,BD054,BD039,n,,0.212,0.061,books,5.97
C_prose_ngram,machines,33,y,14,18,1,0,1.7,6.0,0.7,0.0,6,2,BA063,BE007,BE014,n,,0.182,0.0,books,3.45
C_prose_ngram,opposition,33,y,18,10,2,3,2.2,3.3,1.3,8.6,7,3,BA100,BA037,BA069,n,,0.152,0.03,biography,1.49
C_prose_ngram,panel,33,y,22,9,2,0,2.7,3.0,1.3,0.0,7,2,CA430,BD046,CA517,n,,0.091,0.0,books,1.1
C_prose_ngram,planned,33,y,19,9,5,0,2.4,3.0,3.3,0.0,7,3,BD070,SD016,BD039,n,,0.152,0.0,speeches,1.27
C_prose_ngram,pledge,33,y,8,19,3,3,1.0,6.4,2.0,8.6,9,4,BD034,BD070,BD062,n,,0.091,0.03,biography,6.38
C_prose_ngram,politics,33,y,14,14,4,1,1.7,4.7,2.6,2.9,5,3,BD034,BD061,BE009,n,,0.121,0.03,books,2.69
C_prose_ngram,prosecutor,33,y,22,9,2,0,2.7,3.0,1.3,0.0,6,2,BA057,BA091,BA069,n,,0.212,0.03,books,1.1
C_prose_ngram,protecting,33,y,12,16,5,0,1.5,5.4,3.3,0.0,7,3,BD059,BB027,BB031,n,,0.121,0.03,books,3.58
C_prose_ngram,quiet,33,y,11,5,10,7,1.4,1.7,6.5,20.0,2,4,GC027,SA056,SC135,n,,0.121,0.0,biography,1.22
C_prose_ngram,raul,33,y,18,9,5,1,2.2,3.0,3.3,2.9,5,3,BD059,BD052,SC007,n,,0.0,0.0,speeches,1.34
C_prose_ngram,rebellion,33,y,18,12,3,0,2.2,4.0,2.0,0.0,7,3,BA100,BA089,CA426,n,,0.0,0.0,books,1.79
C_prose_ngram,resolutions,33,y,18,13,0,2,2.2,4.3,0.0,5.7,6,2,BD034,BD059,BD028,n,,0.212,0.03,biography,1.94
C_prose_ngram,reynato,33,y,19,11,3,0,2.4,3.7,2.0,0.0,6,3,CA186,BE009,BA007,n,,0.152,0.0,books,1.55
C_prose_ngram,rotary,33,y,5,16,6,6,0.6,5.4,3.9,17.1,6,4,SC014,BC045,BC023,n,,0.03,0.0,biography,8.59
C_prose_ngram,settlement,33,y,13,17,3,0,1.6,5.7,2.0,0.0,8,3,BB031,BD046,BD066,n,,0.333,0.03,books,3.51
C_prose_ngram,shown,33,y,15,17,1,0,1.9,5.7,0.7,0.0,8,2,BA080,BD028,BA081,n,,0.242,0.0,books,3.04
C_prose_ngram,small,33,y,14,13,6,0,1.7,4.3,3.9,0.0,7,3,BB031,BD035,SE038,n,,0.303,0.061,books,2.49
C_prose_ngram,substance,33,y,15,16,2,0,1.9,5.4,1.3,0.0,6,2,BA086,BB031,CA175,n,,0.091,0.0,books,2.86
C_prose_ngram,success,33,y,11,16,4,2,1.4,5.4,2.6,5.7,9,3,BD034,BC046,BD049,n,,0.121,0.03,biography,3.91
C_prose_ngram,team,33,y,19,5,9,0,2.4,1.7,5.9,0.0,4,3,SE038,CC094,CE042,n,,0.091,0.0,speeches,0.71
C_prose_ngram,transparency unanimity diversity,33,y,0,33,0,0,0.0,11.0,0.0,0.0,4,1,BD037,BD036,BD035,n,,0.212,0.0,books,inf
C_prose_ngram,unanimity diversity,33,y,0,33,0,0,0.0,11.0,0.0,0.0,4,1,BD037,BD036,BD035,n,,0.212,0.0,books,inf
C_prose_ngram,verdict,33,y,21,12,0,0,2.6,4.0,0.0,0.0,6,2,BA053,CA329,CA454,n,,0.121,0.061,books,1.53
C_prose_ngram,violating,33,y,12,20,1,0,1.5,6.7,0.7,0.0,9,2,BB027,BD028,BB038,n,,0.152,0.03,books,4.48
C_prose_ngram,violence,33,y,12,19,2,0,1.5,6.4,1.3,0.0,9,2,BD053,BB031,BB012,n,,0.303,0.03,books,4.25
C_prose_ngram,agenda,32,y,16,14,2,0,2.0,4.7,1.3,0.0,5,2,BD059,BD070,BD056,n,,0.125,0.0,books,2.35
C_prose_ngram,appoint,32,y,15,13,2,2,1.9,4.3,1.3,5.7,4,2,BD061,CE093,BA007,n,,0.0,0.0,biography,2.33
C_prose_ngram,average,32,y,23,6,3,0,2.9,2.0,2.0,0.0,3,3,BD035,BD028,CA207,n,,0.188,0.062,columns,0.7
C_prose_ngram,bound,32,y,18,9,5,0,2.2,3.0,3.3,0.0,7,3,BD059,BA041,BD037,n,,0.125,0.031,speeches,1.34
C_prose_ngram,bring,32,y,13,13,6,0,1.6,4.3,3.9,0.0,8,3,BB012,SA139,CB019,n,,0.25,0.0,books,2.69
C_prose_ngram,choose,32,y,17,12,3,0,2.1,4.0,2.0,0.0,7,3,BA055,BA086,CA488,n,,0.094,0.031,books,1.9
C_prose_ngram,class,32,y,15,12,3,2,1.9,4.0,2.0,5.7,9,3,BA056,CD027,CA368,n,,0.062,0.0,biography,2.15
C_prose_ngram,competence integrity,32,y,23,6,3,0,2.9,2.0,2.0,0.0,3,3,BD054,BA005,BD061,n,,0.0,0.0,columns,0.7
C_prose_ngram,concerns,32,y,15,11,5,1,1.9,3.7,3.3,2.9,6,3,BD049,SA095,BD058,n,,0.188,0.031,books,1.97
C_prose_ngram,creation,32,y,21,7,4,0,2.6,2.3,2.6,0.0,5,3,BD034,BA057,SA020,n,,0.094,0.0,columns,0.9
C_prose_ngram,cultural,32,y,12,16,2,2,1.5,5.4,1.3,5.7,7,2,BD059,BD056,BB031,n,,0.25,0.0,biography,3.58
C_prose_ngram,declare,32,y,22,10,0,0,2.7,3.3,0.0,0.0,7,2,BA089,BA080,CA426,n,,0.094,0.031,books,1.22
C_prose_ngram,dissenting,32,y,15,17,0,0,1.9,5.7,0.0,0.0,7,2,BD058,BA092,BA091,n,,0.156,0.0,books,3.04
C_prose_ngram,drug,32,y,25,5,2,0,3.1,1.7,1.3,0.0,5,2,BA083,CA131,BA070,n,,0.281,0.156,columns,0.54
C_prose_ngram,east,32,y,17,8,6,1,2.1,2.7,3.9,2.9,4,3,BB012,SB079,SB051,n,,0.125,0.031,speeches,1.26
C_prose_ngram,educational,32,y,16,7,7,2,2.0,2.3,4.6,5.7,5,3,SD016,BD056,SB006,n,,0.125,0.031,biography,1.17
C_prose_ngram,entitled,32,y,15,15,2,0,1.9,5.0,1.3,0.0,7,2,BA082,BB021,SA095,n,,0.188,0.062,books,2.69
C_prose_ngram,equivalent,32,y,14,13,5,0,1.7,4.3,3.3,0.0,8,3,BA041,BB012,BD039,n,,0.25,0.0,books,2.49
C_prose_ngram,failures,32,y,16,11,5,0,2.0,3.7,3.3,0.0,7,3,BD067,CA443,CA230,n,,0.25,0.031,books,1.85
C_prose_ngram,federal,32,y,22,6,4,0,2.7,2.0,2.6,0.0,5,3,BA097,BD028,CA024,n,,0.188,0.0,columns,0.73
C_prose_ngram,framed,32,y,7,20,4,1,0.9,6.7,2.6,2.9,9,3,BA080,BA084,BA006,n,,0.094,0.0,books,7.67
C_prose_ngram,fraud,32,y,16,14,1,1,2.0,4.7,0.7,2.9,8,2,BA087,BA063,CA187,n,,0.344,0.0,books,2.35
C_prose_ngram,going,32,y,12,9,6,5,1.5,3.0,3.9,14.3,6,4,BD054,BD039,GC027,n,,0.156,0.031,biography,2.01
C_prose_ngram,impossible,32,y,13,16,3,0,1.6,5.4,2.0,0.0,7,3,BD054,BA100,BB033,n,,0.188,0.062,books,3.31
C_prose_ngram,increase,32,y,15,14,3,0,1.9,4.7,2.0,0.0,9,3,BD053,BD064,SA098,n,,0.219,0.062,books,2.51
C_prose_ngram,inside,32,y,12,13,7,0,1.5,4.3,4.6,0.0,8,3,BD028,SD016,SA098,n,,0.188,0.062,speeches,2.91
C_prose_ngram,investigate,32,y,27,4,1,0,3.4,1.3,0.7,0.0,3,2,CA444,BA091,CA099,n,,0.219,0.062,columns,0.4
C_prose_ngram,kind,32,y,9,15,7,1,1.1,5.0,4.6,2.9,7,3,BD049,BD068,BD066,n,,0.219,0.031,books,4.48
C_prose_ngram,law schools,32,y,17,10,5,0,2.1,3.3,3.3,0.0,6,3,BD053,BD064,BD036,n,,0.062,0.0,books,1.58
C_prose_ngram,legal counsel,32,y,12,8,9,3,1.5,2.7,5.9,8.6,6,4,BC019,BD063,SA020,n,,0.156,0.0,biography,1.79
C_prose_ngram,mechanism,32,y,22,8,2,0,2.7,2.7,1.3,0.0,6,2,CA428,BA056,CA427,n,,0.125,0.031,columns,0.98
C_prose_ngram,metrobank foundation,32,y,17,0,15,0,2.1,0.0,9.8,0.0,0,2,SD016,SA052,SD021,y,flp_donors_and_partners,0.0,0.0,speeches,0.0
C_prose_ngram,michael,32,y,15,6,9,2,1.9,2.0,5.9,5.7,5,3,BC045,CA434,SA052,n,,0.031,0.0,speeches,1.07
C_prose_ngram,murder,32,y,23,8,0,1,2.9,2.7,0.0,2.9,6,2,BA037,CA086,CA416,n,,0.281,0.031,columns,0.93
C_prose_ngram,narvasa,32,y,12,16,3,1,1.5,5.4,2.0,2.9,9,3,BD034,BD028,BD049,n,,0.156,0.031,books,3.58
C_prose_ngram,objections,32,y,15,12,2,3,1.9,4.0,1.3,8.6,6,3,CA382,BB032,BA069,n,,0.094,0.031,biography,2.15
C_prose_ngram,options,32,y,24,5,3,0,3.0,1.7,2.0,0.0,5,3,CA233,BD037,CA087,n,,0.188,0.0,columns,0.56
C_prose_ngram,organizations,32,y,13,11,6,2,1.6,3.7,3.9,5.7,5,3,BD070,SA052,BD062,n,,0.188,0.0,biography,2.27
C_prose_ngram,passage,32,y,18,10,3,1,2.2,3.3,2.0,2.9,6,3,BD034,BA080,CA430,n,,0.0,0.0,books,1.49
C_prose_ngram,petitioner,32,y,18,14,0,0,2.2,4.7,0.0,0.0,8,2,BA100,BA086,BA069,n,,0.281,0.0,books,2.09
C_prose_ngram,philippine judicial,32,y,9,16,6,1,1.1,5.4,3.9,2.9,8,3,BD049,BA077,BD067,n,,0.125,0.0,books,4.77
C_prose_ngram,previous,32,y,13,12,7,0,1.6,4.0,4.6,0.0,7,3,BA078,BA057,CA444,n,,0.094,0.0,speeches,2.48
C_prose_ngram,prohibited,32,y,24,6,2,0,3.0,2.0,1.3,0.0,5,2,CA440,BA091,BA081,n,,0.188,0.094,columns,0.67
C_prose_ngram,protected,32,y,13,17,2,0,1.6,5.7,1.3,0.0,7,2,BA032,BD059,BA036,n,,0.188,0.031,books,3.51
C_prose_ngram,receive,32,y,13,9,8,2,1.6,3.0,5.2,5.7,6,3,BA032,CA440,BD020,n,,0.219,0.062,biography,1.86
C_prose_ngram,reduction,32,y,23,6,3,0,2.9,2.0,2.0,0.0,5,3,BA077,BB020,BD013,n,,0.156,0.0,columns,0.7
C_prose_ngram,replaced,32,y,19,6,7,0,2.4,2.0,4.6,0.0,4,3,BB012,BA077,CA439,n,,0.25,0.031,speeches,0.85
C_prose_ngram,scope,32,y,18,12,1,1,2.2,4.0,0.7,2.9,8,2,BA055,CA400,BB019,n,,0.062,0.0,books,1.79
C_prose_ngram,selling,32,y,10,13,8,1,1.2,4.3,5.2,2.9,7,3,BC045,BC039,SC010,n,,0.094,0.031,speeches,3.49
C_prose_ngram,separate opinions,32,y,10,19,1,2,1.2,6.4,0.7,5.7,10,2,BA036,BA100,BA086,n,,0.062,0.0,books,5.1
C_prose_ngram,setting,32,y,7,19,2,4,0.9,6.4,1.3,11.4,12,3,BD062,BA055,BB038,n,,0.094,0.031,biography,7.29
C_prose_ngram,ships,32,y,14,13,5,0,1.7,4.3,3.3,0.0,5,3,BD059,BD054,BD036,n,,0.125,0.062,books,2.49
C_prose_ngram,showed,32,y,7,23,2,0,0.9,7.7,1.3,0.0,8,2,BA100,BD058,BA055,n,,0.312,0.031,books,8.82
C_prose_ngram,shows,32,y,13,15,4,0,1.6,5.0,2.6,0.0,8,3,BA057,BD028,BB012,n,,0.281,0.094,books,3.1
C_prose_ngram,surrender,32,y,18,8,4,2,2.2,2.7,2.6,5.7,5,3,BD021,BD037,BD060,n,,0.094,0.0,biography,1.19
C_prose_ngram,thought,32,y,8,12,12,0,1.0,4.0,7.8,0.0,9,3,BD034,BA078,SC090,n,,0.188,0.0,speeches,4.03
C_prose_ngram,vacancies,32,y,14,13,3,2,1.7,4.3,2.0,5.7,4,3,BD061,BA005,BD008,n,,0.062,0.0,biography,2.49
C_prose_ngram,vatican,32,y,18,4,9,1,2.2,1.3,5.9,2.9,3,3,SC023,SC061,SA052,n,,0.125,0.0,speeches,0.6
C_prose_ngram,weeks,32,y,17,4,9,2,2.1,1.3,5.9,5.7,4,3,BB012,CC006,SE038,n,,0.125,0.062,speeches,0.63
C_prose_ngram,able,31,y,11,14,6,0,1.4,4.7,3.9,0.0,9,3,BD058,BD035,SB042,n,,0.129,0.032,books,3.42
C_prose_ngram,acceptance,31,y,17,10,3,1,2.1,3.3,2.0,2.9,9,3,CA039,BB018,BD016,n,,0.226,0.065,books,1.58
C_prose_ngram,accounts,31,y,22,7,2,0,2.7,2.3,1.3,0.0,3,2,CA473,CA504,CA498,n,,0.226,0.065,columns,0.85
C_prose_ngram,azcuna,31,y,17,10,4,0,2.1,3.3,2.6,0.0,4,3,BA089,BA086,SD082,n,,0.065,0.032,books,1.58
C_prose_ngram,began,31,y,10,13,4,4,1.2,4.3,2.6,11.4,7,4,BD055,CA128,CE096,n,,0.258,0.0,biography,3.49
C_prose_ngram,begins,31,y,12,14,5,0,1.5,4.7,3.3,0.0,8,3,BD053,BA078,BD062,n,,0.0,0.0,books,3.13
C_prose_ngram,bench,31,y,9,18,2,2,1.1,6.0,1.3,5.7,10,2,BD034,BD036,BD037,n,,0.226,0.065,books,5.37
C_prose_ngram,caveat,31,y,18,11,2,0,2.2,3.7,1.3,0.0,8,2,BD034,BD060,CA393,n,,0.161,0.0,books,1.64
C_prose_ngram,cayetano,31,y,19,5,6,1,2.4,1.7,3.9,2.9,5,3,BD059,BB028,CE046,n,,0.032,0.0,speeches,0.71
C_prose_ngram,celebration,31,y,8,7,16,0,1.0,2.3,10.5,0.0,6,3,SC023,BD052,BD013,n,,0.226,0.0,speeches,2.35
C_prose_ngram,changed,31,y,17,12,1,1,2.1,4.0,0.7,2.9,7,2,CA440,CA426,BA082,n,,0.097,0.0,books,1.9
C_prose_ngram,child,31,y,18,6,7,0,2.2,2.0,4.6,0.0,5,3,BB031,CA359,BE032,n,,0.226,0.032,speeches,0.9
C_prose_ngram,china's,31,y,28,1,2,0,3.5,0.3,1.3,0.0,1,1,CA365,CA237,CA450,n,,0.0,0.0,columns,0.1
C_prose_ngram,conchita,31,y,24,6,1,0,3.0,2.0,0.7,0.0,4,2,CA432,CA435,CA385,n,,0.194,0.0,columns,0.67
C_prose_ngram,cory aquino,31,y,21,1,7,2,2.6,0.3,4.6,5.7,1,2,CD027,CA393,CA435,n,,0.065,0.0,biography,0.13
C_prose_ngram,coverage,31,y,19,8,4,0,2.4,2.7,2.6,0.0,5,3,CA444,CC106,BA038,n,,0.065,0.0,books,1.13
C_prose_ngram,disposition,31,y,15,15,1,0,1.9,5.0,0.7,0.0,7,2,BB019,BD035,BA090,n,,0.161,0.0,books,2.69
C_prose_ngram,distinct,31,y,13,15,3,0,1.6,5.0,2.0,0.0,8,3,BA078,BA069,CA385,n,,0.194,0.0,books,3.1
C_prose_ngram,doctrines,31,y,12,18,1,0,1.5,6.0,0.7,0.0,10,2,BA032,BB027,BB028,n,,0.129,0.0,books,4.03
C_prose_ngram,electronic,31,y,11,19,1,0,1.4,6.4,0.7,0.0,7,2,BD053,BD039,BD064,n,,0.194,0.097,books,4.64
C_prose_ngram,employee,31,y,9,17,5,0,1.1,5.7,3.3,0.0,7,3,BD053,BD070,BB021,n,,0.323,0.065,books,5.07
C_prose_ngram,ending,31,y,9,19,2,1,1.1,6.4,1.3,2.9,10,2,BD034,BD028,BA053,n,,0.129,0.0,books,5.67
C_prose_ngram,enforce,31,y,18,12,1,0,2.2,4.0,0.7,0.0,6,2,BA100,BD053,BA041,n,,0.097,0.0,books,1.79
C_prose_ngram,entrepreneurship,31,y,16,0,14,1,2.0,0.0,9.2,2.9,0,2,SD021,SB051,SB028,n,,0.097,0.0,speeches,0.0
C_prose_ngram,events,31,y,15,13,3,0,1.9,4.3,2.0,0.0,7,3,BA078,BA036,CA426,n,,0.161,0.0,books,2.33
C_prose_ngram,explain,31,y,19,11,1,0,2.4,3.7,0.7,0.0,5,2,BB013,BA097,CA504,n,,0.129,0.0,books,1.55
C_prose_ngram,explains,31,y,3,26,2,0,0.4,8.7,1.3,0.0,9,2,BD037,BB027,BB012,n,,0.194,0.065,books,23.28
C_prose_ngram,expressly,31,y,13,14,4,0,1.6,4.7,2.6,0.0,6,3,CA426,BA084,BA089,n,,0.129,0.0,books,2.89
C_prose_ngram,fight,31,y,13,10,6,2,1.6,3.3,3.9,5.7,6,3,BD056,BD062,BD070,n,,0.161,0.0,biography,2.07
C_prose_ngram,finished,31,y,16,3,12,0,2.0,1.0,7.8,0.0,3,3,CC006,CA393,SA056,n,,0.129,0.0,speeches,0.5
C_prose_ngram,formula,31,y,7,17,7,0,0.9,5.7,4.6,0.0,8,3,BA032,BD054,BD060,n,,0.032,0.0,books,6.52
C_prose_ngram,france,31,y,21,5,5,0,2.6,1.7,3.3,0.0,5,3,SB075,SA145,CE110,n,,0.161,0.032,speeches,0.64
C_prose_ngram,grand,31,y,15,6,10,0,1.9,2.0,6.5,0.0,3,3,BD070,SB006,CA187,n,,0.097,0.0,speeches,1.07
C_prose_ngram,honors,31,y,10,11,8,2,1.2,3.7,5.2,5.7,7,3,SC010,BC041,BC019,n,,0.097,0.0,biography,2.95
C_prose_ngram,justice davide,31,y,0,27,2,2,0.0,9.0,1.3,5.7,7,1,BD054,BD053,BD049,n,,0.097,0.0,books,inf
C_prose_ngram,kee foundation,31,y,20,0,11,0,2.5,0.0,7.2,0.0,0,2,SD016,SD021,SD054,n,,0.0,0.0,speeches,0.0
C_prose_ngram,knows,31,y,9,15,7,0,1.1,5.0,4.6,0.0,9,3,BC045,BC040,BC014,n,,0.258,0.032,books,4.48
C_prose_ngram,leadership by example,31,y,3,24,4,0,0.4,8.0,2.6,0.0,6,3,BD034,BD049,BD045,n,,0.194,0.032,books,21.48
C_prose_ngram,light,31,y,13,10,7,1,1.6,3.3,4.6,2.9,8,3,SD016,BC039,BA035,n,,0.194,0.0,speeches,2.07
C_prose_ngram,meetings,31,y,13,8,8,2,1.6,2.7,5.2,5.7,4,3,SB042,CA092,BC023,n,,0.097,0.0,biography,1.65
C_prose_ngram,meralco,31,y,10,7,14,0,1.2,2.3,9.2,0.0,6,3,BA032,SB042,CA420,n,,0.097,0.032,speeches,1.88
C_prose_ngram,middle,31,y,14,14,3,0,1.7,4.7,2.0,0.0,6,3,BB012,BE003,BA038,n,,0.194,0.032,books,2.69
C_prose_ngram,minister,31,y,8,12,8,3,1.0,4.0,5.2,8.6,5,4,BD039,BC019,CA187,n,,0.161,0.097,biography,4.03
C_prose_ngram,motions,31,y,14,16,1,0,1.7,5.4,0.7,0.0,7,2,BA057,BD028,BD058,n,,0.29,0.032,books,3.07
C_prose_ngram,penalties,31,y,17,14,0,0,2.1,4.7,0.0,0.0,8,2,BA092,BA059,BA083,n,,0.129,0.0,books,2.21
C_prose_ngram,placed,31,y,8,17,5,1,1.0,5.7,3.3,2.9,10,3,BD053,BA037,SD087,n,,0.129,0.032,books,5.71
C_prose_ngram,pldt,31,y,12,5,14,0,1.5,1.7,9.2,0.0,3,3,SA134,SA111,CC111,n,,0.065,0.0,speeches,1.12
C_prose_ngram,pork,31,y,28,3,0,0,3.5,1.0,0.0,0.0,1,2,CA444,CA440,CA436,n,,0.226,0.129,columns,0.29
C_prose_ngram,positive,31,y,12,17,2,0,1.5,5.7,1.3,0.0,7,2,BB032,BB012,BD055,n,,0.097,0.032,books,3.8
C_prose_ngram,preferred,31,y,15,11,5,0,1.9,3.7,3.3,0.0,7,3,BA056,SA095,BA073,n,,0.065,0.0,books,1.97
C_prose_ngram,prescription,31,y,19,12,0,0,2.4,4.0,0.0,0.0,5,2,CA131,BD058,BA091,n,,0.161,0.032,books,1.7
C_prose_ngram,printed,31,y,18,9,4,0,2.2,3.0,2.6,0.0,4,3,BE007,BE018,BA063,n,,0.129,0.032,books,1.34
C_prose_ngram,promise,31,y,19,9,3,0,2.4,3.0,2.0,0.0,7,3,BD021,BD055,BC045,n,,0.194,0.032,books,1.27
C_prose_ngram,promote,31,y,12,9,10,0,1.5,3.0,6.5,0.0,7,3,BD054,BD056,CB018,n,,0.065,0.032,speeches,2.01
C_prose_ngram,protest,31,y,18,10,2,1,2.2,3.3,1.3,2.9,6,2,CA329,CA326,CA233,n,,0.194,0.0,books,1.49
C_prose_ngram,provide,31,y,12,11,8,0,1.5,3.7,5.2,0.0,8,3,BA084,BA053,BD067,n,,0.161,0.032,speeches,2.46
C_prose_ngram,public service,31,y,14,12,4,1,1.7,4.0,2.6,2.9,8,3,BD054,BD039,BD061,n,,0.065,0.0,books,2.3
C_prose_ngram,reasoning,31,y,16,11,0,4,2.0,3.7,0.0,11.4,6,3,BA055,CA426,CC106,n,,0.226,0.0,biography,1.85
C_prose_ngram,remedies,31,y,16,12,3,0,2.0,4.0,2.0,0.0,6,3,BB028,SA095,BA086,n,,0.258,0.065,books,2.01
C_prose_ngram,resignation,31,y,18,10,3,0,2.2,3.3,2.0,0.0,7,3,BA036,BA078,CA426,n,,0.161,0.0,books,1.49
C_prose_ngram,restrictions,31,y,19,11,1,0,2.4,3.7,0.7,0.0,8,2,BD059,BA084,BB020,n,,0.065,0.0,books,1.55
C_prose_ngram,romulo,31,y,16,14,1,0,2.0,4.7,0.7,0.0,7,2,BD053,BD036,CA236,n,,0.065,0.0,books,2.35
C_prose_ngram,sc justice,31,y,22,2,6,1,2.7,0.7,3.9,2.9,1,2,CA433,BD049,CA327,n,,0.097,0.0,speeches,0.24
C_prose_ngram,science,31,y,12,15,3,1,1.5,5.0,2.0,2.9,8,3,BA034,BE032,BE031,n,,0.161,0.032,books,3.36
C_prose_ngram,sector,31,y,15,13,2,1,1.9,4.3,1.3,2.9,9,2,BD039,BB038,BB032,n,,0.065,0.0,books,2.33
C_prose_ngram,selection,31,y,18,10,3,0,2.2,3.3,2.0,0.0,5,3,BD053,BD061,CA186,n,,0.032,0.0,books,1.49
C_prose_ngram,shift,31,y,14,13,2,2,1.7,4.3,1.3,5.7,7,2,BD037,BA097,BD055,n,,0.194,0.0,biography,2.49
C_prose_ngram,sources,31,y,17,11,3,0,2.1,3.7,2.0,0.0,7,3,BB038,BB020,BA074,n,,0.194,0.065,books,1.74
C_prose_ngram,talk,31,y,13,9,8,1,1.6,3.0,5.2,2.9,6,3,BB012,BD054,BA097,n,,0.129,0.032,speeches,1.86
C_prose_ngram,tan yan,31,y,20,0,11,0,2.5,0.0,7.2,0.0,0,2,SD016,SD021,SD054,n,,0.0,0.0,speeches,0.0
C_prose_ngram,tan yan kee,31,y,20,0,11,0,2.5,0.0,7.2,0.0,0,2,SD016,SD021,SD054,n,,0.0,0.0,speeches,0.0
C_prose_ngram,unclos,31,y,30,0,1,0,3.7,0.0,0.7,0.0,0,1,CA365,CA010,CA364,y,international_law_disputes,0.0,0.0,columns,0.0
C_prose_ngram,velasco,31,y,18,11,2,0,2.2,3.7,1.3,0.0,5,2,CC106,BA077,BA100,n,,0.129,0.0,books,1.64
C_prose_ngram,vicente,31,y,11,14,3,3,1.4,4.7,2.0,8.6,8,4,CA433,BA091,BD071,n,,0.161,0.032,biography,3.42
C_prose_ngram,victims,31,y,19,6,6,0,2.4,2.0,3.9,0.0,5,3,CA432,CA444,BD037,n,,0.161,0.032,speeches,0.85
C_prose_ngram,villa,31,y,15,3,10,3,1.9,1.0,6.5,8.6,3,4,SC023,SC005,CC049,n,,0.258,0.032,biography,0.54
C_prose_ngram,withdrawal,31,y,21,7,1,2,2.6,2.3,0.7,5.7,6,2,BA036,BA078,CA087,n,,0.258,0.097,biography,0.9
C_prose_ngram,yan kee foundation,31,y,20,0,11,0,2.5,0.0,7.2,0.0,0,2,SD016,SD021,SD054,n,,0.0,0.0,speeches,0.0
C_prose_ngram,youth,31,y,17,7,6,1,2.1,2.3,3.9,2.9,5,3,BC043,BC046,BC019,n,,0.161,0.0,speeches,1.11
C_prose_ngram,academy,30,y,15,8,7,0,1.9,2.7,4.6,0.0,7,3,BA077,SA098,CA393,n,,0.133,0.0,speeches,1.43
C_prose_ngram,acquired,30,y,17,12,1,0,2.1,4.0,0.7,0.0,7,2,BB019,BA039,BB024,n,,0.233,0.033,books,1.9
C_prose_ngram,allegations,30,y,16,13,0,1,2.0,4.3,0.0,2.9,9,2,BD028,CA224,BA084,n,,0.233,0.033,books,2.18
C_prose_ngram,anchor,30,y,19,4,5,2,2.4,1.3,3.3,5.7,4,3,BA097,CA348,CA411,n,,0.133,0.033,biography,0.57
C_prose_ngram,approach,30,y,13,11,5,1,1.6,3.7,3.3,2.9,7,3,BD060,SA052,BD067,n,,0.2,0.033,books,2.27
C_prose_ngram,archbishop,30,y,13,7,7,3,1.6,2.3,4.6,8.6,4,4,SC023,BB012,SC005,n,,0.067,0.0,biography,1.45
C_prose_ngram,armed,30,y,16,12,2,0,2.0,4.0,1.3,0.0,8,2,BA097,BA100,BA081,n,,0.133,0.0,books,2.01
C_prose_ngram,banking,30,y,18,8,3,1,2.2,2.7,2.0,2.9,5,3,CD027,BD070,CE088,n,,0.167,0.1,biography,1.19
C_prose_ngram,batch,30,y,16,2,10,2,2.0,0.7,6.5,5.7,2,2,SD044,CA434,SD033,n,,0.033,0.0,speeches,0.34
C_prose_ngram,carlos,30,y,14,9,6,1,1.7,3.0,3.9,2.9,5,3,SA052,BD053,CD027,n,,0.2,0.033,speeches,1.73
C_prose_ngram,closed,30,y,11,11,3,5,1.4,3.7,2.0,14.3,5,4,BA078,BD070,BA097,n,,0.233,0.033,biography,2.69
C_prose_ngram,collection,30,y,13,15,2,0,1.6,5.0,1.3,0.0,9,2,BD036,BD070,BA077,n,,0.333,0.0,books,3.1
C_prose_ngram,competence integrity probity,30,y,21,6,3,0,2.6,2.0,2.0,0.0,3,3,BD054,BA005,BD061,n,,0.0,0.0,columns,0.77
C_prose_ngram,conducted,30,y,20,7,3,0,2.5,2.3,2.0,0.0,5,3,CA435,BA037,BA081,n,,0.133,0.0,columns,0.94
C_prose_ngram,controversies,30,y,11,16,3,0,1.4,5.4,2.0,0.0,7,3,BD039,BB028,BA077,n,,0.3,0.1,books,3.91
C_prose_ngram,declaring,30,y,14,12,2,2,1.7,4.0,1.3,5.7,5,2,BA100,BA089,CA426,n,,0.1,0.0,biography,2.3
C_prose_ngram,delays,30,y,17,12,1,0,2.1,4.0,0.7,0.0,4,2,BD035,CA245,BD061,n,,0.167,0.033,books,1.9
C_prose_ngram,detailed,30,y,16,11,3,0,2.0,3.7,2.0,0.0,7,3,BB031,BA100,BD070,n,,0.167,0.033,books,1.85
C_prose_ngram,dinner,30,y,14,6,10,0,1.7,2.0,6.5,0.0,5,3,SA056,BC045,BD062,n,,0.0,0.0,speeches,1.15
C_prose_ngram,discovery,30,y,12,13,3,2,1.5,4.3,2.0,5.7,7,3,BD053,BD036,BD049,n,,0.267,0.0,biography,2.91
C_prose_ngram,dissented,30,y,10,17,3,0,1.2,5.7,2.0,0.0,7,3,BA100,BA089,BA056,n,,0.167,0.0,books,4.57
C_prose_ngram,docket,30,y,16,13,1,0,2.0,4.3,0.7,0.0,6,2,BD053,BD064,BD059,n,,0.233,0.0,books,2.18
C_prose_ngram,don't,30,y,25,1,2,2,3.1,0.3,1.3,5.7,1,1,CE096,SA098,CC072,n,,0.067,0.0,biography,0.11
C_prose_ngram,enumerated,30,y,18,12,0,0,2.2,4.0,0.0,0.0,5,2,BA100,BB031,BD062,n,,0.3,0.033,books,1.79
C_prose_ngram,exemption,30,y,9,20,1,0,1.1,6.7,0.7,0.0,9,2,BD039,BD054,BD064,n,,0.3,0.0,books,5.97
C_prose_ngram,extraordinary,30,y,12,11,5,2,1.5,3.7,3.3,5.7,7,3,BA078,BB027,BA084,n,,0.167,0.067,biography,2.46
C_prose_ngram,fall,30,y,15,11,1,3,1.9,3.7,0.7,8.6,8,3,BA005,CE093,CA535,n,,0.267,0.033,biography,1.97
C_prose_ngram,features,30,y,24,6,0,0,3.0,2.0,0.0,0.0,5,2,CA365,CA237,CA010,n,,0.167,0.0,columns,0.67
C_prose_ngram,gathering,30,y,6,11,12,1,0.7,3.7,7.8,2.9,6,3,BC030,BC002,BA034,n,,0.067,0.0,speeches,4.92
C_prose_ngram,golf,30,y,11,7,11,1,1.4,2.3,7.2,2.9,5,3,SC010,SC135,SC059,n,,0.067,0.033,speeches,1.71
C_prose_ngram,gravely,30,y,9,19,1,1,1.1,6.4,0.7,2.9,9,2,BA032,BB032,BB029,n,,0.1,0.0,books,5.67
C_prose_ngram,hard work,30,y,7,12,11,0,0.9,4.0,7.2,0.0,5,3,BC045,BC046,BB012,n,,0.067,0.033,speeches,4.6
C_prose_ngram,hearings,30,y,27,3,0,0,3.4,1.0,0.0,0.0,3,2,CA392,CA374,CE027,n,,0.167,0.033,columns,0.3
C_prose_ngram,high school,30,y,12,8,9,1,1.5,2.7,5.9,2.9,5,3,BC045,CC006,SB079,n,,0.067,0.0,speeches,1.79
C_prose_ngram,holds,30,y,6,20,4,0,0.7,6.7,2.6,0.0,8,3,BD059,BA080,BA091,n,,0.167,0.0,books,8.95
C_prose_ngram,hour,30,y,17,6,5,2,2.1,2.0,3.3,5.7,5,3,CB018,CA024,CA458,n,,0.1,0.0,biography,0.95
C_prose_ngram,husband,30,y,14,8,8,0,1.7,2.7,5.2,0.0,7,3,BC039,BC040,CC002,n,,0.167,0.0,speeches,1.53
C_prose_ngram,invoking,30,y,4,25,0,1,0.5,8.4,0.0,2.9,7,2,BA100,BA056,BD056,n,,0.167,0.033,books,16.79
C_prose_ngram,jaime,30,y,15,5,10,0,1.9,1.7,6.5,0.0,5,3,SD044,CE088,SD021,n,,0.167,0.0,speeches,0.9
C_prose_ngram,judicial independence,30,y,11,17,1,1,1.4,5.7,0.7,2.9,7,2,BB031,BB027,BA084,n,,0.067,0.0,books,4.15
C_prose_ngram,laity,30,y,10,10,7,3,1.2,3.3,4.6,8.6,4,4,BC045,BC030,SC061,n,,0.067,0.0,biography,2.69
C_prose_ngram,legal education,30,y,8,18,4,0,1.0,6.0,2.6,0.0,9,3,BD049,BD064,BD053,y,bar_exam_and_legal_education,0.167,0.0,books,6.04
C_prose_ngram,lesson,30,y,11,11,6,2,1.4,3.7,3.9,5.7,6,3,BC045,BC014,SC084,n,,0.133,0.067,biography,2.69
C_prose_ngram,majority's,30,y,7,23,0,0,0.9,7.7,0.0,0.0,9,2,BA057,BA041,BA055,n,,0.1,0.033,books,8.82
C_prose_ngram,meaning,30,y,9,19,1,1,1.1,6.4,0.7,2.9,9,2,BD058,BA091,CA400,n,,0.233,0.0,books,5.67
C_prose_ngram,measures,30,y,12,16,2,0,1.5,5.4,1.3,0.0,7,2,BD034,BB031,CA428,n,,0.267,0.067,books,3.58
C_prose_ngram,morning,30,y,6,13,8,3,0.7,4.3,5.2,8.6,6,4,BD034,BC045,SB079,n,,0.2,0.033,biography,5.82
C_prose_ngram,occasion,30,y,6,23,1,0,0.7,7.7,0.7,0.0,8,2,BA078,BA080,BA035,n,,0.2,0.033,books,10.29
C_prose_ngram,opportunities,30,y,10,14,6,0,1.2,4.7,3.9,0.0,8,3,BD060,BD056,BB012,n,,0.0,0.0,books,3.76
C_prose_ngram,peralta,30,y,23,4,3,0,2.9,1.3,2.0,0.0,3,3,CA186,BA057,CE093,n,,0.2,0.0,columns,0.47
C_prose_ngram,perez,30,y,16,12,2,0,2.0,4.0,1.3,0.0,7,2,CA426,CA186,BA089,n,,0.067,0.033,books,2.01
C_prose_ngram,post-retirement,30,y,16,0,10,4,2.0,0.0,6.5,11.4,0,3,GC034,CA128,CA433,n,,0.033,0.0,biography,0.0
C_prose_ngram,preference,30,y,18,8,2,2,2.2,2.7,1.3,5.7,5,2,BA056,SD082,BB020,n,,0.133,0.0,biography,1.19
C_prose_ngram,prima,30,y,24,6,0,0,3.0,2.0,0.0,0.0,5,2,BA084,CA366,CA498,n,,0.167,0.067,columns,0.67
C_prose_ngram,professors,30,y,8,13,7,2,1.0,4.3,4.6,5.7,6,3,BC045,BD067,SB079,n,,0.067,0.0,biography,4.36
C_prose_ngram,profile,30,y,18,7,4,1,2.2,2.3,2.6,2.9,5,3,SC025,CA185,BA077,n,,0.167,0.067,biography,1.04
C_prose_ngram,pursuit,30,y,14,8,7,1,1.7,2.7,4.6,2.9,6,3,BA057,BD055,SB051,n,,0.1,0.0,speeches,1.53
C_prose_ngram,refuse,30,y,13,10,6,1,1.6,3.3,3.9,2.9,7,3,BD054,BB027,BD036,n,,0.1,0.033,speeches,2.07
C_prose_ngram,relatives,30,y,19,7,4,0,2.4,2.3,2.6,0.0,5,3,BA078,BA028,CA439,n,,0.133,0.033,speeches,0.99
C_prose_ngram,responsible,30,y,15,11,3,1,1.9,3.7,2.0,2.9,6,3,BD062,BD070,BD064,n,,0.267,0.067,books,1.97
C_prose_ngram,seeking,30,y,17,10,3,0,2.1,3.3,2.0,0.0,7,3,CA374,BA081,BA069,n,,0.167,0.033,books,1.58
C_prose_ngram,separately,30,y,14,15,1,0,1.7,5.0,0.7,0.0,9,2,BA053,BA092,BA081,n,,0.233,0.067,books,2.88
C_prose_ngram,stock,30,y,15,7,7,1,1.9,2.3,4.6,2.9,5,3,BD056,GC027,SA095,n,,0.167,0.067,speeches,1.25
C_prose_ngram,track,30,y,22,8,0,0,2.7,2.7,0.0,0.0,5,2,BD061,CA433,CA207,n,,0.067,0.033,columns,0.98
C_prose_ngram,transactions,30,y,14,14,2,0,1.7,4.7,1.3,0.0,6,2,BD058,BB019,BB038,n,,0.367,0.067,books,2.69
C_prose_ngram,various,30,y,19,4,7,0,2.4,1.3,4.6,0.0,3,3,BD049,CA186,CA444,n,,0.1,0.033,speeches,0.57
C_prose_ngram,watch,30,y,6,22,1,1,0.7,7.4,0.7,2.9,10,2,BD034,BD053,BD039,n,,0.133,0.0,books,9.85
C_prose_ngram,workers,30,y,14,7,7,2,1.7,2.3,4.6,5.7,5,3,BA032,CA420,SA078,n,,0.233,0.033,biography,1.34
C_prose_ngram,worthy,30,y,11,13,6,0,1.4,4.3,3.9,0.0,8,3,BA077,BD049,CA128,n,,0.233,0.0,books,3.17
C_prose_ngram,abandoned,29,y,15,13,1,0,1.9,4.3,0.7,0.0,7,2,BD058,CA400,BA104,n,,0.172,0.034,books,2.33
C_prose_ngram,anti-graft,29,y,21,8,0,0,2.6,2.7,0.0,0.0,5,2,BA080,CA429,BB019,n,,0.207,0.034,books,1.02
C_prose_ngram,associate justice,29,y,17,1,8,3,2.1,0.3,5.2,8.6,1,3,SA041,SA020,CA393,n,,0.034,0.0,biography,0.16
C_prose_ngram,attack,29,y,17,10,0,2,2.1,3.3,0.0,5.7,6,2,BA057,BA080,BA081,n,,0.172,0.034,biography,1.58
C_prose_ngram,bars,29,y,15,13,1,0,1.9,4.3,0.7,0.0,8,2,BA055,BA092,BD020,n,,0.103,0.034,books,2.33
C_prose_ngram,board of judges,29,y,13,2,14,0,1.6,0.7,9.2,0.0,1,2,SD016,SD021,SD044,n,,0.0,0.0,speeches,0.41
C_prose_ngram,carry,29,y,15,10,2,2,1.9,3.3,1.3,5.7,5,2,BA100,BB038,BA080,n,,0.103,0.034,biography,1.79
C_prose_ngram,comparative,29,y,19,8,2,0,2.4,2.7,1.3,0.0,6,2,BA032,BA057,CB018,n,,0.138,0.034,books,1.13
C_prose_ngram,compromise,29,y,18,9,2,0,2.2,3.0,1.3,0.0,6,2,BD053,BD058,BD057,n,,0.241,0.069,books,1.34
C_prose_ngram,concepcion,29,y,17,7,5,0,2.1,2.3,3.3,0.0,5,3,BD054,CA186,BA084,n,,0.034,0.0,speeches,1.11
C_prose_ngram,conchita carpio,29,y,23,5,1,0,2.9,1.7,0.7,0.0,3,2,CA432,CA435,CA385,n,,0.172,0.0,columns,0.58
C_prose_ngram,conscience,29,y,5,18,5,1,0.6,6.0,3.3,2.9,9,3,BD054,BD057,BD021,n,,0.241,0.069,books,9.67
C_prose_ngram,corruption incompetence,29,y,6,12,11,0,0.7,4.0,7.2,0.0,4,3,BD059,BD064,BD039,n,,0.069,0.0,speeches,5.37
C_prose_ngram,english,29,y,12,9,7,1,1.5,3.0,4.6,2.9,6,3,BD021,SC090,BD020,n,,0.207,0.034,speeches,2.01
C_prose_ngram,equality,29,y,11,10,8,0,1.4,3.3,5.2,0.0,5,3,SA078,CA432,CA420,n,,0.241,0.069,speeches,2.44
C_prose_ngram,estrada's,29,y,15,13,0,1,1.9,4.3,0.0,2.9,5,2,BA036,BA032,BA078,n,,0.103,0.034,books,2.33
C_prose_ngram,european,29,y,17,9,3,0,2.1,3.0,2.0,0.0,5,3,BD053,BB027,BD039,n,,0.172,0.034,books,1.42
C_prose_ngram,event,29,y,11,5,13,0,1.4,1.7,8.5,0.0,3,3,BA078,SC008,BD068,n,,0.034,0.0,speeches,1.22
C_prose_ngram,extension,29,y,21,8,0,0,2.6,2.7,0.0,0.0,6,2,BD028,BA053,CA368,n,,0.207,0.0,books,1.02
C_prose_ngram,eyes,29,y,10,11,6,2,1.2,3.7,3.9,5.7,6,3,BC013,BA057,GC032,n,,0.172,0.069,biography,2.95
C_prose_ngram,facilities,29,y,17,11,1,0,2.1,3.7,0.7,0.0,7,2,BD034,BD054,BA100,n,,0.034,0.0,books,1.74
C_prose_ngram,failing,29,y,10,19,0,0,1.2,6.4,0.0,0.0,10,2,BB031,BB018,BA053,n,,0.345,0.0,books,5.1
C_prose_ngram,fidel ramos,29,y,10,10,5,4,1.2,3.3,3.3,11.4,4,4,BC045,BD070,CC006,n,,0.034,0.0,biography,2.69
C_prose_ngram,graduates,29,y,10,9,10,0,1.2,3.0,6.5,0.0,6,3,BC045,BC046,CA434,n,,0.034,0.0,speeches,2.42
C_prose_ngram,hierarchy,29,y,11,15,0,3,1.4,5.0,0.0,8.6,9,3,BA041,BD028,BD064,n,,0.241,0.0,biography,3.66
C_prose_ngram,hospital,29,y,16,6,4,3,2.0,2.0,2.6,8.6,5,4,BD021,BC046,CA090,n,,0.138,0.069,biography,1.01
C_prose_ngram,identity,29,y,11,12,5,1,1.4,4.0,3.3,2.9,7,3,BD058,BB018,BB020,n,,0.241,0.034,books,2.93
C_prose_ngram,individuals,29,y,16,9,4,0,2.0,3.0,2.6,0.0,5,3,CA444,BD037,BB038,n,,0.241,0.034,books,1.51
C_prose_ngram,invocation,29,y,12,11,4,2,1.5,3.7,2.6,5.7,8,3,BA081,BA091,CE095,n,,0.069,0.0,biography,2.46
C_prose_ngram,joke,29,y,5,10,14,0,0.6,3.3,9.2,0.0,5,3,BD021,CE096,SD044,n,,0.207,0.034,speeches,5.37
C_prose_ngram,justify,29,y,13,16,0,0,1.6,5.4,0.0,0.0,8,2,BA100,BA057,BA055,n,,0.103,0.0,books,3.31
C_prose_ngram,lady,29,y,14,4,10,1,1.7,1.3,6.5,2.9,3,3,SD087,SB006,CD027,n,,0.172,0.034,speeches,0.77
C_prose_ngram,landmark,29,y,17,5,7,0,2.1,1.7,4.6,0.0,5,3,BA036,BD060,BB032,n,,0.138,0.034,speeches,0.79
C_prose_ngram,law students,29,y,12,14,3,0,1.5,4.7,2.0,0.0,6,3,BD049,BA077,BD052,n,,0.138,0.034,books,3.13
C_prose_ngram,mark,29,y,12,13,3,1,1.5,4.3,2.0,2.9,7,3,BD034,BD054,BA078,n,,0.069,0.0,books,2.91
C_prose_ngram,mary,29,y,13,4,10,2,1.6,1.3,6.5,5.7,4,3,CC006,SC023,SC061,n,,0.069,0.0,speeches,0.83
C_prose_ngram,measure,29,y,10,17,2,0,1.2,5.7,1.3,0.0,8,2,BB013,BA100,BD070,n,,0.138,0.0,books,4.57
C_prose_ngram,natural-born,29,y,26,3,0,0,3.2,1.0,0.0,0.0,3,2,BA039,CA332,CA348,n,,0.069,0.0,columns,0.31
C_prose_ngram,near,29,y,13,10,3,3,1.6,3.3,2.0,8.6,6,4,SA052,CD027,CA043,n,,0.172,0.0,biography,2.07
C_prose_ngram,network,29,y,13,8,6,2,1.6,2.7,3.9,5.7,4,3,SC007,BD063,CC111,n,,0.172,0.034,biography,1.65
C_prose_ngram,nurturing,29,y,6,8,15,0,0.7,2.7,9.8,0.0,4,3,BD056,BD062,BD070,n,,0.069,0.0,speeches,3.58
C_prose_ngram,pangilinan,29,y,16,5,8,0,2.0,1.7,5.2,0.0,2,3,CE120,SA111,SB042,n,,0.0,0.0,speeches,0.84
C_prose_ngram,pimentel,29,y,17,12,0,0,2.1,4.0,0.0,0.0,7,2,BA032,BA086,CE046,n,,0.034,0.0,books,1.9
C_prose_ngram,pray,29,y,8,13,6,2,1.0,4.3,3.9,5.7,7,3,BC046,BC013,BC014,n,,0.103,0.069,biography,4.36
C_prose_ngram,price,29,y,15,10,3,1,1.9,3.3,2.0,2.9,5,3,BA057,BB027,CC106,n,,0.276,0.069,books,1.79
C_prose_ngram,processes,29,y,18,9,2,0,2.2,3.0,1.3,0.0,5,2,BD028,BD039,BD037,n,,0.138,0.0,books,1.34
C_prose_ngram,progress,29,y,13,5,11,0,1.6,1.7,7.2,0.0,3,3,BD064,CA420,CD027,n,,0.138,0.0,speeches,1.03
C_prose_ngram,publication,29,y,16,11,2,0,2.0,3.7,1.3,0.0,7,2,BA100,CA038,BA108,n,,0.207,0.0,books,1.85
C_prose_ngram,purposes,29,y,19,8,2,0,2.4,2.7,1.3,0.0,6,2,BA055,CA444,CA404,n,,0.034,0.0,books,1.13
C_prose_ngram,qualification,29,y,12,16,0,1,1.5,5.4,0.0,2.9,9,2,BA055,BB012,CA224,n,,0.172,0.034,books,3.58
C_prose_ngram,radio,29,y,17,10,0,2,2.1,3.3,0.0,5.7,7,2,BA038,BA079,BA073,n,,0.138,0.0,biography,1.58
C_prose_ngram,recovery,29,y,17,7,3,2,2.1,2.3,2.0,5.7,5,3,BB019,CA436,CA252,n,,0.276,0.069,biography,1.11
C_prose_ngram,reform program,29,y,2,24,3,0,0.2,8.0,2.0,0.0,7,2,BD039,BA077,BD034,n,,0.138,0.0,books,32.23
C_prose_ngram,reforming,29,y,5,24,0,0,0.6,8.0,0.0,0.0,5,2,BD039,BD036,BA077,n,,0.103,0.0,books,12.89
C_prose_ngram,regulation,29,y,15,11,3,0,1.9,3.7,2.0,0.0,7,3,BA032,BA041,BA056,n,,0.483,0.172,books,1.97
C_prose_ngram,replace,29,y,21,5,2,1,2.6,1.7,1.3,2.9,4,2,BD036,CA400,SB075,n,,0.207,0.0,biography,0.64
C_prose_ngram,returned,29,y,11,11,6,1,1.4,3.7,3.9,2.9,7,3,BA055,CA444,CA201,n,,0.172,0.0,speeches,2.69
C_prose_ngram,roxas,29,y,16,10,3,0,2.0,3.3,2.0,0.0,5,3,BB012,SA052,BC043,n,,0.138,0.034,books,1.68
C_prose_ngram,saln,29,y,29,0,0,0,3.6,0.0,0.0,0.0,0,1,CA504,CA473,CA429,n,,0.138,0.034,columns,0.0
C_prose_ngram,seats,29,y,13,12,4,0,1.6,4.0,2.6,0.0,5,3,CA147,BB007,SA099,n,,0.069,0.034,books,2.48
C_prose_ngram,speed,29,y,17,11,1,0,2.1,3.7,0.7,0.0,8,2,BD054,BD035,BD061,n,,0.207,0.034,books,1.74
C_prose_ngram,succession,29,y,18,7,4,0,2.2,2.3,2.6,0.0,5,3,BA078,BA036,CA434,n,,0.241,0.0,speeches,1.04
C_prose_ngram,suit,29,y,17,10,2,0,2.1,3.3,1.3,0.0,6,2,BA036,BD039,BD037,n,,0.345,0.034,books,1.58
C_prose_ngram,takes,29,y,15,12,2,0,1.9,4.0,1.3,0.0,6,2,BE009,CE095,CE119,n,,0.172,0.034,books,2.15
C_prose_ngram,territory,29,y,24,3,2,0,3.0,1.0,1.3,0.0,3,2,BA081,CA333,BB006,n,,0.069,0.0,columns,0.34
C_prose_ngram,treated,29,y,10,14,4,1,1.2,4.7,2.6,2.9,8,3,BA100,BD037,BA092,n,,0.207,0.034,books,3.76
C_prose_ngram,universal,29,y,14,13,2,0,1.7,4.3,1.3,0.0,7,2,CA432,BB031,BD064,n,,0.138,0.034,books,2.49
C_prose_ngram,urging,29,y,15,10,4,0,1.9,3.3,2.6,0.0,5,3,SB075,BD057,SA020,n,,0.138,0.0,books,1.79
C_prose_ngram,year-old,29,y,14,8,5,2,1.7,2.7,3.3,5.7,5,3,BD036,BD037,CA068,n,,0.172,0.0,biography,1.53
C_prose_ngram,youngest,29,y,12,5,10,2,1.5,1.7,6.5,5.7,5,3,BC045,CA434,BC041,n,,0.103,0.0,speeches,1.12
C_prose_ngram,acid problems,28,y,5,10,13,0,0.6,3.3,8.5,0.0,1,3,BD062,BD064,BD070,y,judicial_reform,0.071,0.0,speeches,5.37
C_prose_ngram,amended,28,y,12,14,2,0,1.5,4.7,1.3,0.0,8,2,BA080,BB019,BA094,n,,0.25,0.0,books,3.13
C_prose_ngram,amendments,28,y,19,7,2,0,2.4,2.3,1.3,0.0,4,2,CA440,BA053,CA079,n,,0.071,0.0,columns,0.99
C_prose_ngram,appearance,28,y,14,13,1,0,1.7,4.3,0.7,0.0,7,2,BD054,BD058,BA069,n,,0.25,0.036,books,2.49
C_prose_ngram,asks,28,y,5,22,1,0,0.6,7.4,0.7,0.0,10,2,BB012,BD037,BD057,n,,0.107,0.036,books,11.82
C_prose_ngram,assumption,28,y,13,12,2,1,1.6,4.0,1.3,2.9,7,2,BA032,BA036,BA100,n,,0.214,0.0,books,2.48
C_prose_ngram,audit,28,y,14,7,6,1,1.7,2.3,3.9,2.9,5,3,CA436,SE038,BA087,n,,0.321,0.071,speeches,1.34
C_prose_ngram,automatic,28,y,13,13,1,1,1.6,4.3,0.7,2.9,9,2,BA032,BD028,BD035,n,,0.107,0.036,books,2.69
C_prose_ngram,automation,28,y,13,12,3,0,1.6,4.0,2.0,0.0,4,3,BE007,BE014,BA063,n,,0.25,0.071,books,2.48
C_prose_ngram,bar topnotcher,28,y,9,6,11,2,1.1,2.0,7.2,5.7,4,3,SD087,SD044,GC026,y,bar_exam_and_legal_education,0.0,0.0,speeches,1.79
C_prose_ngram,battles,28,y,4,23,1,0,0.5,7.7,0.7,0.0,9,2,BD028,BA057,BB013,n,,0.214,0.036,books,15.44
C_prose_ngram,bautista,28,y,20,8,0,0,2.5,2.7,0.0,0.0,8,2,BD059,BD049,BB019,n,,0.214,0.0,books,1.07
C_prose_ngram,care,28,y,11,9,8,0,1.4,3.0,5.2,0.0,5,3,CE096,CC006,SC024,n,,0.107,0.0,speeches,2.2
C_prose_ngram,cathedral,28,y,14,0,11,3,1.7,0.0,7.2,8.6,0,3,SC005,SC023,CC049,n,,0.107,0.0,biography,0.0
C_prose_ngram,chose,28,y,8,10,9,1,1.0,3.3,5.9,2.9,7,3,BD037,BD057,GC026,n,,0.179,0.0,speeches,3.36
C_prose_ngram,conchita carpio morales,28,y,22,5,1,0,2.7,1.7,0.7,0.0,3,2,CA432,CA435,CA385,n,,0.179,0.0,columns,0.61
C_prose_ngram,condition,28,y,14,11,1,2,1.7,3.7,0.7,5.7,8,2,BA100,BA055,BA078,n,,0.179,0.0,biography,2.11
C_prose_ngram,continuation,28,y,17,3,8,0,2.1,1.0,5.2,0.0,2,3,CA432,SB075,CA426,n,,0.071,0.036,speeches,0.47
C_prose_ngram,convict,28,y,22,5,0,1,2.7,1.7,0.0,2.9,4,2,BA057,BA070,CA392,n,,0.214,0.036,biography,0.61
C_prose_ngram,covered,28,y,18,10,0,0,2.2,3.3,0.0,0.0,8,2,BB019,BB029,BA094,n,,0.25,0.071,books,1.49
C_prose_ngram,credit,28,y,14,11,1,2,1.7,3.7,0.7,5.7,8,2,CC106,BB030,BA056,n,,0.25,0.036,biography,2.11
C_prose_ngram,decline,28,y,18,6,2,2,2.2,2.0,1.3,5.7,5,2,BA077,CC101,CA068,n,,0.25,0.036,biography,0.9
C_prose_ngram,del rosario,28,y,19,4,5,0,2.4,1.3,3.3,0.0,4,3,CE088,BC045,SC097,n,,0.107,0.0,speeches,0.57
C_prose_ngram,delegation,28,y,11,8,6,3,1.4,2.7,3.9,8.6,5,4,BA100,BA053,CA444,n,,0.071,0.0,biography,1.95
C_prose_ngram,deliberations,28,y,11,16,1,0,1.4,5.4,0.7,0.0,10,2,BD028,BA080,CA040,n,,0.107,0.0,books,3.91
C_prose_ngram,delivery,28,y,12,10,5,1,1.5,3.3,3.3,2.9,5,3,BA057,BD064,BD021,n,,0.214,0.0,books,2.24
C_prose_ngram,dissents,28,y,8,19,1,0,1.0,6.4,0.7,0.0,9,2,BA080,BD058,BA082,n,,0.143,0.0,books,6.38
C_prose_ngram,dissertation writing,28,y,15,0,13,0,1.9,0.0,8.5,0.0,0,2,SD021,SD044,SD054,n,,0.0,0.0,speeches,0.0
C_prose_ngram,distinguishing,28,y,13,14,0,1,1.6,4.7,0.0,2.9,8,2,BA036,BA084,CA362,n,,0.107,0.0,books,2.89
C_prose_ngram,domestic,28,y,15,12,1,0,1.9,4.0,0.7,0.0,8,2,BB020,BB031,BA081,n,,0.107,0.036,books,2.15
C_prose_ngram,dream,28,y,8,7,12,1,1.0,2.3,7.8,2.9,5,3,BC045,CC006,BD054,n,,0.107,0.036,speeches,2.35
C_prose_ngram,elevation,28,y,19,5,1,3,2.4,1.7,0.7,8.6,5,3,BD034,BD070,CA236,n,,0.107,0.0,biography,0.71
C_prose_ngram,energy,28,y,10,11,4,3,1.2,3.7,2.6,8.6,8,4,BA032,BB013,BB027,n,,0.143,0.0,biography,2.95
C_prose_ngram,eternal,28,y,9,9,9,1,1.1,3.0,5.9,2.9,4,3,BC040,SB051,CC019,n,,0.107,0.0,speeches,2.69
C_prose_ngram,eventually,28,y,11,8,6,3,1.4,2.7,3.9,8.6,7,4,BD070,BB027,BD037,n,,0.143,0.036,biography,1.95
C_prose_ngram,expertise,28,y,9,13,6,0,1.1,4.3,3.9,0.0,6,3,BD053,BA032,BD039,n,,0.143,0.036,books,3.88
C_prose_ngram,extend,28,y,13,11,4,0,1.6,3.7,2.6,0.0,6,3,BB013,BA005,BA077,n,,0.25,0.0,books,2.27
C_prose_ngram,honorary,28,y,9,4,15,0,1.1,1.3,9.8,0.0,3,3,SD087,SA136,SA056,n,,0.036,0.0,speeches,1.19
C_prose_ngram,incident,28,y,17,8,3,0,2.1,2.7,2.0,0.0,5,3,BA082,BA037,BA089,n,,0.179,0.0,books,1.26
C_prose_ngram,innocent,28,y,20,7,1,0,2.5,2.3,0.7,0.0,7,2,BA080,CA432,CA392,n,,0.143,0.036,columns,0.94
C_prose_ngram,institution,28,y,12,10,5,1,1.5,3.3,3.3,2.9,5,3,BD039,BD067,CC101,n,,0.071,0.0,books,2.24
C_prose_ngram,intended,28,y,13,12,3,0,1.6,4.0,2.0,0.0,7,3,BD020,BA090,CA400,n,,0.179,0.0,books,2.48
C_prose_ngram,invoked,28,y,11,17,0,0,1.4,5.7,0.0,0.0,7,2,BA100,BA041,BA086,n,,0.107,0.0,books,4.15
C_prose_ngram,kept,28,y,6,15,5,2,0.7,5.0,3.3,5.7,6,3,BD054,BA032,BA030,n,,0.179,0.0,biography,6.71
C_prose_ngram,launched,28,y,8,15,5,0,1.0,5.0,3.3,0.0,7,3,BD053,BD049,BD064,n,,0.036,0.0,books,5.04
C_prose_ngram,law dean,28,y,13,6,9,0,1.6,2.0,5.9,0.0,5,3,CC006,BC043,SC125,n,,0.036,0.0,speeches,1.24
C_prose_ngram,liable,28,y,15,12,1,0,1.9,4.0,0.7,0.0,5,2,BB021,BB027,BB030,n,,0.286,0.0,books,2.15
C_prose_ngram,logic,28,y,16,9,2,1,2.0,3.0,1.3,2.9,7,2,BA055,BA082,BA039,n,,0.179,0.036,books,1.51
C_prose_ngram,lose,28,y,14,12,2,0,1.7,4.0,1.3,0.0,6,2,CC101,BA005,BE009,n,,0.179,0.071,books,2.3
C_prose_ngram,maxim,28,y,12,14,1,1,1.5,4.7,0.7,2.9,8,2,BA041,BA080,BD056,n,,0.25,0.036,books,3.13
C_prose_ngram,mining,28,y,8,15,5,0,1.0,5.0,3.3,0.0,8,3,BB038,BD053,BB032,n,,0.107,0.036,books,5.04
C_prose_ngram,moral courage,28,y,3,17,8,0,0.4,5.7,5.2,0.0,7,3,BD054,BD059,BA097,n,,0.071,0.036,books,15.22
C_prose_ngram,museum,28,y,15,2,10,1,1.9,0.7,6.5,2.9,1,2,SD016,SD021,SD002,n,,0.0,0.0,speeches,0.36
C_prose_ngram,one's,28,y,5,18,5,0,0.6,6.0,3.3,0.0,5,3,BB012,BD057,BA035,n,,0.107,0.0,books,9.67
C_prose_ngram,outcome,28,y,16,8,2,2,2.0,2.7,1.3,5.7,4,2,BD053,BA053,CA382,n,,0.214,0.0,biography,1.34
C_prose_ngram,p-noy,28,y,22,5,1,0,2.7,1.7,0.7,0.0,1,2,CE119,CE093,CA487,n,,0.25,0.0,columns,0.61
C_prose_ngram,participate,28,y,17,7,4,0,2.1,2.3,2.6,0.0,5,3,CA382,BD056,BA086,n,,0.071,0.0,speeches,1.11
C_prose_ngram,pattern,28,y,20,5,0,3,2.5,1.7,0.0,8.6,5,3,CB018,BA080,CA348,n,,0.179,0.0,biography,0.67
C_prose_ngram,pesos,28,y,6,8,11,3,0.7,2.7,7.2,8.6,6,4,SD016,BD036,SA078,n,,0.214,0.0,biography,3.58
C_prose_ngram,plain,28,y,17,10,1,0,2.1,3.3,0.7,0.0,8,2,BA100,BD034,BA080,n,,0.143,0.0,books,1.58
C_prose_ngram,potential,28,y,19,3,6,0,2.4,1.0,3.9,0.0,2,3,BB012,SE038,CA439,n,,0.143,0.0,speeches,0.42
C_prose_ngram,premise,28,y,6,20,1,1,0.7,6.7,0.7,2.9,8,2,BA032,BB038,BB029,n,,0.286,0.0,books,8.95
C_prose_ngram,presented,28,y,7,16,5,0,0.9,5.4,3.3,0.0,7,3,BA036,BD037,BD021,n,,0.071,0.0,books,6.14
C_prose_ngram,program for judicial,28,y,5,19,4,0,0.6,6.4,2.6,0.0,7,3,BD049,BD039,BD064,n,,0.071,0.0,books,10.21
C_prose_ngram,properties,28,y,16,10,2,0,2.0,3.3,1.3,0.0,6,2,BB019,BB042,BB018,n,,0.321,0.0,books,1.68
C_prose_ngram,puno's,28,y,9,18,1,0,1.1,6.0,0.7,0.0,6,2,BA053,BA055,BD058,n,,0.107,0.0,books,5.37
C_prose_ngram,ratification,28,y,21,5,2,0,2.6,1.7,1.3,0.0,5,2,BB028,BB020,CA187,n,,0.0,0.0,columns,0.64
C_prose_ngram,reached,28,y,10,11,4,3,1.2,3.7,2.6,8.6,6,4,BA078,BD039,CE095,n,,0.25,0.036,biography,2.95
C_prose_ngram,representative,28,y,11,14,2,1,1.4,4.7,1.3,2.9,9,2,BA039,BA086,BA096,n,,0.25,0.0,books,3.42
C_prose_ngram,returns,28,y,16,8,3,1,2.0,2.7,2.0,2.9,6,3,BA063,BA096,CA458,n,,0.357,0.071,biography,1.34
C_prose_ngram,road,28,y,12,8,6,2,1.5,2.7,3.9,5.7,5,3,BC045,CD027,CE120,n,,0.143,0.036,biography,1.79
C_prose_ngram,roles,28,y,11,4,9,4,1.4,1.3,5.9,11.4,3,4,BD059,BB012,CA440,n,,0.071,0.0,biography,0.98
C_prose_ngram,scotus,28,y,27,0,1,0,3.4,0.0,0.7,0.0,0,1,CA188,CA020,CA026,n,,0.321,0.0,columns,0.0
C_prose_ngram,sets,28,y,9,18,1,0,1.1,6.0,0.7,0.0,7,2,BA080,BA084,BB032,n,,0.286,0.0,books,5.37
C_prose_ngram,solely,28,y,13,14,1,0,1.6,4.7,0.7,0.0,7,2,BB019,BA089,BA069,n,,0.214,0.0,books,2.89
C_prose_ngram,solution,28,y,19,4,5,0,2.4,1.3,3.3,0.0,3,3,CA436,SA098,BC043,n,,0.25,0.071,speeches,0.57
C_prose_ngram,suits,28,y,14,14,0,0,1.7,4.7,0.0,0.0,8,2,BD028,BB028,BD058,n,,0.25,0.036,books,2.69
C_prose_ngram,tried,28,y,11,10,6,1,1.4,3.3,3.9,2.9,7,3,BA057,BA086,BA059,n,,0.179,0.0,speeches,2.44
C_prose_ngram,website,28,y,15,10,3,0,1.9,3.3,2.0,0.0,3,3,BD053,BD064,BD059,n,,0.143,0.036,books,1.79
C_prose_ngram,welfare,28,y,11,8,9,0,1.4,2.7,5.9,0.0,7,3,CC106,BD069,SD044,n,,0.286,0.107,speeches,1.95
C_prose_ngram,writ,28,y,17,8,3,0,2.1,2.7,2.0,0.0,5,3,BA100,BA089,BB019,n,,0.143,0.071,books,1.26
C_prose_ngram,acted,27,y,9,16,2,0,1.1,5.4,1.3,0.0,8,2,BD028,BA086,BD057,n,,0.185,0.0,books,4.77
C_prose_ngram,action program,27,y,5,18,4,0,0.6,6.0,2.6,0.0,7,3,BD049,BD039,BD064,n,,0.037,0.0,books,9.67
C_prose_ngram,advisory,27,y,12,11,4,0,1.5,3.7,2.6,0.0,6,3,CA432,BA100,BB028,n,,0.148,0.0,books,2.46
C_prose_ngram,affidavits,27,y,25,2,0,0,3.1,0.7,0.0,0.0,2,1,BA069,CA468,CA408,n,,0.185,0.0,columns,0.21
C_prose_ngram,amid,27,y,15,11,0,1,1.9,3.7,0.0,2.9,4,2,BA036,CA488,CA219,n,,0.296,0.0,books,1.97
C_prose_ngram,arrested,27,y,19,8,0,0,2.4,2.7,0.0,0.0,6,2,BA057,BA100,BA082,n,,0.148,0.037,books,1.13
C_prose_ngram,attended,27,y,10,9,6,2,1.2,3.0,3.9,5.7,7,3,CD027,CE096,BD028,n,,0.037,0.0,biography,2.42
C_prose_ngram,autonomy,27,y,11,15,1,0,1.4,5.0,0.7,0.0,8,2,BA032,BA084,BD039,n,,0.074,0.0,books,3.66
C_prose_ngram,bar exam,27,y,17,0,10,0,2.1,0.0,6.5,0.0,0,2,SD016,SD044,SA131,y,bar_exam_and_legal_education,0.074,0.0,speeches,0.0
C_prose_ngram,bases,27,y,17,8,2,0,2.1,2.7,1.3,0.0,4,2,BA100,BA081,BB020,n,,0.111,0.0,books,1.26
C_prose_ngram,bayan,27,y,11,9,7,0,1.4,3.0,4.6,0.0,5,3,SD082,BD022,CA219,n,,0.111,0.0,speeches,2.2
C_prose_ngram,beginning,27,y,9,14,4,0,1.1,4.7,2.6,0.0,6,3,BD053,BD056,BD035,n,,0.148,0.037,books,4.18
C_prose_ngram,believes,27,y,23,2,2,0,2.9,0.7,1.3,0.0,1,1,CC101,CA382,CA400,n,,0.0,0.0,columns,0.23
C_prose_ngram,centenary of justice,27,y,1,26,0,0,0.1,8.7,0.0,0.0,2,1,BA032,BD045,BD013,y,supreme_court_history,0.148,0.0,books,69.83
C_prose_ngram,cha-cha,27,y,17,7,3,0,2.1,2.3,2.0,0.0,2,3,CA289,CE028,CA193,y,constitutional_doctrine,0.0,0.0,books,1.11
C_prose_ngram,changes,27,y,14,8,5,0,1.7,2.7,3.3,0.0,6,3,CA382,BB030,BB034,n,,0.148,0.037,speeches,1.53
C_prose_ngram,colleagues,27,y,11,11,4,1,1.4,3.7,2.6,2.9,7,3,BD059,CB018,SA136,n,,0.185,0.074,books,2.69
C_prose_ngram,commandments,27,y,4,14,6,3,0.5,4.7,3.9,8.6,8,4,BC040,BC039,BC030,n,,0.222,0.074,biography,9.4
C_prose_ngram,commerce,27,y,9,10,6,2,1.1,3.3,3.9,5.7,7,3,SB075,BB028,BB013,n,,0.259,0.148,biography,2.98
C_prose_ngram,concurred,27,y,9,17,1,0,1.1,5.7,0.7,0.0,6,2,BA100,BA089,BA055,n,,0.222,0.0,books,5.07
C_prose_ngram,consistent,27,y,16,9,2,0,2.0,3.0,1.3,0.0,7,2,BA057,BA091,CA382,n,,0.296,0.037,books,1.51
C_prose_ngram,convinced,27,y,14,4,8,1,1.7,1.3,5.2,2.9,2,3,SC025,BE025,SC116,n,,0.037,0.0,speeches,0.77
C_prose_ngram,criminal cases,27,y,23,4,0,0,2.9,1.3,0.0,0.0,4,2,CA468,CA096,CA217,n,,0.259,0.074,columns,0.47
C_prose_ngram,culture,27,y,14,5,8,0,1.7,1.7,5.2,0.0,4,3,BB012,SD044,BC031,n,,0.185,0.0,speeches,0.96
C_prose_ngram,damages,27,y,8,16,3,0,1.0,5.4,2.0,0.0,7,3,BB021,BA037,BB030,n,,0.444,0.0,books,5.37
C_prose_ngram,danger,27,y,8,19,0,0,1.0,6.4,0.0,0.0,8,2,BA032,BA100,BA036,n,,0.185,0.0,books,6.38
C_prose_ngram,deregulation,27,y,10,15,2,0,1.2,5.0,1.3,0.0,7,2,BA032,BB027,BB013,n,,0.222,0.037,books,4.03
C_prose_ngram,divided,27,y,10,11,4,2,1.2,3.7,2.6,5.7,6,3,BA055,CC106,CB018,n,,0.185,0.074,biography,2.95
C_prose_ngram,drawn,27,y,4,22,1,0,0.5,7.4,0.7,0.0,10,2,BD053,BA078,BA055,n,,0.148,0.0,books,14.77
C_prose_ngram,effectively,27,y,10,14,2,1,1.2,4.7,1.3,2.9,9,2,BA055,BD037,BA078,n,,0.222,0.0,books,3.76
C_prose_ngram,enabling,27,y,14,8,5,0,1.7,2.7,3.3,0.0,4,3,BB007,SA052,SA020,n,,0.074,0.037,speeches,1.53
C_prose_ngram,exists,27,y,15,11,1,0,1.9,3.7,0.7,0.0,7,2,BA036,CA426,BA078,n,,0.222,0.0,books,1.97
C_prose_ngram,facie,27,y,21,6,0,0,2.6,2.0,0.0,0.0,5,2,CA498,BA084,BA082,n,,0.111,0.074,columns,0.77
C_prose_ngram,filled,27,y,11,12,3,1,1.4,4.0,2.0,2.9,8,3,SD016,BD061,BA096,n,,0.185,0.074,books,2.93
C_prose_ngram,findings,27,y,18,8,1,0,2.2,2.7,0.7,0.0,5,2,BA081,BA069,BB018,n,,0.333,0.148,books,1.19
C_prose_ngram,framers,27,y,21,5,1,0,2.6,1.7,0.7,0.0,4,2,CA411,CC101,BB033,n,,0.037,0.0,columns,0.64
C_prose_ngram,good governance,27,y,7,13,7,0,0.9,4.3,4.6,0.0,6,3,BB031,BC043,BD036,n,,0.074,0.0,speeches,4.99
C_prose_ngram,governments,27,y,12,13,2,0,1.5,4.3,1.3,0.0,8,2,BB027,BA100,BD037,n,,0.074,0.0,books,2.91
C_prose_ngram,henry,27,y,17,5,5,0,2.1,1.7,3.3,0.0,4,3,CD027,CC111,SC046,n,,0.111,0.0,speeches,0.79
C_prose_ngram,hong,27,y,14,5,7,1,1.7,1.7,4.6,2.9,4,3,BB012,GC027,SA078,n,,0.148,0.074,speeches,0.96
C_prose_ngram,illustrated,27,y,0,26,1,0,0.0,8.7,0.7,0.0,11,1,BD054,BD060,BC039,n,,0.074,0.0,books,inf
C_prose_ngram,innovation,27,y,15,5,7,0,1.9,1.7,4.6,0.0,3,3,BD034,CA092,BD061,n,,0.111,0.0,speeches,0.9
C_prose_ngram,interference,27,y,9,10,6,2,1.1,3.3,3.9,5.7,3,3,BD062,BD064,BD070,n,,0.0,0.0,biography,2.98
C_prose_ngram,introduction,27,y,5,8,11,3,0.6,2.7,7.2,8.6,6,4,BD021,SC007,SC008,n,,0.074,0.0,biography,4.3
C_prose_ngram,involved,27,y,9,14,4,0,1.1,4.7,2.6,0.0,7,3,BD058,BB028,CA435,n,,0.111,0.0,books,4.18
C_prose_ngram,justice jose,27,y,12,11,3,1,1.5,3.7,2.0,2.9,7,3,CA432,BB012,CA426,n,,0.222,0.111,books,2.46
C_prose_ngram,liberties,27,y,4,14,9,0,0.5,4.7,5.9,0.0,8,3,BD059,BD060,SB075,n,,0.074,0.0,speeches,9.4
C_prose_ngram,mandated,27,y,9,15,3,0,1.1,5.0,2.0,0.0,7,3,BA084,BB032,BA086,n,,0.148,0.0,books,4.48
C_prose_ngram,mean,27,y,13,11,3,0,1.6,3.7,2.0,0.0,5,3,CA393,SB085,BE025,n,,0.148,0.0,books,2.27
C_prose_ngram,mediation,27,y,8,16,3,0,1.0,5.4,2.0,0.0,8,3,BD053,BD039,BA077,n,,0.296,0.0,books,5.37
C_prose_ngram,methods,27,y,16,9,2,0,2.0,3.0,1.3,0.0,7,2,BD036,BB038,BB012,n,,0.185,0.0,books,1.51
C_prose_ngram,minimum,27,y,18,7,2,0,2.2,2.3,1.3,0.0,6,2,BA032,BB013,BB032,n,,0.148,0.037,books,1.04
C_prose_ngram,negative,27,y,8,15,4,0,1.0,5.0,2.6,0.0,8,3,BB032,BD061,CA393,n,,0.148,0.037,books,5.04
C_prose_ngram,nomination,27,y,20,5,2,0,2.5,1.7,1.3,0.0,5,2,CA263,CA266,CA323,n,,0.111,0.037,columns,0.67
C_prose_ngram,novel,27,y,18,9,0,0,2.2,3.0,0.0,0.0,6,2,BA092,BA082,BA053,n,,0.259,0.0,books,1.34
C_prose_ngram,observed,27,y,11,12,3,1,1.4,4.0,2.0,2.9,6,3,BD054,BA084,BD070,n,,0.037,0.0,books,2.93
C_prose_ngram,paper,27,y,11,10,4,2,1.4,3.3,2.6,5.7,7,3,BB012,CA187,BD021,n,,0.148,0.0,biography,2.44
C_prose_ngram,pdaf,27,y,26,0,1,0,3.2,0.0,0.7,0.0,0,1,CA440,CA432,CA444,n,,0.074,0.0,columns,0.0
C_prose_ngram,plenary,27,y,9,11,5,2,1.1,3.7,3.3,5.7,6,3,SA052,BC045,CC006,n,,0.148,0.0,biography,3.28
C_prose_ngram,practices,27,y,14,8,5,0,1.7,2.7,3.3,0.0,3,3,BD037,BB032,CA400,n,,0.259,0.0,speeches,1.53
C_prose_ngram,prima facie,27,y,21,6,0,0,2.6,2.0,0.0,0.0,5,2,CA498,BA084,BA082,n,,0.111,0.074,columns,0.77
C_prose_ngram,primary,27,y,16,8,3,0,2.0,2.7,2.0,0.0,5,3,BB028,CA075,SA111,n,,0.222,0.037,books,1.34
C_prose_ngram,principal,27,y,18,8,1,0,2.2,2.7,0.7,0.0,5,2,BA036,BB019,CA201,n,,0.259,0.037,books,1.19
C_prose_ngram,promulgated,27,y,12,15,0,0,1.5,5.0,0.0,0.0,5,2,BD058,CA428,BB022,n,,0.37,0.111,books,3.36
C_prose_ngram,proposals,27,y,16,8,2,1,2.0,2.7,1.3,2.9,6,2,BD039,BD056,BD067,n,,0.111,0.037,biography,1.34
C_prose_ngram,public officials,27,y,15,9,3,0,1.9,3.0,2.0,0.0,5,3,BA032,BA036,BA080,n,,0.185,0.0,books,1.61
C_prose_ngram,raising,27,y,9,16,2,0,1.1,5.4,1.3,0.0,8,2,BD056,CA187,BD013,n,,0.185,0.0,books,4.77
C_prose_ngram,reclusion,27,y,17,10,0,0,2.1,3.3,0.0,0.0,7,2,BA037,BA083,BA070,n,,0.111,0.037,books,1.58
C_prose_ngram,referred,27,y,8,14,5,0,1.0,4.7,3.3,0.0,8,3,BA077,BD058,BA086,n,,0.148,0.0,books,4.7
C_prose_ngram,rendered,27,y,11,13,3,0,1.4,4.3,2.0,0.0,8,3,BA057,CA426,BA090,n,,0.222,0.074,books,3.17
C_prose_ngram,reserved,27,y,11,13,3,0,1.4,4.3,2.0,0.0,9,3,BD028,BB031,BB038,n,,0.074,0.0,books,3.17
C_prose_ngram,reynato puno,27,y,14,10,3,0,1.7,3.3,2.0,0.0,6,3,CA186,BE009,CA128,n,,0.148,0.0,books,1.92
C_prose_ngram,rotary club,27,y,4,13,6,4,0.5,4.3,3.9,11.4,5,4,SC014,BC023,BC045,n,,0.0,0.0,biography,8.73
C_prose_ngram,sandoval-gutierrez,27,y,15,10,2,0,1.9,3.3,1.3,0.0,4,2,BA100,BD058,CA219,n,,0.111,0.037,books,1.79
C_prose_ngram,sc decisions,27,y,19,3,5,0,2.4,1.0,3.3,0.0,2,3,CB018,BD022,SB075,n,,0.185,0.037,speeches,0.42
C_prose_ngram,studies,27,y,6,11,9,1,0.7,3.7,5.9,2.9,7,3,BC045,CC006,BC039,n,,0.148,0.0,speeches,4.92
C_prose_ngram,subsequent,27,y,17,9,1,0,2.1,3.0,0.7,0.0,5,2,CA187,BB031,BB033,n,,0.185,0.0,books,1.42
C_prose_ngram,supporting,27,y,13,12,2,0,1.6,4.0,1.3,0.0,8,2,BA086,BA069,CA356,n,,0.185,0.0,books,2.48
C_prose_ngram,testing,27,y,9,17,1,0,1.1,5.7,0.7,0.0,8,2,BD054,BA100,BA092,n,,0.222,0.037,books,5.07
C_prose_ngram,tony,27,y,16,0,11,0,2.0,0.0,7.2,0.0,0,2,SD021,SA056,SB042,n,,0.259,0.0,speeches,0.0
C_prose_ngram,transformation,27,y,11,9,6,1,1.4,3.0,3.9,2.9,4,3,BD054,CA434,BD053,n,,0.148,0.0,speeches,2.2
C_prose_ngram,tribunals,27,y,13,13,1,0,1.6,4.3,0.7,0.0,6,2,BB028,BB038,BA039,n,,0.222,0.037,books,2.69
C_prose_ngram,turning,27,y,6,15,3,3,0.7,5.0,2.0,8.6,8,4,BB012,BC045,BC039,n,,0.074,0.0,biography,6.71
C_prose_ngram,winning,27,y,12,9,5,1,1.5,3.0,3.3,2.9,5,3,BA032,BE007,BA001,n,,0.074,0.0,speeches,2.01
C_prose_ngram,addressed,26,y,10,13,3,0,1.2,4.3,2.0,0.0,8,3,SA098,BC043,CE096,n,,0.077,0.0,books,3.49
C_prose_ngram,affected,26,y,10,12,3,1,1.2,4.0,2.0,2.9,7,3,BA036,BA100,BB032,n,,0.192,0.038,books,3.22
C_prose_ngram,afford,26,y,8,13,4,1,1.0,4.3,2.6,2.9,7,3,CA434,BC045,BC039,n,,0.077,0.0,books,4.36
C_prose_ngram,agree,26,y,16,7,3,0,2.0,2.3,2.0,0.0,5,3,SA095,BB032,CA043,n,,0.077,0.0,books,1.17
C_prose_ngram,army,26,y,10,11,4,1,1.2,3.7,2.6,2.9,9,3,BD053,BD037,SA020,n,,0.154,0.0,books,2.95
C_prose_ngram,audience,26,y,6,13,6,1,0.7,4.3,3.9,2.9,7,3,BD053,BD039,BD057,n,,0.154,0.0,books,5.82
C_prose_ngram,authorities,26,y,12,12,2,0,1.5,4.0,1.3,0.0,8,2,BA053,BA086,BA099,n,,0.154,0.038,books,2.69
C_prose_ngram,baguio,26,y,9,11,4,2,1.1,3.7,2.6,5.7,7,3,BD056,BA097,BD044,n,,0.077,0.0,biography,3.28
C_prose_ngram,barring,26,y,15,11,0,0,1.9,3.7,0.0,0.0,5,2,BD058,BB027,BB013,n,,0.154,0.0,books,1.97
C_prose_ngram,behavior,26,y,13,10,3,0,1.6,3.3,2.0,0.0,7,3,BA041,BA057,CC101,n,,0.346,0.0,books,2.07
C_prose_ngram,bellosillo,26,y,6,20,0,0,0.7,6.7,0.0,0.0,7,2,BA036,BD034,BA057,n,,0.154,0.0,books,8.95
C_prose_ngram,bills,26,y,18,6,2,0,2.2,2.0,1.3,0.0,4,2,BA036,CA427,CA045,n,,0.077,0.0,columns,0.9
C_prose_ngram,biographical,26,y,16,4,6,0,2.0,1.3,3.9,0.0,4,3,CA434,BC019,SC007,n,,0.115,0.0,speeches,0.67
C_prose_ngram,carried,26,y,8,15,2,1,1.0,5.0,1.3,2.9,8,2,BA077,BA080,BC043,n,,0.192,0.0,books,5.04
C_prose_ngram,chamber,26,y,16,5,4,1,2.0,1.7,2.6,2.9,3,3,CE096,SB075,CA087,n,,0.038,0.0,biography,0.84
C_prose_ngram,checks,26,y,12,11,3,0,1.5,3.7,2.0,0.0,9,3,BD039,BD056,BB038,n,,0.038,0.038,books,2.46
C_prose_ngram,chief justice davide,26,y,0,22,2,2,0.0,7.4,1.3,5.7,6,1,BD054,BD053,BD049,n,,0.077,0.0,books,inf
C_prose_ngram,choices,26,y,16,9,1,0,2.0,3.0,0.7,0.0,3,2,BA005,CA444,BA026,n,,0.115,0.077,books,1.51
C_prose_ngram,comelec chair,26,y,20,4,1,1,2.5,1.3,0.7,2.9,2,2,BA023,BE007,CA433,n,,0.115,0.038,biography,0.54
C_prose_ngram,comprehensive,26,y,12,9,5,0,1.5,3.0,3.3,0.0,5,3,BD039,BD064,BD067,n,,0.154,0.0,speeches,2.01
C_prose_ngram,covers,26,y,9,9,2,6,1.1,3.0,1.3,17.1,7,3,BD054,BA056,GC026,n,,0.192,0.038,biography,2.69
C_prose_ngram,criticism,26,y,11,15,0,0,1.4,5.0,0.0,0.0,4,2,BD053,BB027,BD037,n,,0.192,0.0,books,3.66
C_prose_ngram,death penalty,26,y,9,14,1,2,1.1,4.7,0.7,5.7,10,2,BA032,BA059,BA092,y,death_penalty_and_echegaray,0.038,0.0,biography,4.18
C_prose_ngram,dedication,26,y,7,5,12,2,0.9,1.7,7.8,5.7,3,3,CA128,SA134,CE096,n,,0.038,0.0,speeches,1.92
C_prose_ngram,deliberate,26,y,9,12,3,2,1.1,4.0,2.0,5.7,6,3,BD058,BA082,BA081,n,,0.231,0.0,biography,3.58
C_prose_ngram,deposits,26,y,23,3,0,0,2.9,1.0,0.0,0.0,3,2,BB019,CA473,CA504,n,,0.231,0.038,columns,0.35
C_prose_ngram,discussed,26,y,12,9,5,0,1.5,3.0,3.3,0.0,6,3,SD082,BD057,BA081,n,,0.077,0.0,speeches,2.01
C_prose_ngram,dismiss,26,y,8,18,0,0,1.0,6.0,0.0,0.0,8,2,BD028,BA086,BA091,n,,0.154,0.0,books,6.04
C_prose_ngram,document,26,y,13,9,3,1,1.6,3.0,2.0,2.9,7,3,BA092,BD020,CA430,n,,0.231,0.038,books,1.86
C_prose_ngram,donated,26,y,10,2,14,0,1.2,0.7,9.2,0.0,1,2,SD016,SC005,SD002,n,,0.115,0.038,speeches,0.54
C_prose_ngram,efficient,26,y,9,16,1,0,1.1,5.4,0.7,0.0,9,2,BD034,BD049,BA077,n,,0.231,0.0,books,4.77
C_prose_ngram,enumeration,26,y,20,4,2,0,2.5,1.3,1.3,0.0,3,2,CA432,CA400,BA093,n,,0.154,0.0,columns,0.54
C_prose_ngram,equity,26,y,14,11,1,0,1.7,3.7,0.7,0.0,7,2,BB028,BB027,BB038,n,,0.115,0.0,books,2.11
C_prose_ngram,function,26,y,6,17,2,1,0.7,5.7,1.3,2.9,7,2,BB027,BD037,BA006,n,,0.115,0.0,books,7.61
C_prose_ngram,generation,26,y,12,3,11,0,1.5,1.0,7.2,0.0,3,3,SD016,SA078,SE038,n,,0.154,0.0,speeches,0.67
C_prose_ngram,gold,26,y,13,8,5,0,1.6,2.7,3.3,0.0,5,3,CA187,BA055,CE043,n,,0.269,0.077,speeches,1.65
C_prose_ngram,hall,26,y,8,12,4,2,1.0,4.0,2.6,5.7,8,3,BD064,BD049,BA032,n,,0.115,0.038,biography,4.03
C_prose_ngram,houses,26,y,17,8,1,0,2.1,2.7,0.7,0.0,5,2,BA078,BD036,CA219,n,,0.077,0.077,books,1.26
C_prose_ngram,immunity,26,y,20,5,1,0,2.5,1.7,0.7,0.0,5,2,BA036,BA080,CA435,n,,0.192,0.038,columns,0.67
C_prose_ngram,investors,26,y,11,9,5,1,1.4,3.0,3.3,2.9,7,3,BB038,BB027,BB013,n,,0.115,0.0,speeches,2.2
C_prose_ngram,jinggoy,26,y,25,1,0,0,3.1,0.3,0.0,0.0,1,1,CA108,CA410,CA399,n,,0.154,0.038,columns,0.11
C_prose_ngram,justice antonio,26,y,13,7,5,1,1.6,2.3,3.3,2.9,5,3,CC054,BD044,SA041,n,,0.077,0.0,speeches,1.45
C_prose_ngram,kong,26,y,14,5,6,1,1.7,1.7,3.9,2.9,4,3,BB012,GC027,SA078,n,,0.154,0.077,speeches,0.96
C_prose_ngram,lacson,26,y,23,3,0,0,2.9,1.0,0.0,0.0,2,2,CE046,CA426,CA150,n,,0.115,0.077,columns,0.35
C_prose_ngram,learned,26,y,7,7,11,1,0.9,2.3,7.2,2.9,3,3,SD087,BC039,GC026,n,,0.192,0.0,speeches,2.69
C_prose_ngram,lower courts,26,y,7,17,2,0,0.9,5.7,1.3,0.0,8,2,BD034,BB027,BD039,n,,0.231,0.0,books,6.52
C_prose_ngram,loyalty,26,y,13,8,5,0,1.6,2.7,3.3,0.0,4,3,BD053,BD064,BD060,n,,0.115,0.0,speeches,1.65
C_prose_ngram,mandates,26,y,16,7,3,0,2.0,2.3,2.0,0.0,6,3,BA032,BB013,BB031,n,,0.115,0.077,books,1.17
C_prose_ngram,matthew,26,y,8,8,8,2,1.0,2.7,5.2,5.7,4,3,BC002,SC104,BA030,n,,0.077,0.077,biography,2.69
C_prose_ngram,medicine,26,y,10,9,5,2,1.2,3.0,3.3,5.7,7,3,BD037,BD055,SA078,n,,0.115,0.0,biography,2.42
C_prose_ngram,monitoring,26,y,13,10,2,1,1.6,3.3,1.3,2.9,5,2,BA077,BD067,BD046,n,,0.231,0.0,books,2.07
C_prose_ngram,monthly,26,y,9,10,6,1,1.1,3.3,3.9,2.9,5,3,BD059,BD054,BB028,n,,0.115,0.0,speeches,2.98
C_prose_ngram,netherlands,26,y,13,8,5,0,1.6,2.7,3.3,0.0,5,3,BD053,BD064,BA077,n,,0.269,0.038,speeches,1.65
C_prose_ngram,nusp,26,y,3,6,14,3,0.4,2.0,9.2,8.6,4,4,BC045,BC041,SA052,y,bar_exam_and_legal_education,0.077,0.0,speeches,5.37
C_prose_ngram,option,26,y,18,7,1,0,2.2,2.3,0.7,0.0,6,2,CA430,BD037,CA087,n,,0.115,0.038,books,1.04
C_prose_ngram,pangalangan,26,y,13,6,7,0,1.6,2.0,4.6,0.0,4,3,BD059,BD052,SC007,n,,0.0,0.0,speeches,1.24
C_prose_ngram,parish,26,y,7,9,6,4,0.9,3.0,3.9,11.4,3,4,SC023,BC029,BC002,n,,0.192,0.038,biography,3.45
C_prose_ngram,partners,26,y,7,5,14,0,0.9,1.7,9.2,0.0,5,3,SB006,SD027,BC014,n,,0.154,0.0,speeches,1.92
C_prose_ngram,parts,26,y,15,10,1,0,1.9,3.3,0.7,0.0,7,2,BD037,BA006,CA382,n,,0.0,0.0,books,1.79
C_prose_ngram,penal code,26,y,16,8,2,0,2.0,2.7,1.3,0.0,6,2,BA080,CA131,BA070,n,,0.192,0.0,books,1.34
C_prose_ngram,perfect,26,y,12,11,3,0,1.5,3.7,2.0,0.0,5,3,BA077,BE007,BB038,n,,0.385,0.077,books,2.46
C_prose_ngram,perpetua,26,y,17,9,0,0,2.1,3.0,0.0,0.0,6,2,BA037,BA083,BA080,n,,0.077,0.038,books,1.42
C_prose_ngram,plague,26,y,11,10,5,0,1.4,3.3,3.3,0.0,4,3,BD054,BD064,BD039,n,,0.077,0.038,books,2.44
C_prose_ngram,points,26,y,11,14,1,0,1.4,4.7,0.7,0.0,9,2,CA429,BB032,BD062,n,,0.231,0.038,books,3.42
C_prose_ngram,prayers,26,y,10,6,7,3,1.2,2.0,4.6,8.6,3,4,BA078,BC030,SC023,n,,0.192,0.0,biography,1.61
C_prose_ngram,prejudice,26,y,11,14,0,1,1.4,4.7,0.0,2.9,9,2,BD058,BA069,BA089,n,,0.269,0.038,books,3.42
C_prose_ngram,quezon city,26,y,18,6,2,0,2.2,2.0,1.3,0.0,6,2,BD064,BA057,BD049,n,,0.192,0.0,columns,0.9
C_prose_ngram,quotes,26,y,3,21,1,1,0.4,7.0,0.7,2.9,7,2,BD053,BA084,BA080,n,,0.154,0.038,books,18.8
C_prose_ngram,reasonable doubt,26,y,21,5,0,0,2.6,1.7,0.0,0.0,3,2,CA392,BA080,CA230,n,,0.154,0.038,columns,0.64
C_prose_ngram,reclusion perpetua,26,y,17,9,0,0,2.1,3.0,0.0,0.0,6,2,BA037,BA083,BA080,n,,0.077,0.038,books,1.42
C_prose_ngram,render,26,y,16,7,2,1,2.0,2.3,1.3,2.9,6,2,BD053,CC101,CA426,n,,0.115,0.0,biography,1.17
C_prose_ngram,represented,26,y,11,7,7,1,1.4,2.3,4.6,2.9,6,3,BA057,BD058,CA428,n,,0.115,0.0,speeches,1.71
C_prose_ngram,resolve,26,y,12,11,2,1,1.5,3.7,1.3,2.9,7,2,CA428,CA224,BD020,n,,0.308,0.077,books,2.46
C_prose_ngram,rome,26,y,16,2,6,2,2.0,0.7,3.9,5.7,2,2,CA099,CA416,CA087,n,,0.115,0.038,biography,0.34
C_prose_ngram,room,26,y,9,5,8,4,1.1,1.7,5.2,11.4,4,4,CC100,SC046,SB040,n,,0.154,0.0,biography,1.49
C_prose_ngram,sampaloc,26,y,8,5,9,4,1.0,1.7,5.9,11.4,4,4,BC045,BC014,SC062,y,early_life_sampaloc,0.038,0.0,biography,1.68
C_prose_ngram,sanctions,26,y,14,9,3,0,1.7,3.0,2.0,0.0,4,3,BA100,SA095,BB018,n,,0.231,0.038,books,1.73
C_prose_ngram,saying,26,y,10,10,5,1,1.2,3.3,3.3,2.9,6,3,BA078,BD045,CA426,n,,0.231,0.0,books,2.69
C_prose_ngram,secretary of justice,26,y,7,8,8,3,0.9,2.7,5.2,8.6,6,4,BA032,BD045,CA444,n,,0.0,0.0,biography,3.07
C_prose_ngram,sereno's,26,y,22,0,4,0,2.7,0.0,2.6,0.0,0,2,CA035,CC110,CC091,n,,0.077,0.0,columns,0.0
C_prose_ngram,silent,26,y,15,7,3,1,1.9,2.3,2.0,2.9,6,3,CA333,CA188,CA079,n,,0.038,0.038,biography,1.25
C_prose_ngram,social justice,26,y,13,10,3,0,1.6,3.3,2.0,0.0,6,3,BD059,BD056,BB031,n,,0.077,0.0,books,2.07
C_prose_ngram,split,26,y,13,11,2,0,1.6,3.7,1.3,0.0,7,2,BB027,BB024,BB006,n,,0.115,0.0,books,2.27
C_prose_ngram,statements,26,y,10,13,3,0,1.2,4.3,2.0,0.0,8,3,BA036,BA082,BA069,n,,0.269,0.077,books,3.49
C_prose_ngram,strength,26,y,8,13,5,0,1.0,4.3,3.3,0.0,8,3,BD059,BA097,BA084,n,,0.077,0.0,books,4.36
C_prose_ngram,structural,26,y,15,7,4,0,1.9,2.3,2.6,0.0,5,3,BD063,BA005,SC005,n,,0.269,0.077,speeches,1.25
C_prose_ngram,submit,26,y,15,10,0,1,1.9,3.3,0.0,2.9,6,2,BA078,BD046,BB021,n,,0.115,0.0,books,1.79
C_prose_ngram,summa,26,y,10,3,10,3,1.2,1.0,6.5,8.6,3,4,SC010,SD047,SD054,n,,0.038,0.0,biography,0.81
C_prose_ngram,sworn,26,y,13,10,2,1,1.6,3.3,1.3,2.9,6,2,BD034,BD059,BA078,n,,0.192,0.038,books,2.07
C_prose_ngram,threat,26,y,19,5,1,1,2.4,1.7,0.7,2.9,4,2,BA084,SA095,CA219,n,,0.308,0.038,biography,0.71
C_prose_ngram,tools,26,y,11,11,4,0,1.4,3.7,2.6,0.0,8,3,BD037,BD049,BD036,n,,0.231,0.0,books,2.69
C_prose_ngram,undue,26,y,7,17,1,1,0.9,5.7,0.7,2.9,7,2,BD059,BD054,BB013,n,,0.154,0.038,books,6.52
C_prose_ngram,vacant,26,y,11,13,2,0,1.4,4.3,1.3,0.0,7,2,BD053,BD039,BD036,n,,0.0,0.0,books,3.17
C_prose_ngram,venue,26,y,12,7,4,3,1.5,2.3,2.6,8.6,5,4,BD070,SB079,CC101,n,,0.231,0.038,biography,1.57
C_prose_ngram,wants,26,y,14,5,6,1,1.7,1.7,3.9,2.9,3,3,CA400,BC046,CA458,n,,0.077,0.0,speeches,0.96
C_prose_ngram,welcome,26,y,11,5,10,0,1.4,1.7,6.5,0.0,3,3,SC046,CC091,CC101,n,,0.346,0.077,speeches,1.22
C_prose_ngram,york,26,y,11,8,7,0,1.4,2.7,4.6,0.0,7,3,SA078,BB038,BC039,n,,0.192,0.0,speeches,1.95
C_prose_ngram,zero,26,y,16,7,2,1,2.0,2.3,1.3,2.9,5,2,BD039,BA077,BD064,n,,0.115,0.0,biography,1.17
C_prose_ngram,access to justice,25,y,4,13,8,0,0.5,4.3,5.2,0.0,2,3,BD059,BD064,BD053,n,,0.04,0.0,speeches,8.73
C_prose_ngram,accountable,25,y,9,13,3,0,1.1,4.3,2.0,0.0,6,3,BD059,BD049,BB031,n,,0.16,0.0,books,3.88
C_prose_ngram,affairs,25,y,9,10,5,1,1.1,3.3,3.3,2.9,5,3,CA087,BA074,BC031,n,,0.12,0.04,books,2.98
C_prose_ngram,allocation,25,y,14,8,3,0,1.7,2.7,2.0,0.0,6,3,BA032,CA147,SA099,n,,0.16,0.04,books,1.53
C_prose_ngram,alongside,25,y,11,12,1,1,1.4,4.0,0.7,2.9,8,2,BD064,BD049,BD046,n,,0.04,0.0,books,2.93
C_prose_ngram,attention,25,y,10,11,4,0,1.2,3.7,2.6,0.0,8,3,BD052,BA059,BB020,n,,0.16,0.04,books,2.95
C_prose_ngram,banks,25,y,18,4,3,0,2.2,1.3,2.0,0.0,2,3,CA473,CA498,BD060,n,,0.2,0.08,columns,0.6
C_prose_ngram,barrel,25,y,24,1,0,0,3.0,0.3,0.0,0.0,1,1,CA444,CA440,CA436,n,,0.2,0.12,columns,0.11
C_prose_ngram,belief,25,y,10,11,4,0,1.2,3.7,2.6,0.0,6,3,BD028,BA053,BA104,n,,0.16,0.0,books,2.95
C_prose_ngram,brief,25,y,10,7,5,3,1.2,2.3,3.3,8.6,5,4,SD082,SD087,BB017,n,,0.2,0.04,biography,1.88
C_prose_ngram,caguioa,25,y,25,0,0,0,3.1,0.0,0.0,0.0,0,1,CA306,CA186,CA233,n,,0.12,0.0,columns,0.0
C_prose_ngram,cbcp,25,y,9,9,6,1,1.1,3.0,3.9,2.9,4,3,BC030,BC020,BE005,n,,0.08,0.0,speeches,2.69
C_prose_ngram,claimed,25,y,7,18,0,0,0.9,6.0,0.0,0.0,7,2,BA036,BA080,BB019,n,,0.32,0.0,books,6.91
C_prose_ngram,commissions,25,y,16,6,3,0,2.0,2.0,2.0,0.0,5,3,BA080,CA404,BB028,n,,0.04,0.0,books,1.01
C_prose_ngram,complex,25,y,8,16,1,0,1.0,5.4,0.7,0.0,9,2,BD053,BB031,BA080,n,,0.16,0.0,books,5.37
C_prose_ngram,computer,25,y,11,13,1,0,1.4,4.3,0.7,0.0,6,2,BD037,BD064,BD049,n,,0.28,0.04,books,3.17
C_prose_ngram,contests,25,y,13,7,4,1,1.6,2.3,2.6,2.9,5,3,CA128,SB006,SD027,n,,0.04,0.0,biography,1.45
C_prose_ngram,davao,25,y,11,13,1,0,1.4,4.3,0.7,0.0,8,2,BD039,BA077,BD050,n,,0.16,0.0,books,3.17
C_prose_ngram,defeat,25,y,14,10,0,1,1.7,3.3,0.0,2.9,5,2,CC101,CA348,BE022,n,,0.2,0.0,books,1.92
C_prose_ngram,diagnosis,25,y,12,11,1,1,1.5,3.7,0.7,2.9,7,2,BB012,BD036,BD039,n,,0.12,0.0,books,2.46
C_prose_ngram,didn't,25,y,15,0,9,1,1.9,0.0,5.9,2.9,0,2,SA052,CA185,CA207,n,,0.08,0.0,speeches,0.0
C_prose_ngram,diokno,25,y,16,4,3,2,2.0,1.3,2.0,5.7,4,3,SA011,CC004,BD057,y,mentors_and_legal_lineage,0.04,0.0,biography,0.67
C_prose_ngram,dissertation writing contest,25,y,14,0,11,0,1.7,0.0,7.2,0.0,0,2,SD021,SD054,SD044,y,flp_scholarship_programs,0.0,0.0,speeches,0.0
C_prose_ngram,endorsement,25,y,18,5,2,0,2.2,1.7,1.3,0.0,4,2,BA086,BD049,SE012,n,,0.2,0.0,columns,0.75
C_prose_ngram,equally,25,y,10,10,5,0,1.2,3.3,3.3,0.0,9,3,BA041,CA432,BA057,n,,0.24,0.0,books,2.69
C_prose_ngram,ermita,25,y,12,7,5,1,1.5,2.3,3.3,2.9,3,3,CA429,CA322,CA219,n,,0.04,0.0,speeches,1.57
C_prose_ngram,ethical standards,25,y,10,12,3,0,1.2,4.0,2.0,0.0,6,3,BB031,BA077,BD041,y,lawyer_ethics_initiative,0.2,0.0,books,3.22
C_prose_ngram,examinations,25,y,6,15,3,1,0.7,5.0,2.0,2.9,7,3,BD053,BD064,BA077,n,,0.08,0.0,books,6.71
C_prose_ngram,exams,25,y,14,3,8,0,1.7,1.0,5.2,0.0,2,3,BD021,SE036,SA131,n,,0.16,0.0,speeches,0.58
C_prose_ngram,fernando,25,y,12,5,8,0,1.5,1.7,5.2,0.0,5,3,SD016,SC007,BD049,n,,0.08,0.0,speeches,1.12
C_prose_ngram,forces,25,y,11,10,4,0,1.4,3.3,2.6,0.0,6,3,BA097,BA100,BA081,n,,0.12,0.0,books,2.44
C_prose_ngram,hear,25,y,9,10,6,0,1.1,3.3,3.9,0.0,7,3,BD035,SA095,BB013,n,,0.04,0.0,speeches,2.98
C_prose_ngram,hong kong,25,y,14,5,5,1,1.7,1.7,3.3,2.9,4,3,BB012,GC027,SA078,n,,0.16,0.08,speeches,0.96
C_prose_ngram,identification,25,y,16,8,1,0,2.0,2.7,0.7,0.0,5,2,CA434,BA056,BB038,n,,0.12,0.0,books,1.34
C_prose_ngram,judicial renaissance,25,y,1,24,0,0,0.1,8.0,0.0,0.0,2,1,BD053,BB031,BD054,n,,0.12,0.0,books,64.45
C_prose_ngram,kapunan,25,y,4,20,1,0,0.5,6.7,0.7,0.0,6,2,BA036,BA057,BA080,n,,0.2,0.0,books,13.43
C_prose_ngram,large,25,y,16,8,1,0,2.0,2.7,0.7,0.0,8,2,CA428,BD058,BD064,n,,0.16,0.04,books,1.34
C_prose_ngram,legislators,25,y,20,3,2,0,2.5,1.0,1.3,0.0,3,2,CA440,CA444,CA443,n,,0.12,0.0,columns,0.4
C_prose_ngram,length,25,y,10,12,2,1,1.2,4.0,1.3,2.9,6,2,BD053,BA041,BA082,n,,0.08,0.0,books,3.22
C_prose_ngram,lessons,25,y,10,8,7,0,1.2,2.7,4.6,0.0,5,3,BB027,SA098,SB079,n,,0.0,0.0,speeches,2.15
C_prose_ngram,lines,25,y,14,7,3,1,1.7,2.3,2.0,2.9,5,3,BB013,BA080,CB018,n,,0.2,0.0,biography,1.34
C_prose_ngram,lists,25,y,4,21,0,0,0.5,7.0,0.0,0.0,8,2,BD054,BB027,BD028,n,,0.04,0.0,books,14.1
C_prose_ngram,manila cathedral,25,y,14,0,10,1,1.7,0.0,6.5,2.9,0,2,SC005,SC023,CC049,n,,0.08,0.0,speeches,0.0
C_prose_ngram,manner,25,y,13,9,3,0,1.6,3.0,2.0,0.0,7,3,BD028,BD058,BA099,n,,0.28,0.12,books,1.86
C_prose_ngram,moment,25,y,11,5,4,5,1.4,1.7,2.6,14.3,3,4,BC045,BA006,BA100,n,,0.12,0.0,biography,1.22
C_prose_ngram,operations,25,y,14,8,1,2,1.7,2.7,0.7,5.7,6,2,CA420,BA081,CA050,n,,0.08,0.0,biography,1.53
C_prose_ngram,pasay,25,y,10,10,5,0,1.2,3.3,3.3,0.0,5,3,BD053,BD064,BD049,n,,0.24,0.0,books,2.69
C_prose_ngram,pleadings,25,y,14,11,0,0,1.7,3.7,0.0,0.0,6,2,BD035,BD039,BD037,n,,0.32,0.04,books,2.11
C_prose_ngram,poll,25,y,14,11,0,0,1.7,3.7,0.0,0.0,4,2,BA023,BA084,BA078,n,,0.08,0.0,books,2.11
C_prose_ngram,pork barrel,25,y,24,1,0,0,3.0,0.3,0.0,0.0,1,1,CA444,CA440,CA436,n,,0.2,0.12,columns,0.11
C_prose_ngram,prepared,25,y,12,8,5,0,1.5,2.7,3.3,0.0,5,3,BA078,CA393,CA488,n,,0.08,0.0,speeches,1.79
C_prose_ngram,prerogative,25,y,14,11,0,0,1.7,3.7,0.0,0.0,7,2,BA100,BB038,CA426,n,,0.08,0.0,books,2.11
C_prose_ngram,prime,25,y,9,9,7,0,1.1,3.0,4.6,0.0,6,3,BC043,SB085,CA187,n,,0.2,0.12,speeches,2.69
C_prose_ngram,rates,25,y,11,12,2,0,1.4,4.0,1.3,0.0,8,2,BB028,BB013,BB038,n,,0.2,0.0,books,2.93
C_prose_ngram,ratified,25,y,17,6,2,0,2.1,2.0,1.3,0.0,4,2,BA084,CA411,CA400,n,,0.04,0.0,columns,0.95
C_prose_ngram,rationale,25,y,17,7,0,1,2.1,2.3,0.0,2.9,4,2,CA108,CA198,CE086,n,,0.24,0.0,biography,1.11
C_prose_ngram,remained,25,y,9,16,0,0,1.1,5.4,0.0,0.0,9,2,BA036,BD058,BA078,n,,0.16,0.0,books,4.77
C_prose_ngram,restricted,25,y,20,4,1,0,2.5,1.3,0.7,0.0,4,2,CA440,BD036,CA400,n,,0.16,0.04,columns,0.54
C_prose_ngram,retained,25,y,16,6,2,1,2.0,2.0,1.3,2.9,4,2,CA440,BC019,SA111,n,,0.24,0.0,biography,1.01
C_prose_ngram,running,25,y,10,12,2,1,1.2,4.0,1.3,2.9,8,2,BB012,BA055,BD064,n,,0.08,0.0,books,3.22
C_prose_ngram,safeguarding liberty,25,y,7,10,8,0,0.9,3.3,5.2,0.0,3,3,BD059,BD056,BD062,n,,0.04,0.0,speeches,3.84
C_prose_ngram,safeguards,25,y,12,10,3,0,1.5,3.3,2.0,0.0,6,3,BA080,BB028,BB031,n,,0.16,0.04,books,2.24
C_prose_ngram,signature,25,y,15,8,1,1,1.9,2.7,0.7,2.9,5,2,BA041,BA036,CA393,n,,0.08,0.0,biography,1.43
C_prose_ngram,sixth,25,y,10,12,1,2,1.2,4.0,0.7,5.7,7,2,BD056,BB028,BA092,n,,0.12,0.0,biography,3.22
C_prose_ngram,soon,25,y,13,8,4,0,1.6,2.7,2.6,0.0,6,3,CA201,BD055,CA400,n,,0.0,0.0,books,1.65
C_prose_ngram,stage,25,y,11,11,3,0,1.4,3.7,2.0,0.0,6,3,BA082,CA430,CA435,n,,0.28,0.04,books,2.69
C_prose_ngram,stance,25,y,21,3,1,0,2.6,1.0,0.7,0.0,3,2,BD059,CA188,CB018,n,,0.08,0.0,columns,0.38
C_prose_ngram,starting,25,y,12,6,7,0,1.5,2.0,4.6,0.0,6,3,SA052,BD021,CA128,n,,0.12,0.0,speeches,1.34
C_prose_ngram,striking,25,y,8,17,0,0,1.0,5.7,0.0,0.0,9,2,BA100,BD054,BB013,n,,0.04,0.0,books,5.71
C_prose_ngram,tagle,25,y,15,0,10,0,1.9,0.0,6.5,0.0,0,2,SC005,CC049,SC081,n,,0.16,0.0,speeches,0.0
C_prose_ngram,talent,25,y,8,9,7,1,1.0,3.0,4.6,2.9,5,3,BB012,CC006,SB079,n,,0.12,0.04,speeches,3.02
C_prose_ngram,teach,25,y,7,6,11,1,0.9,2.0,7.2,2.9,4,3,SB051,GC026,BD049,n,,0.12,0.0,speeches,2.3
C_prose_ngram,teehankee,25,y,16,4,3,2,2.0,1.3,2.0,5.7,3,3,BD054,BD034,CA393,y,mentors_and_legal_lineage,0.0,0.0,biography,0.67
C_prose_ngram,version,25,y,13,6,6,0,1.6,2.0,3.9,0.0,5,3,SC008,BB029,SD026,n,,0.16,0.0,speeches,1.24
C_prose_ngram,viii,25,y,12,11,1,1,1.5,3.7,0.7,2.9,6,2,BA084,BA086,BD035,n,,0.12,0.0,books,2.46
C_prose_ngram,violate,25,y,9,15,1,0,1.1,5.0,0.7,0.0,8,2,BA032,BD053,BD058,n,,0.08,0.0,books,4.48
C_prose_ngram,washington,25,y,13,2,9,1,1.6,0.7,5.9,2.9,2,2,CA433,CE088,SC090,n,,0.12,0.0,speeches,0.41
C_prose_ngram,writing contest,25,y,14,0,11,0,1.7,0.0,7.2,0.0,0,2,SD021,SD054,SD044,n,,0.0,0.0,speeches,0.0
C_prose_ngram,administrator,24,y,13,10,1,0,1.6,3.3,0.7,0.0,5,2,BD039,BD036,BD054,n,,0.208,0.0,books,2.07
C_prose_ngram,advance,24,y,11,10,3,0,1.4,3.3,2.0,0.0,5,3,BA080,BC043,BB030,n,,0.333,0.042,books,2.44
C_prose_ngram,advanced,24,y,13,9,2,0,1.6,3.0,1.3,0.0,8,2,CA368,BB031,BB029,n,,0.167,0.0,books,1.86
C_prose_ngram,ahead,24,y,14,8,1,1,1.7,2.7,0.7,2.9,6,2,CE093,BA080,BD035,n,,0.125,0.042,biography,1.53
C_prose_ngram,amend,24,y,14,9,1,0,1.7,3.0,0.7,0.0,4,2,BA053,BB013,BD028,n,,0.083,0.0,books,1.73
C_prose_ngram,answering,24,y,2,20,0,2,0.2,6.7,0.0,5.7,9,1,BD059,BB028,BB013,n,,0.167,0.0,books,26.86
C_prose_ngram,appointing,24,y,5,16,3,0,0.6,5.4,2.0,0.0,6,3,BD059,BD054,CA322,n,,0.042,0.0,books,8.59
C_prose_ngram,appropriation,24,y,14,10,0,0,1.7,3.3,0.0,0.0,5,2,BA084,BD064,BD054,n,,0.083,0.0,books,1.92
C_prose_ngram,areas,24,y,12,10,2,0,1.5,3.3,1.3,0.0,4,2,BD070,BD062,BD046,n,,0.25,0.125,books,2.24
C_prose_ngram,ateneo de manila,24,y,13,2,8,1,1.6,0.7,5.2,2.9,2,2,SD087,SD044,SD082,n,,0.0,0.0,speeches,0.41
C_prose_ngram,backed,24,y,12,10,2,0,1.5,3.3,1.3,0.0,6,2,BD036,BA078,BA077,n,,0.167,0.0,books,2.24
C_prose_ngram,bear,24,y,9,11,3,1,1.1,3.7,2.0,2.9,8,3,CC106,BB032,BD021,n,,0.208,0.0,books,3.28
C_prose_ngram,cancellation,24,y,20,3,1,0,2.5,1.0,0.7,0.0,2,2,BA100,CA353,CA165,n,,0.208,0.0,columns,0.4
C_prose_ngram,clients,24,y,11,7,6,0,1.4,2.3,3.9,0.0,5,3,BD056,BD036,BD021,n,,0.167,0.0,speeches,1.71
C_prose_ngram,comelec april,24,y,22,0,2,0,2.7,0.0,1.3,0.0,0,1,CA147,CA168,SA099,n,,0.0,0.0,columns,0.0
C_prose_ngram,computerization,24,y,4,19,1,0,0.5,6.4,0.7,0.0,7,2,BD039,BD064,BD053,n,,0.125,0.0,books,12.76
C_prose_ngram,consequence,24,y,14,10,0,0,1.7,3.3,0.0,0.0,6,2,BA092,BA080,BA083,n,,0.125,0.0,books,1.92
C_prose_ngram,constitutions,24,y,7,11,6,0,0.9,3.7,3.9,0.0,8,3,BA032,BB013,BA086,n,,0.125,0.0,speeches,4.22
C_prose_ngram,convictions,24,y,13,5,5,1,1.6,1.7,3.3,2.9,5,3,CA086,CA402,CA230,n,,0.208,0.042,speeches,1.03
C_prose_ngram,counting,24,y,9,13,2,0,1.1,4.3,1.3,0.0,6,2,BA063,BA087,BE015,n,,0.292,0.042,books,3.88
C_prose_ngram,court held,24,y,3,21,0,0,0.4,7.0,0.0,0.0,7,2,BA100,BB019,BB018,n,,0.292,0.0,books,18.8
C_prose_ngram,creating,24,y,15,8,1,0,1.9,2.7,0.7,0.0,6,2,BD039,BD037,CA053,n,,0.25,0.0,books,1.43
C_prose_ngram,decisive,24,y,10,11,1,2,1.2,3.7,0.7,5.7,6,2,BA078,BA001,BA037,n,,0.167,0.0,biography,2.95
C_prose_ngram,defining,24,y,6,15,2,1,0.7,5.0,1.3,2.9,8,2,BD049,BA080,BB032,n,,0.125,0.0,books,6.71
C_prose_ngram,details,24,y,21,3,0,0,2.6,1.0,0.0,0.0,3,2,CD027,CA385,BA091,n,,0.042,0.0,columns,0.38
C_prose_ngram,determination,24,y,14,8,2,0,1.7,2.7,1.3,0.0,5,2,BA032,BA037,CA410,n,,0.042,0.0,books,1.53
C_prose_ngram,dissenters,24,y,15,8,1,0,1.9,2.7,0.7,0.0,5,2,BA053,CA439,BA080,n,,0.167,0.0,books,1.43
C_prose_ngram,doing,24,y,9,10,5,0,1.1,3.3,3.3,0.0,6,3,BB012,BC045,BC040,n,,0.167,0.0,books,2.98
C_prose_ngram,entered,24,y,10,11,3,0,1.2,3.7,2.0,0.0,5,3,BB027,BB038,BA057,n,,0.208,0.0,books,2.95
C_prose_ngram,errors,24,y,11,10,3,0,1.4,3.3,2.0,0.0,7,3,BB028,BA090,CA086,n,,0.167,0.042,books,2.44
C_prose_ngram,exemplary,24,y,11,10,3,0,1.4,3.3,2.0,0.0,6,3,CD027,BD055,CC045,n,,0.125,0.0,books,2.44
C_prose_ngram,expanded,24,y,15,6,2,1,1.9,2.0,1.3,2.9,5,2,BA084,SE038,BA086,n,,0.167,0.0,biography,1.07
C_prose_ngram,foundations,24,y,16,2,6,0,2.0,0.7,3.9,0.0,2,2,SD016,BD034,CC006,n,,0.125,0.0,speeches,0.34
C_prose_ngram,franklin,24,y,14,7,3,0,1.7,2.3,2.0,0.0,5,3,CA429,CA436,CA385,n,,0.208,0.042,books,1.34
C_prose_ngram,gates,24,y,8,9,7,0,1.0,3.0,4.6,0.0,5,3,BC045,BC046,SE038,n,,0.208,0.042,speeches,3.02
C_prose_ngram,guns,24,y,15,9,0,0,1.9,3.0,0.0,0.0,7,2,BA055,CA187,BE020,n,,0.292,0.125,books,1.61
C_prose_ngram,heavily,24,y,11,8,4,1,1.4,2.7,2.6,2.9,3,3,BA097,BA100,BD070,n,,0.083,0.0,biography,1.95
C_prose_ngram,heavy,24,y,13,5,5,1,1.6,1.7,3.3,2.9,4,3,BD059,CC101,CA185,n,,0.208,0.042,speeches,1.03
C_prose_ngram,huge,24,y,17,5,2,0,2.1,1.7,1.3,0.0,3,2,CB019,BC043,CD027,n,,0.083,0.0,columns,0.79
C_prose_ngram,impact,24,y,13,7,4,0,1.6,2.3,2.6,0.0,5,3,BD056,BD037,BD010,n,,0.25,0.042,speeches,1.45
C_prose_ngram,inadequate,24,y,9,11,4,0,1.1,3.7,2.6,0.0,6,3,BA032,BA053,BD039,n,,0.208,0.083,books,3.28
C_prose_ngram,insistence,24,y,2,21,1,0,0.2,7.0,0.7,0.0,9,1,BB028,BA084,BD060,n,,0.167,0.0,books,28.2
C_prose_ngram,item,24,y,21,3,0,0,2.6,1.0,0.0,0.0,3,2,BA080,CA404,CA428,n,,0.167,0.042,columns,0.38
C_prose_ngram,juan,24,y,10,7,3,4,1.2,2.3,2.0,11.4,5,4,BD054,BC045,BD036,n,,0.167,0.0,biography,1.88
C_prose_ngram,kinship relationship,24,y,11,7,6,0,1.4,2.3,3.9,0.0,3,3,BD059,BD064,BD070,n,,0.083,0.042,speeches,1.71
C_prose_ngram,la salle,24,y,9,5,9,1,1.1,1.7,5.9,2.9,4,3,SA052,BC041,BD021,n,,0.042,0.0,speeches,1.49
C_prose_ngram,lies,24,y,5,19,0,0,0.6,6.4,0.0,0.0,8,2,BD059,BA100,BD049,n,,0.333,0.042,books,10.21
C_prose_ngram,massive,24,y,9,9,5,1,1.1,3.0,3.3,2.9,5,3,BB012,BA087,BA096,n,,0.375,0.083,speeches,2.69
C_prose_ngram,material,24,y,17,5,2,0,2.1,1.7,1.3,0.0,4,2,CA165,BD028,BA097,n,,0.25,0.0,columns,0.79
C_prose_ngram,moot,24,y,13,10,1,0,1.6,3.3,0.7,0.0,7,2,BA100,CA426,BA089,n,,0.083,0.0,books,2.07
C_prose_ngram,necessarily,24,y,11,13,0,0,1.4,4.3,0.0,0.0,7,2,BA055,CA444,BD036,n,,0.125,0.042,books,3.17
C_prose_ngram,negotiations,24,y,18,6,0,0,2.2,2.0,0.0,0.0,5,2,CA430,CD027,CA365,n,,0.208,0.0,columns,0.9
C_prose_ngram,nolan,24,y,9,3,9,3,1.1,1.0,5.9,8.6,3,4,BC045,BC041,SA052,n,,0.0,0.0,biography,0.9
C_prose_ngram,nurture,24,y,12,5,6,1,1.5,1.7,3.9,2.9,2,3,BD059,SD016,BD060,n,,0.083,0.0,speeches,1.12
C_prose_ngram,objective,24,y,11,11,2,0,1.4,3.7,1.3,0.0,8,2,BD036,BA097,CA086,n,,0.208,0.0,books,2.69
C_prose_ngram,obligations,24,y,10,12,2,0,1.2,4.0,1.3,0.0,6,2,BB018,BB030,BB029,n,,0.333,0.042,books,3.22
C_prose_ngram,obtained,24,y,16,7,1,0,2.0,2.3,0.7,0.0,6,2,BB031,CA368,CA102,n,,0.25,0.0,books,1.17
C_prose_ngram,omnibus,24,y,13,10,1,0,1.6,3.3,0.7,0.0,6,2,BA096,BB024,BA063,n,,0.208,0.0,books,2.07
C_prose_ngram,park,24,y,12,7,4,1,1.5,2.3,2.6,2.9,4,3,CC106,CA431,SC014,n,,0.083,0.0,biography,1.57
C_prose_ngram,pilot,24,y,8,15,1,0,1.0,5.0,0.7,0.0,6,2,BD039,BD053,BD064,n,,0.25,0.0,books,5.04
C_prose_ngram,places,24,y,11,9,4,0,1.4,3.0,2.6,0.0,3,3,BD062,BD064,SD148,n,,0.125,0.042,books,2.2
C_prose_ngram,planning,24,y,12,7,5,0,1.5,2.3,3.3,0.0,4,3,BD070,BD062,BD063,n,,0.25,0.0,speeches,1.57
C_prose_ngram,postscript,24,y,15,9,0,0,1.9,3.0,0.0,0.0,5,2,CC106,BB013,CA368,n,,0.083,0.0,books,1.61
C_prose_ngram,ppcrv,24,y,12,6,2,4,1.5,2.0,1.3,11.4,3,3,CC067,CE043,CC086,n,,0.25,0.0,biography,1.34
C_prose_ngram,priest,24,y,6,1,9,8,0.7,0.3,5.9,22.9,1,3,SC061,SC023,SA052,n,,0.083,0.083,biography,0.45
C_prose_ngram,promotion,24,y,12,9,3,0,1.5,3.0,2.0,0.0,4,3,BD036,BD064,BD035,n,,0.083,0.083,books,2.01
C_prose_ngram,provides,24,y,14,9,1,0,1.7,3.0,0.7,0.0,6,2,BA089,BA039,BA054,n,,0.167,0.083,books,1.73
C_prose_ngram,psychological,24,y,9,14,0,1,1.1,4.7,0.0,2.9,9,2,BD054,BA066,BD055,n,,0.292,0.0,books,4.18
C_prose_ngram,quotation,24,y,13,5,4,2,1.6,1.7,2.6,5.7,3,3,BD053,BD021,CC106,n,,0.083,0.0,biography,1.03
C_prose_ngram,real estate,24,y,12,6,5,1,1.5,2.0,3.3,2.9,5,3,GC027,CD027,CE088,n,,0.292,0.042,speeches,1.34
C_prose_ngram,reforming the judiciary,24,y,4,20,0,0,0.5,6.7,0.0,0.0,1,2,BD039,BA077,BA078,n,,0.125,0.0,books,13.43
C_prose_ngram,regime,24,y,15,8,1,0,1.9,2.7,0.7,0.0,5,2,BB038,BB032,BB031,n,,0.125,0.0,books,1.43
C_prose_ngram,relevant,24,y,13,7,4,0,1.6,2.3,2.6,0.0,6,3,CA521,BD020,BA094,n,,0.167,0.042,speeches,1.45
C_prose_ngram,reported,24,y,12,9,2,1,1.5,3.0,1.3,2.9,7,2,BA097,BA077,CC061,n,,0.083,0.0,books,2.01
C_prose_ngram,resigned,24,y,11,10,3,0,1.4,3.3,2.0,0.0,8,3,BA036,BA078,BA041,n,,0.292,0.0,books,2.44
C_prose_ngram,restore,24,y,8,11,4,1,1.0,3.7,2.6,2.9,5,3,BA078,BD054,BD036,n,,0.125,0.0,books,3.69
C_prose_ngram,revenue,24,y,16,6,2,0,2.0,2.0,1.3,0.0,4,2,BB033,BB019,BB034,n,,0.292,0.083,books,1.01
C_prose_ngram,salle,24,y,9,5,9,1,1.1,1.7,5.9,2.9,4,3,SA052,BC041,BD021,n,,0.042,0.0,speeches,1.49
C_prose_ngram,screening,24,y,7,10,5,2,0.9,3.3,3.3,5.7,8,3,BD061,BD053,BD049,n,,0.042,0.0,biography,3.84
C_prose_ngram,settle,24,y,8,14,2,0,1.0,4.7,1.3,0.0,7,2,BB028,BB038,BB020,n,,0.125,0.0,books,4.7
C_prose_ngram,social media,24,y,22,0,2,0,2.7,0.0,1.3,0.0,0,1,CA521,SE012,CA447,n,,0.25,0.042,columns,0.0
C_prose_ngram,solutions,24,y,11,10,3,0,1.4,3.3,2.0,0.0,6,3,CA440,BD035,BB029,n,,0.292,0.083,books,2.44
C_prose_ngram,solve,24,y,16,3,5,0,2.0,1.0,3.3,0.0,2,3,CE096,CA207,CB019,n,,0.125,0.042,speeches,0.5
C_prose_ngram,speaking,24,y,5,13,6,0,0.6,4.3,3.9,0.0,7,3,BA055,SB075,BA084,n,,0.375,0.042,books,6.98
C_prose_ngram,stated,24,y,14,8,2,0,1.7,2.7,1.3,0.0,5,2,BD070,BD046,BD067,n,,0.208,0.042,books,1.53
C_prose_ngram,strict scrutiny,24,y,4,6,14,0,0.5,2.0,9.2,0.0,4,3,BD060,BD059,SB075,n,,0.042,0.0,speeches,4.03
C_prose_ngram,substitute,24,y,5,17,2,0,0.6,5.7,1.3,0.0,8,2,BA057,BA084,BD028,n,,0.292,0.042,books,9.13
C_prose_ngram,successor,24,y,15,8,1,0,1.9,2.7,0.7,0.0,3,2,BA023,CE093,BE003,n,,0.208,0.0,books,1.43
C_prose_ngram,superior,24,y,8,13,3,0,1.0,4.3,2.0,0.0,7,3,BD053,BA057,CA439,n,,0.167,0.0,books,4.36
C_prose_ngram,tagaytay,24,y,2,15,6,1,0.2,5.0,3.9,2.9,6,2,BD053,BD039,BD064,n,,0.042,0.0,books,20.14
C_prose_ngram,tanada,24,y,2,14,8,0,0.2,4.7,5.2,0.0,7,2,BA032,BD060,BD053,n,,0.0,0.0,speeches,18.8
C_prose_ngram,task,24,y,7,12,3,2,0.9,4.0,2.0,5.7,8,3,BD056,BD060,BB013,n,,0.208,0.042,biography,4.6
C_prose_ngram,think,24,y,13,4,7,0,1.6,1.3,4.6,0.0,3,3,SD087,BA030,BC031,n,,0.0,0.0,speeches,0.83
C_prose_ngram,topnotchers,24,y,8,6,10,0,1.0,2.0,6.5,0.0,4,3,SD016,SD044,BC046,n,,0.042,0.0,speeches,2.01
C_prose_ngram,trump's,24,y,24,0,0,0,3.0,0.0,0.0,0.0,0,1,CA020,CA188,CE057,y,global_geopolitics,0.417,0.0,columns,0.0
C_prose_ngram,urged,24,y,2,18,3,1,0.2,6.0,2.0,2.9,7,2,BA057,BE003,BE005,n,,0.125,0.0,books,24.17
C_prose_ngram,vietnam,24,y,19,3,2,0,2.4,1.0,1.3,0.0,3,2,BD053,CA420,CA314,n,,0.125,0.0,columns,0.42
C_prose_ngram,voice,24,y,11,6,5,2,1.4,2.0,3.3,5.7,6,3,BD037,BB031,BC006,n,,0.25,0.042,biography,1.46
C_prose_ngram,west,24,y,18,2,4,0,2.2,0.7,2.6,0.0,2,2,CA010,CE003,CC061,n,,0.083,0.0,speeches,0.3
C_prose_ngram,worse,24,y,13,10,1,0,1.6,3.3,0.7,0.0,6,2,BD039,BB012,BD055,n,,0.042,0.0,books,2.07
C_prose_ngram,years old,24,y,18,2,4,0,2.2,0.7,2.6,0.0,2,2,SC088,CA274,SC090,n,,0.167,0.042,speeches,0.3
C_prose_ngram,abolish,23,y,19,4,0,0,2.4,1.3,0.0,0.0,3,2,CA440,BA036,CA147,n,,0.13,0.043,columns,0.57
C_prose_ngram,abused,23,y,8,14,1,0,1.0,4.7,0.7,0.0,7,2,BA032,BA100,CA432,n,,0.217,0.043,books,4.7
C_prose_ngram,adds,23,y,4,15,4,0,0.5,5.0,2.6,0.0,8,3,BD054,BD055,BC043,n,,0.087,0.0,books,10.07
C_prose_ngram,alexander,23,y,16,1,6,0,2.0,0.3,3.9,0.0,1,2,SC025,CA185,SC029,n,,0.087,0.043,speeches,0.17
C_prose_ngram,anchored,23,y,11,11,0,1,1.4,3.7,0.0,2.9,7,2,BA032,BA006,BA104,n,,0.261,0.043,books,2.69
C_prose_ngram,asean law,23,y,14,2,7,0,1.7,0.7,4.6,0.0,2,2,BA097,CA092,SC007,n,,0.0,0.0,speeches,0.38
C_prose_ngram,attempt,23,y,12,8,3,0,1.5,2.7,2.0,0.0,5,3,BA100,CA404,BA003,n,,0.087,0.0,books,1.79
C_prose_ngram,bagong,23,y,14,6,3,0,1.7,2.0,2.0,0.0,5,3,CA147,BB007,SA099,n,,0.087,0.087,books,1.15
C_prose_ngram,barangay,23,y,11,12,0,0,1.4,4.0,0.0,0.0,7,2,BB031,BD049,BA057,n,,0.217,0.0,books,2.93
C_prose_ngram,brother,23,y,10,5,7,1,1.2,1.7,4.6,2.9,4,3,SC010,SC081,SC023,n,,0.174,0.0,speeches,1.34
C_prose_ngram,businesses,23,y,11,3,8,1,1.4,1.0,5.2,2.9,3,3,CA420,SC046,CC057,n,,0.217,0.0,speeches,0.73
C_prose_ngram,castillo,23,y,17,6,0,0,2.1,2.0,0.0,0.0,2,2,CC106,CA186,CE093,n,,0.13,0.0,columns,0.95
C_prose_ngram,certification,23,y,18,5,0,0,2.2,1.7,0.0,0.0,5,2,BD028,CA053,CA405,n,,0.217,0.0,columns,0.75
C_prose_ngram,cj panganiban's,23,y,23,0,0,0,2.9,0.0,0.0,0.0,0,1,CA128,CA185,CA494,n,,0.087,0.0,columns,0.0
C_prose_ngram,comelec oct,23,y,22,1,0,0,2.7,0.3,0.0,0.0,1,1,CA147,CA440,CA168,n,,0.043,0.0,columns,0.12
C_prose_ngram,compulsory,23,y,11,11,1,0,1.4,3.7,0.7,0.0,6,2,BA036,BA055,BD049,n,,0.217,0.043,books,2.69
C_prose_ngram,confirmation,23,y,11,8,3,1,1.4,2.7,2.0,2.9,5,3,BD061,BA093,BA005,n,,0.087,0.0,biography,1.95
C_prose_ngram,confirmed,23,y,11,10,2,0,1.4,3.3,1.3,0.0,7,2,BA036,BD034,BA086,n,,0.13,0.043,books,2.44
C_prose_ngram,create,23,y,11,7,5,0,1.4,2.3,3.3,0.0,5,3,BB028,BA094,CB019,n,,0.087,0.0,speeches,1.71
C_prose_ngram,criteria,23,y,16,6,1,0,2.0,2.0,0.7,0.0,5,2,BD061,CC101,CA046,n,,0.217,0.043,books,1.01
C_prose_ngram,crucial,23,y,14,6,3,0,1.7,2.0,2.0,0.0,4,3,BD039,CA356,BE025,n,,0.174,0.0,books,1.15
C_prose_ngram,difficulty,23,y,13,7,3,0,1.6,2.3,2.0,0.0,5,3,BD034,CA040,BA094,n,,0.174,0.0,books,1.45
C_prose_ngram,disqualified,23,y,16,6,1,0,2.0,2.0,0.7,0.0,5,2,BA055,CA488,BE018,n,,0.087,0.043,books,1.01
C_prose_ngram,diversity cjp's,23,y,0,23,0,0,0.0,7.7,0.0,0.0,1,1,BB018,BB021,BA069,n,,0.174,0.0,books,inf
C_prose_ngram,dual,23,y,10,4,9,0,1.2,1.3,5.9,0.0,3,3,BA032,BD060,SA145,n,,0.087,0.0,speeches,1.07
C_prose_ngram,elevated,23,y,16,6,1,0,2.0,2.0,0.7,0.0,5,2,CA185,CA053,CD027,n,,0.217,0.043,books,1.01
C_prose_ngram,enduring,23,y,9,7,6,1,1.1,2.3,3.9,2.9,6,3,SD044,BC031,GC026,n,,0.043,0.0,speeches,2.09
C_prose_ngram,enterprise,23,y,7,7,8,1,0.9,2.3,5.2,2.9,6,3,SB075,BC043,SB028,n,,0.087,0.0,speeches,2.69
C_prose_ngram,environment,23,y,5,11,6,1,0.6,3.7,3.9,2.9,6,3,BD053,BD056,BA032,n,,0.0,0.0,speeches,5.91
C_prose_ngram,estelito,23,y,20,3,0,0,2.5,1.0,0.0,0.0,3,2,BA057,BD058,CA374,n,,0.217,0.0,columns,0.4
C_prose_ngram,execution,23,y,12,7,2,2,1.5,2.3,1.3,5.7,5,2,BA100,BA059,BA054,n,,0.13,0.043,biography,1.57
C_prose_ngram,expense,23,y,9,11,3,0,1.1,3.7,2.0,0.0,8,3,BD070,BB018,BB030,n,,0.391,0.043,books,3.28
C_prose_ngram,fail,23,y,13,6,4,0,1.6,2.0,2.6,0.0,5,3,BA053,CA400,CB018,n,,0.087,0.0,speeches,1.24
C_prose_ngram,family code,23,y,13,7,2,1,1.6,2.3,1.3,2.9,5,2,BA066,CA148,BA015,n,,0.348,0.0,biography,1.45
C_prose_ngram,fare,23,y,6,5,9,3,0.7,1.7,5.9,8.6,5,4,BC045,SD016,CC006,n,,0.043,0.0,biography,2.24
C_prose_ngram,funded,23,y,5,14,4,0,0.6,4.7,2.6,0.0,4,3,BD039,BD064,BD049,n,,0.087,0.043,books,7.52
C_prose_ngram,genuine,23,y,9,13,1,0,1.1,4.3,0.7,0.0,8,2,BA053,BB031,BB007,n,,0.217,0.043,books,3.88
C_prose_ngram,goal,23,y,16,6,1,0,2.0,2.0,0.7,0.0,3,2,BD067,BD035,BD046,n,,0.087,0.0,books,1.01
C_prose_ngram,gratitude,23,y,8,5,9,1,1.0,1.7,5.9,2.9,5,3,BD054,BD059,SD082,n,,0.087,0.0,speeches,1.68
C_prose_ngram,grounded,23,y,8,15,0,0,1.0,5.0,0.0,0.0,10,2,BD053,BD060,BA077,n,,0.174,0.0,books,5.04
C_prose_ngram,gsis,23,y,6,13,4,0,0.7,4.3,2.6,0.0,6,3,BA032,BD064,BD049,n,,0.043,0.0,books,5.82
C_prose_ngram,guarantee,23,y,16,5,2,0,2.0,1.7,1.3,0.0,3,2,CA022,BD070,BA082,n,,0.217,0.0,columns,0.84
C_prose_ngram,guarantees,23,y,10,10,3,0,1.2,3.3,2.0,0.0,8,3,BA084,CA022,BA093,n,,0.13,0.0,books,2.69
C_prose_ngram,guevarra,23,y,22,0,1,0,2.7,0.0,0.7,0.0,0,1,CA087,CE046,CA121,n,,0.13,0.0,columns,0.0
C_prose_ngram,house of representatives,23,y,13,8,2,0,1.6,2.7,1.3,0.0,4,2,BA086,BA084,BD054,n,,0.043,0.0,books,1.65
C_prose_ngram,impose,23,y,9,11,3,0,1.1,3.7,2.0,0.0,6,3,BA100,SA095,BA092,n,,0.304,0.043,books,3.28
C_prose_ngram,jail,23,y,13,9,0,1,1.6,3.0,0.0,2.9,5,2,BD064,BD049,BD046,n,,0.087,0.043,books,1.86
C_prose_ngram,jesus christ,23,y,9,6,8,0,1.1,2.0,5.2,0.0,4,3,CC006,SC152,CC019,n,,0.13,0.043,speeches,1.79
C_prose_ngram,jointly,23,y,11,9,2,1,1.4,3.0,1.3,2.9,5,2,CA079,BB017,BA014,n,,0.13,0.0,books,2.2
C_prose_ngram,jollibee,23,y,16,0,7,0,2.0,0.0,4.6,0.0,0,2,CC071,CD027,CA420,n,,0.174,0.0,speeches,0.0
C_prose_ngram,judicial philosophy,23,y,5,8,8,2,0.6,2.7,5.2,5.7,3,3,BD059,BD060,BD070,n,,0.0,0.0,biography,4.3
C_prose_ngram,justification,23,y,16,7,0,0,2.0,2.3,0.0,0.0,5,2,BA055,CA333,CC106,n,,0.13,0.043,books,1.17
C_prose_ngram,law firm,23,y,9,5,7,2,1.1,1.7,4.6,5.7,5,3,GC026,CC002,SC064,n,,0.043,0.043,biography,1.49
C_prose_ngram,leni's,23,y,11,1,6,5,1.4,0.3,3.9,14.3,1,3,SC023,SC005,GC027,y,family_and_marriage,0.087,0.0,biography,0.24
C_prose_ngram,lifted,23,y,10,11,2,0,1.2,3.7,1.3,0.0,6,2,BA006,BA089,CA426,n,,0.13,0.0,books,2.95
C_prose_ngram,magistrate,23,y,5,15,3,0,0.6,5.0,2.0,0.0,9,3,BD039,BA077,BD049,n,,0.174,0.043,books,8.06
C_prose_ngram,marixi,23,y,12,2,8,1,1.5,0.7,5.2,2.9,1,2,SC090,SC025,SD016,n,,0.043,0.0,speeches,0.45
C_prose_ngram,married,23,y,10,4,8,1,1.2,1.3,5.2,2.9,2,3,CC021,SA136,BA066,n,,0.304,0.0,speeches,1.07
C_prose_ngram,maximum,23,y,7,11,5,0,0.9,3.7,3.3,0.0,4,3,BD053,BD064,BD060,n,,0.087,0.0,books,4.22
C_prose_ngram,meet,23,y,5,13,5,0,0.6,4.3,3.3,0.0,7,3,BA032,BA006,BB033,n,,0.043,0.043,books,6.98
C_prose_ngram,memorandum,23,y,13,10,0,0,1.6,3.3,0.0,0.0,7,2,BA057,BD058,CA086,n,,0.13,0.0,books,2.07
C_prose_ngram,memory,23,y,15,6,2,0,1.9,2.0,1.3,0.0,4,2,BD021,BC006,BD010,n,,0.261,0.0,books,1.07
C_prose_ngram,minutes,23,y,7,10,4,2,0.9,3.3,2.6,5.7,7,3,BD059,BD028,BB031,n,,0.043,0.0,biography,3.84
C_prose_ngram,nations,23,y,15,5,3,0,1.9,1.7,2.0,0.0,5,3,CD027,CE003,BB020,n,,0.087,0.0,speeches,0.9
C_prose_ngram,necessity,23,y,12,9,0,2,1.5,3.0,0.0,5.7,7,2,BA100,BA069,CA410,n,,0.043,0.0,biography,2.01
C_prose_ngram,nonetheless,23,y,11,11,1,0,1.4,3.7,0.7,0.0,8,2,BA041,CA426,BA081,n,,0.13,0.043,books,2.69
C_prose_ngram,observe,23,y,14,8,1,0,1.7,2.7,0.7,0.0,6,2,CA392,BB022,CA186,n,,0.174,0.0,books,1.53
C_prose_ngram,one-year,23,y,14,7,2,0,1.7,2.3,1.3,0.0,5,2,BA084,BA086,CA044,n,,0.217,0.0,books,1.34
C_prose_ngram,oral arguments,23,y,14,7,2,0,1.7,2.3,1.3,0.0,5,2,BD028,CA053,BA080,n,,0.043,0.0,books,1.34
C_prose_ngram,ousted,23,y,20,3,0,0,2.5,1.0,0.0,0.0,2,2,CA224,CE093,CA274,n,,0.13,0.0,columns,0.4
C_prose_ngram,outright,23,y,15,7,1,0,1.9,2.3,0.7,0.0,5,2,BD028,BA091,BA082,n,,0.304,0.043,books,1.25
C_prose_ngram,parable,23,y,4,8,11,0,0.5,2.7,7.2,0.0,6,3,BC045,BC014,BC040,n,,0.087,0.087,speeches,5.37
C_prose_ngram,patronage,23,y,9,12,2,0,1.1,4.0,1.3,0.0,7,2,BD037,BA084,CA212,n,,0.217,0.043,books,3.58
C_prose_ngram,pending cases,23,y,13,8,0,2,1.6,2.7,0.0,5.7,5,2,BD054,BD059,BD062,n,,0.261,0.043,biography,1.65
C_prose_ngram,perpetual,23,y,18,4,1,0,2.2,1.3,0.7,0.0,3,2,BD058,CA165,CA329,n,,0.174,0.0,columns,0.6
C_prose_ngram,ponencias,23,y,7,14,1,1,0.9,4.7,0.7,2.9,8,2,BA041,BD057,BD020,n,,0.174,0.0,books,5.37
C_prose_ngram,posts,23,y,13,6,3,1,1.6,2.0,2.0,2.9,5,3,BD053,BD061,BD039,n,,0.13,0.043,biography,1.24
C_prose_ngram,praise,23,y,6,8,7,2,0.7,2.7,4.6,5.7,5,3,BA077,CA068,CC004,n,,0.13,0.0,biography,3.58
C_prose_ngram,precisely,23,y,5,15,1,2,0.6,5.0,0.7,5.7,6,2,BB027,BB013,BA055,n,,0.217,0.0,biography,8.06
C_prose_ngram,prediction,23,y,14,5,3,1,1.7,1.7,2.0,2.9,4,3,CA322,CC021,BA059,n,,0.087,0.0,biography,0.96
C_prose_ngram,probity and independence,23,y,14,6,3,0,1.7,2.0,2.0,0.0,3,3,BD054,BA005,CC101,n,,0.0,0.0,books,1.15
C_prose_ngram,procedures,23,y,12,11,0,0,1.5,3.7,0.0,0.0,4,2,BD039,BD049,BD036,n,,0.087,0.0,books,2.46
C_prose_ngram,proceeding,23,y,14,8,1,0,1.7,2.7,0.7,0.0,4,2,BD058,BB021,CA226,n,,0.174,0.0,books,1.53
C_prose_ngram,prof,23,y,14,3,5,1,1.7,1.0,3.3,2.9,3,3,CA432,CA430,SD033,n,,0.087,0.043,speeches,0.58
C_prose_ngram,promised,23,y,10,7,6,0,1.2,2.3,3.9,0.0,5,3,BA080,SB079,CC006,n,,0.174,0.087,speeches,1.88
C_prose_ngram,properly,23,y,11,12,0,0,1.4,4.0,0.0,0.0,5,2,BD054,BA097,BA083,n,,0.217,0.087,books,2.93
C_prose_ngram,rank,23,y,11,5,7,0,1.4,1.7,4.6,0.0,3,3,CE110,CE003,BD069,n,,0.087,0.0,speeches,1.22
C_prose_ngram,recalls,23,y,1,22,0,0,0.1,7.4,0.0,0.0,8,1,BD059,BB031,BD055,n,,0.087,0.0,books,59.08
C_prose_ngram,removed,23,y,13,7,2,1,1.6,2.3,1.3,2.9,3,2,BA093,CA068,CA175,n,,0.217,0.0,biography,1.45
C_prose_ngram,reporting,23,y,8,12,2,1,1.0,4.0,1.3,2.9,8,2,BA057,BB038,BD055,n,,0.217,0.043,books,4.03
C_prose_ngram,republic act,23,y,9,12,1,1,1.1,4.0,0.7,2.9,8,2,BA080,BA091,BD064,n,,0.174,0.0,books,3.58
C_prose_ngram,respondent,23,y,12,10,1,0,1.5,3.3,0.7,0.0,4,2,BA100,SA095,BD071,n,,0.304,0.043,books,2.24
C_prose_ngram,retired justice,23,y,15,7,1,0,1.9,2.3,0.7,0.0,5,2,CD027,BD035,CA200,n,,0.043,0.043,books,1.25
C_prose_ngram,robredo,23,y,22,0,1,0,2.7,0.0,0.7,0.0,0,1,CA329,CA326,CA233,n,,0.13,0.0,columns,0.0
C_prose_ngram,salary,23,y,10,12,1,0,1.2,4.0,0.7,0.0,7,2,BD034,BD039,BD036,n,,0.043,0.0,books,3.22
C_prose_ngram,scholar,23,y,13,0,10,0,1.6,0.0,6.5,0.0,0,2,SD016,SD044,SD054,n,,0.0,0.0,speeches,0.0
C_prose_ngram,senate's,23,y,10,12,1,0,1.2,4.0,0.7,0.0,7,2,BA086,BA032,BB028,n,,0.043,0.0,books,3.22
C_prose_ngram,separation of powers,23,y,14,7,2,0,1.7,2.3,1.3,0.0,6,2,BB027,BB013,BB038,y,constitutional_doctrine,0.087,0.0,books,1.34
C_prose_ngram,shoes,23,y,6,9,8,0,0.7,3.0,5.2,0.0,6,3,BC045,BC014,CC006,n,,0.043,0.0,speeches,4.03
C_prose_ngram,staff,23,y,12,9,1,1,1.5,3.0,0.7,2.9,6,2,BD037,BA100,CA201,n,,0.13,0.0,books,2.01
C_prose_ngram,stopped,23,y,14,6,3,0,1.7,2.0,2.0,0.0,4,3,BA057,BA084,CA400,n,,0.174,0.043,books,1.15
C_prose_ngram,strengthen,23,y,13,3,7,0,1.6,1.0,4.6,0.0,2,3,CE096,BE003,CA411,n,,0.261,0.087,speeches,0.62
C_prose_ngram,tagalog,23,y,9,9,4,1,1.1,3.0,2.6,2.9,6,3,BB012,BC031,SB079,n,,0.217,0.0,books,2.69
C_prose_ngram,ties,23,y,18,5,0,0,2.2,1.7,0.0,0.0,5,2,CA356,BA056,CA200,n,,0.174,0.0,columns,0.75
C_prose_ngram,timeline,23,y,17,2,4,0,2.1,0.7,2.6,0.0,1,2,BA001,CA003,CA326,n,,0.0,0.0,speeches,0.32
C_prose_ngram,tita,23,y,12,0,9,2,1.5,0.0,5.9,5.7,0,2,SC023,SC005,CC049,n,,0.261,0.043,speeches,0.0
C_prose_ngram,transition,23,y,15,4,3,1,1.9,1.3,2.0,2.9,2,3,CD027,BB013,CA077,n,,0.174,0.0,biography,0.72
C_prose_ngram,unable,23,y,11,9,2,1,1.4,3.0,1.3,2.9,5,2,BA100,BA078,CA003,n,,0.087,0.043,books,2.2
C_prose_ngram,unanimity diversity cjp's,23,y,0,23,0,0,0.0,7.7,0.0,0.0,1,1,BB018,BB021,BA069,n,,0.174,0.0,books,inf
C_prose_ngram,unlawful,23,y,11,12,0,0,1.4,4.0,0.0,0.0,7,2,BA080,BA057,BA100,n,,0.435,0.087,books,2.93
C_prose_ngram,versus,23,y,10,13,0,0,1.2,4.3,0.0,0.0,10,2,BA086,BA053,BD060,n,,0.174,0.0,books,3.49
C_prose_ngram,veterans,23,y,13,9,1,0,1.6,3.0,0.7,0.0,6,2,CA147,BB007,SA099,n,,0.043,0.043,books,1.86
C_prose_ngram,wide,23,y,15,7,1,0,1.9,2.3,0.7,0.0,7,2,BD034,BD064,SB075,n,,0.13,0.0,books,1.25
C_prose_ngram,wish,23,y,8,6,7,2,1.0,2.0,4.6,5.7,4,3,CA186,SC058,SC029,n,,0.087,0.043,biography,2.01
C_prose_ngram,zobel,23,y,7,2,13,1,0.9,0.7,8.5,2.9,2,2,SD016,SD021,SD044,n,,0.0,0.0,speeches,0.77
C_prose_ngram,accepting,22,y,10,10,1,1,1.2,3.3,0.7,2.9,9,2,BD061,BD057,BD046,n,,0.182,0.045,books,2.69
C_prose_ngram,acknowledged,22,y,11,9,1,1,1.4,3.0,0.7,2.9,5,2,BA036,BB018,CA257,n,,0.227,0.0,books,2.2
C_prose_ngram,activity,22,y,11,10,0,1,1.4,3.3,0.0,2.9,6,2,BD062,BD046,BA081,n,,0.318,0.091,books,2.44
C_prose_ngram,advantage,22,y,11,7,2,2,1.4,2.3,1.3,5.7,5,2,BD058,BD057,CA521,n,,0.318,0.091,biography,1.71
C_prose_ngram,alumni,22,y,9,2,9,2,1.1,0.7,5.9,5.7,2,2,CC006,SA056,SB079,n,,0.045,0.0,speeches,0.6
C_prose_ngram,appear,22,y,10,10,2,0,1.2,3.3,1.3,0.0,6,2,BD036,CA435,BA069,n,,0.318,0.136,books,2.69
C_prose_ngram,applicants,22,y,11,8,3,0,1.4,2.7,2.0,0.0,6,3,BD039,BD061,BD035,n,,0.0,0.0,books,1.95
C_prose_ngram,assigned,22,y,12,7,3,0,1.5,2.3,2.0,0.0,6,3,BD028,BB024,BB042,n,,0.091,0.0,books,1.57
C_prose_ngram,attend,22,y,5,5,11,1,0.6,1.7,7.2,2.9,3,3,BB031,SD044,BD052,n,,0.136,0.0,speeches,2.69
C_prose_ngram,automatically,22,y,12,8,2,0,1.5,2.7,1.3,0.0,6,2,BA093,BA005,BD067,n,,0.045,0.0,books,1.79
C_prose_ngram,back-reference,22,y,22,0,0,0,2.7,0.0,0.0,0.0,0,1,CA382,CA446,CA409,n,,0.227,0.0,columns,0.0
C_prose_ngram,bar examinations,22,y,6,13,2,1,0.7,4.3,1.3,2.9,7,2,BD053,BD064,BA077,n,,0.091,0.0,books,5.82
C_prose_ngram,bar exams,22,y,11,3,8,0,1.4,1.0,5.2,0.0,2,3,BD021,SE036,SA131,n,,0.091,0.0,speeches,0.73
C_prose_ngram,beacons,22,y,7,6,9,0,0.9,2.0,5.9,0.0,2,3,BD060,SA134,BA097,n,,0.0,0.0,speeches,2.3
C_prose_ngram,blood,22,y,8,11,3,0,1.0,3.7,2.0,0.0,7,3,BA041,BC019,BA056,n,,0.136,0.0,books,3.69
C_prose_ngram,bond,22,y,9,8,5,0,1.1,2.7,3.3,0.0,6,3,BD021,CA368,SD044,n,,0.227,0.0,speeches,2.39
C_prose_ngram,caution,22,y,8,11,1,2,1.0,3.7,0.7,5.7,7,2,BB013,BA086,BD058,n,,0.182,0.0,biography,3.69
C_prose_ngram,certain,22,y,12,7,3,0,1.5,2.3,2.0,0.0,5,3,CA322,CA400,BD045,n,,0.182,0.091,books,1.57
C_prose_ngram,choosing,22,y,11,10,1,0,1.4,3.3,0.7,0.0,5,2,BA023,BA084,BD058,n,,0.091,0.0,books,2.44
C_prose_ngram,completely,22,y,10,5,5,2,1.2,1.7,3.3,5.7,4,3,CC045,BB018,SC025,n,,0.182,0.0,biography,1.34
C_prose_ngram,conception,22,y,12,3,6,1,1.5,1.0,3.9,2.9,3,3,SC023,CC098,CC052,n,,0.182,0.0,speeches,0.67
C_prose_ngram,concession,22,y,16,6,0,0,2.0,2.0,0.0,0.0,6,2,BB029,CA188,CA400,n,,0.545,0.045,books,1.01
C_prose_ngram,controversial,22,y,10,10,1,1,1.2,3.3,0.7,2.9,6,2,BA053,BA086,CA187,n,,0.091,0.0,books,2.69
C_prose_ngram,covering,22,y,6,12,4,0,0.7,4.0,2.6,0.0,7,3,BD053,BD064,BB033,n,,0.136,0.0,books,5.37
C_prose_ngram,critical,22,y,11,9,2,0,1.4,3.0,1.3,0.0,5,2,BB012,CA093,BD013,n,,0.136,0.0,books,2.2
C_prose_ngram,dated,22,y,19,2,1,0,2.4,0.7,0.7,0.0,2,1,CA404,CA038,CA399,n,,0.0,0.0,columns,0.28
C_prose_ngram,deferential,22,y,4,5,13,0,0.5,1.7,8.5,0.0,5,3,BD060,SB075,SB085,n,,0.0,0.0,speeches,3.36
C_prose_ngram,deserve,22,y,8,11,3,0,1.0,3.7,2.0,0.0,5,3,BA077,BD057,CD027,n,,0.273,0.045,books,3.69
C_prose_ngram,desierto,22,y,14,8,0,0,1.7,2.7,0.0,0.0,5,2,BA036,BA078,CA356,n,,0.136,0.0,books,1.53
C_prose_ngram,dismissing,22,y,15,6,1,0,1.9,2.0,0.7,0.0,6,2,BD034,CA426,CA203,n,,0.227,0.0,books,1.07
C_prose_ngram,doctor,22,y,9,3,8,2,1.1,1.0,5.2,5.7,2,3,BC019,SC061,SC007,n,,0.136,0.045,biography,0.9
C_prose_ngram,donation,22,y,11,1,9,1,1.4,0.3,5.9,2.9,1,2,SD016,SB006,CC111,n,,0.045,0.0,speeches,0.24
C_prose_ngram,drugs,22,y,13,9,0,0,1.6,3.0,0.0,0.0,6,2,CA205,BE032,BE031,n,,0.182,0.045,books,1.86
C_prose_ngram,eastern,22,y,6,8,4,4,0.7,2.7,2.6,11.4,5,4,BC045,CC006,BC046,n,,0.136,0.0,biography,3.58
C_prose_ngram,easy,22,y,9,9,4,0,1.1,3.0,2.6,0.0,7,3,CB018,BC046,BC019,n,,0.227,0.0,books,2.69
C_prose_ngram,editorial,22,y,17,4,1,0,2.1,1.3,0.7,0.0,4,2,CA108,CC072,BA083,n,,0.136,0.0,columns,0.63
C_prose_ngram,effects,22,y,11,7,4,0,1.4,2.3,2.6,0.0,5,3,SE038,BA070,BA079,n,,0.136,0.0,speeches,1.71
C_prose_ngram,elementary,22,y,7,8,4,3,0.9,2.7,2.6,8.6,5,4,BC045,BD039,BD036,n,,0.091,0.0,biography,3.07
C_prose_ngram,ends,22,y,5,14,2,1,0.6,4.7,1.3,2.9,9,2,BD056,BD055,BA080,n,,0.091,0.0,books,7.52
C_prose_ngram,enjoy,22,y,6,13,3,0,0.7,4.3,2.0,0.0,7,3,BD059,BD034,BB038,n,,0.227,0.091,books,5.82
C_prose_ngram,entering,22,y,7,9,3,3,0.9,3.0,2.0,8.6,6,4,BA057,BA084,BA006,n,,0.136,0.0,biography,3.45
C_prose_ngram,equitable,22,y,9,10,3,0,1.1,3.3,2.0,0.0,7,3,BD060,BD062,BB012,n,,0.091,0.0,books,2.98
C_prose_ngram,excess,22,y,11,8,3,0,1.4,2.7,2.0,0.0,5,3,BB013,BD028,CA053,n,,0.136,0.0,books,1.95
C_prose_ngram,executive order,22,y,9,13,0,0,1.1,4.3,0.0,0.0,6,2,BB033,BB019,BA097,n,,0.273,0.0,books,3.88
C_prose_ngram,father's,22,y,5,7,5,5,0.6,2.3,3.3,14.3,5,4,BC045,GC021,SC061,n,,0.227,0.045,biography,3.76
C_prose_ngram,generally,22,y,8,10,4,0,1.0,3.3,2.6,0.0,7,3,BD037,BB032,SA098,n,,0.136,0.045,books,3.36
C_prose_ngram,goods,22,y,11,5,5,1,1.4,1.7,3.3,2.9,4,3,SA078,CA420,SB085,n,,0.182,0.091,speeches,1.22
C_prose_ngram,hernando,22,y,14,6,2,0,1.7,2.0,1.3,0.0,4,2,BD045,CA040,CA185,n,,0.182,0.0,books,1.15
C_prose_ngram,independent director,22,y,6,0,14,2,0.7,0.0,9.2,5.7,0,2,CC111,SB079,SB042,n,,0.182,0.136,speeches,0.0
C_prose_ngram,injustice,22,y,10,12,0,0,1.2,4.0,0.0,0.0,6,2,BB012,CA432,BD021,n,,0.091,0.0,books,3.22
C_prose_ngram,integrity independence,22,y,8,9,5,0,1.0,3.0,3.3,0.0,5,3,BD059,BD054,BD070,n,,0.045,0.0,speeches,3.02
C_prose_ngram,interview,22,y,9,2,9,2,1.1,0.7,5.9,5.7,2,2,BD070,SA056,SA052,n,,0.045,0.0,speeches,0.6
C_prose_ngram,introduced,22,y,4,7,11,0,0.5,2.3,7.2,0.0,5,3,SA052,BC046,SC008,n,,0.136,0.045,speeches,4.7
C_prose_ngram,john paul,22,y,7,8,5,2,0.9,2.7,3.3,5.7,6,3,BC045,BC019,SA052,n,,0.0,0.0,biography,3.07
C_prose_ngram,judicial academy,22,y,9,8,5,0,1.1,2.7,3.3,0.0,7,3,BA077,BD035,SA098,n,,0.182,0.0,speeches,2.39
C_prose_ngram,judicial and bar,22,y,2,18,1,1,0.2,6.0,0.7,2.9,9,1,BD034,BD053,BD036,n,,0.045,0.0,books,24.17
C_prose_ngram,judicial review,22,y,9,13,0,0,1.1,4.3,0.0,0.0,8,2,BA036,BA084,BB013,n,,0.0,0.0,books,3.88
C_prose_ngram,jurisdictional,22,y,14,8,0,0,1.7,2.7,0.0,0.0,5,2,BA084,BB019,CA382,n,,0.182,0.0,books,1.53
C_prose_ngram,jurisprudential,22,y,11,9,2,0,1.4,3.0,1.3,0.0,5,2,BA083,BA037,BA059,n,,0.045,0.0,books,2.2
C_prose_ngram,king,22,y,10,3,8,1,1.2,1.0,5.2,2.9,3,3,SB051,BA097,SB028,n,,0.091,0.0,speeches,0.81
C_prose_ngram,kinship relationship friendship,22,y,11,6,5,0,1.4,2.0,3.3,0.0,2,3,BD059,BD064,BD070,n,,0.091,0.045,speeches,1.46
C_prose_ngram,knew,22,y,7,7,7,1,0.9,2.3,4.6,2.9,5,3,BD054,BB013,SB042,n,,0.182,0.136,speeches,2.69
C_prose_ngram,law ra,22,y,15,7,0,0,1.9,2.3,0.0,0.0,5,2,BA032,BA037,BA049,n,,0.182,0.091,books,1.25
C_prose_ngram,law's,22,y,7,14,1,0,0.9,4.7,0.7,0.0,8,2,BA032,BA080,BA094,n,,0.136,0.0,books,5.37
C_prose_ngram,leila,22,y,19,1,2,0,2.4,0.3,1.3,0.0,1,1,CA432,CA435,CA517,n,,0.182,0.0,columns,0.14
C_prose_ngram,leon,22,y,11,11,0,0,1.4,3.7,0.0,0.0,4,2,BA082,BA081,BA069,n,,0.091,0.0,books,2.69
C_prose_ngram,liberalization,22,y,5,15,2,0,0.6,5.0,1.3,0.0,8,2,BA032,BD059,BB028,n,,0.182,0.0,books,8.06
C_prose_ngram,lifetime,22,y,6,2,14,0,0.7,0.7,9.2,0.0,1,2,SA136,SD044,SB051,n,,0.136,0.0,speeches,0.9
C_prose_ngram,likely,22,y,14,7,1,0,1.7,2.3,0.7,0.0,3,2,CC106,BE018,BA001,n,,0.136,0.045,books,1.34
C_prose_ngram,limitations,22,y,13,6,3,0,1.6,2.0,2.0,0.0,5,3,BA084,CA400,CA404,n,,0.136,0.091,books,1.24
C_prose_ngram,loob,22,y,4,8,8,2,0.5,2.7,5.2,5.7,5,3,SC081,BC045,BC019,n,,0.0,0.0,biography,5.37
C_prose_ngram,lourdes,22,y,16,2,4,0,2.0,0.7,2.6,0.0,2,2,BD049,CC101,CA128,n,,0.091,0.0,speeches,0.34
C_prose_ngram,master,22,y,8,7,6,1,1.0,2.3,3.9,2.9,4,3,CA393,SC010,BC019,n,,0.182,0.0,speeches,2.35
C_prose_ngram,mechanics,22,y,14,8,0,0,1.7,2.7,0.0,0.0,6,2,BD035,BA096,BB007,n,,0.318,0.045,books,1.53
C_prose_ngram,menardo,22,y,21,0,1,0,2.6,0.0,0.7,0.0,0,1,CA096,CE046,CA201,n,,0.045,0.0,columns,0.0
C_prose_ngram,mendoza's,22,y,12,9,0,1,1.5,3.0,0.0,2.9,7,2,BD058,BA080,BA091,n,,0.182,0.045,books,2.01
C_prose_ngram,modified,22,y,10,11,1,0,1.2,3.7,0.7,0.0,8,2,BB028,BB038,BA083,n,,0.318,0.136,books,2.95
C_prose_ngram,modify,22,y,10,12,0,0,1.2,4.0,0.0,0.0,5,2,BB013,BD028,CA053,n,,0.136,0.0,books,3.22
C_prose_ngram,naia,22,y,12,8,2,0,1.5,2.7,1.3,0.0,4,2,BB027,BB028,BB029,n,,0.273,0.045,books,1.79
C_prose_ngram,narrative,22,y,10,3,8,1,1.2,1.0,5.2,2.9,2,3,SD016,CA434,SC010,n,,0.091,0.0,speeches,0.81
C_prose_ngram,ninoy,22,y,15,6,1,0,1.9,2.0,0.7,0.0,2,2,BB012,CA387,BA030,n,,0.091,0.0,books,1.07
C_prose_ngram,nurturing prosperity,22,y,4,7,11,0,0.5,2.3,7.2,0.0,3,3,BD056,BD062,SB075,n,,0.045,0.0,speeches,4.7
C_prose_ngram,obligation,22,y,12,6,4,0,1.5,2.0,2.6,0.0,4,3,BA057,BD060,BB021,n,,0.273,0.045,speeches,1.34
C_prose_ngram,offers,22,y,6,12,1,3,0.7,4.0,0.7,8.6,5,3,BC045,BC046,BD062,n,,0.091,0.0,biography,5.37
C_prose_ngram,operation,22,y,16,6,0,0,2.0,2.0,0.0,0.0,4,2,CA427,BA094,CA248,n,,0.182,0.0,books,1.01
C_prose_ngram,particular,22,y,7,12,3,0,0.9,4.0,2.0,0.0,9,3,BD028,BA037,BA090,n,,0.091,0.0,books,4.6
C_prose_ngram,particularly,22,y,8,10,4,0,1.0,3.3,2.6,0.0,5,3,BD059,BB013,BD028,n,,0.045,0.0,books,3.36
C_prose_ngram,philippine judicial academy,22,y,9,8,5,0,1.1,2.7,3.3,0.0,7,3,BA077,BD035,SA098,n,,0.182,0.0,speeches,2.39
C_prose_ngram,plans,22,y,10,3,7,2,1.2,1.0,4.6,5.7,2,3,SD016,GC034,SB040,n,,0.091,0.0,biography,0.81
C_prose_ngram,pnoy,22,y,22,0,0,0,2.7,0.0,0.0,0.0,0,1,CA431,CA382,CA404,n,,0.045,0.0,columns,0.0
C_prose_ngram,premature,22,y,14,6,1,1,1.7,2.0,0.7,2.9,4,2,CA430,BA081,BA086,n,,0.182,0.0,biography,1.15
C_prose_ngram,priority,22,y,11,8,2,1,1.4,2.7,1.3,2.9,7,2,BD064,CA444,BB032,n,,0.045,0.0,biography,1.95
C_prose_ngram,produce,22,y,11,8,2,1,1.4,2.7,1.3,2.9,6,2,CA420,CA400,BA087,n,,0.227,0.091,biography,1.95
C_prose_ngram,producing,22,y,6,8,6,2,0.7,2.7,3.9,5.7,5,3,BD070,BD037,BA057,n,,0.273,0.0,biography,3.58
C_prose_ngram,prosecute,22,y,14,6,2,0,1.7,2.0,1.3,0.0,2,2,CA444,CE095,CA087,n,,0.091,0.0,books,1.15
C_prose_ngram,purely,22,y,5,13,4,0,0.6,4.3,2.6,0.0,8,3,BA057,BB028,BB038,n,,0.182,0.0,books,6.98
C_prose_ngram,quisumbing,22,y,4,18,0,0,0.5,6.0,0.0,0.0,8,2,BA091,BA089,BA097,n,,0.136,0.045,books,12.09
C_prose_ngram,quo warranto,22,y,16,4,2,0,2.0,1.3,1.3,0.0,4,2,CA035,CA224,CA175,n,,0.091,0.0,columns,0.67
C_prose_ngram,reaction,22,y,13,5,2,2,1.6,1.7,1.3,5.7,3,2,BB012,BA059,CA103,n,,0.045,0.0,biography,1.03
C_prose_ngram,recurring,22,y,9,9,3,1,1.1,3.0,2.0,2.9,6,3,CA434,BD060,BA084,n,,0.136,0.0,books,2.69
C_prose_ngram,regulations,22,y,8,7,7,0,1.0,2.3,4.6,0.0,4,3,BD053,BB038,SB028,n,,0.091,0.045,speeches,2.35
C_prose_ngram,relationship friendship,22,y,11,6,5,0,1.4,2.0,3.3,0.0,2,3,BD059,BD064,BD070,n,,0.091,0.045,speeches,1.46
C_prose_ngram,religion,22,y,7,9,4,2,0.9,3.0,2.6,5.7,6,3,BA078,BC046,BC040,n,,0.273,0.091,biography,3.45
C_prose_ngram,reputation,22,y,12,6,3,1,1.5,2.0,2.0,2.9,4,3,CA432,CC101,BD049,n,,0.091,0.091,biography,1.34
C_prose_ngram,resource,22,y,12,8,2,0,1.5,2.7,1.3,0.0,5,2,BB038,BD049,BD067,n,,0.045,0.0,books,1.79
C_prose_ngram,retiring,22,y,10,5,7,0,1.2,1.7,4.6,0.0,4,3,BD049,CB018,CC047,n,,0.182,0.045,speeches,1.34
C_prose_ngram,revision,22,y,12,9,1,0,1.5,3.0,0.7,0.0,4,2,BA053,CA079,BA001,n,,0.045,0.0,books,2.01
C_prose_ngram,route,22,y,11,5,4,2,1.4,1.7,2.6,5.7,4,3,BD028,CA382,BC039,n,,0.182,0.091,biography,1.22
C_prose_ngram,russia,22,y,17,2,3,0,2.1,0.7,2.0,0.0,2,2,SB075,CA420,CA338,n,,0.182,0.045,columns,0.32
C_prose_ngram,save,22,y,12,9,0,1,1.5,3.0,0.0,2.9,4,2,BA078,BE005,BE009,n,,0.136,0.0,books,2.01
C_prose_ngram,seminar,22,y,4,9,6,3,0.5,3.0,3.9,8.6,5,4,BC046,BD021,SC024,n,,0.227,0.0,biography,6.04
C_prose_ngram,sentence,22,y,8,12,1,1,1.0,4.0,0.7,2.9,8,2,BA092,BA037,BA083,n,,0.136,0.045,books,4.03
C_prose_ngram,servant,22,y,8,9,4,1,1.0,3.0,2.6,2.9,4,3,BD034,SC014,BC036,n,,0.0,0.0,books,3.02
C_prose_ngram,shared,22,y,6,10,5,1,0.7,3.3,3.3,2.9,6,3,BC045,SA134,BD037,n,,0.136,0.045,books,4.48
C_prose_ngram,sick,22,y,7,6,7,2,0.9,2.0,4.6,5.7,4,3,BB012,BC019,GC026,n,,0.0,0.0,biography,2.3
C_prose_ngram,sold,22,y,9,10,3,0,1.1,3.3,2.0,0.0,6,3,BB029,SB042,CD027,n,,0.318,0.0,books,2.98
C_prose_ngram,speeches,22,y,6,8,8,0,0.7,2.7,5.2,0.0,6,3,BD034,SD016,BD039,n,,0.0,0.0,speeches,3.58
C_prose_ngram,statistics,22,y,5,14,3,0,0.6,4.7,2.0,0.0,9,3,BD054,BD035,CB018,n,,0.136,0.045,books,7.52
C_prose_ngram,succeed,22,y,5,11,4,2,0.6,3.7,2.6,5.7,6,3,BC045,BE002,BE001,n,,0.227,0.091,biography,5.91
C_prose_ngram,thing,22,y,9,9,4,0,1.1,3.0,2.6,0.0,7,3,BD036,BA053,CA400,n,,0.273,0.045,books,2.69
C_prose_ngram,tinga,22,y,4,18,0,0,0.5,6.0,0.0,0.0,4,2,BA100,BD058,BA089,n,,0.136,0.0,books,12.09
C_prose_ngram,tita de villa,22,y,11,0,9,2,1.4,0.0,5.9,5.7,0,2,SC023,SC005,CC049,n,,0.273,0.045,speeches,0.0
C_prose_ngram,usaid,22,y,4,13,5,0,0.5,4.3,3.3,0.0,7,3,BD064,BD039,BD049,n,,0.091,0.0,books,8.73
C_prose_ngram,useless,22,y,10,5,7,0,1.2,1.7,4.6,0.0,4,3,SB051,SB028,SB040,n,,0.227,0.045,speeches,1.34
C_prose_ngram,violates,22,y,10,11,1,0,1.2,3.7,0.7,0.0,8,2,BA032,BD059,BA091,n,,0.091,0.0,books,2.95
C_prose_ngram,visited,22,y,10,2,10,0,1.2,0.7,6.5,0.0,1,2,SD082,CE096,SB075,n,,0.227,0.091,speeches,0.54
C_prose_ngram,warranto,22,y,16,4,2,0,2.0,1.3,1.3,0.0,4,2,CA035,CA224,CA175,n,,0.091,0.0,columns,0.67
C_prose_ngram,winner,22,y,11,6,4,1,1.4,2.0,2.6,2.9,5,3,BE007,BA096,BA075,n,,0.227,0.0,biography,1.46
C_prose_ngram,writer,22,y,10,5,4,3,1.2,1.7,2.6,8.6,3,4,BD054,SC090,CC072,n,,0.045,0.0,biography,1.34
C_prose_ngram,alberto,21,y,13,1,7,0,1.6,0.3,4.6,0.0,1,2,CC098,SC005,SC003,n,,0.048,0.0,speeches,0.21
C_prose_ngram,alfredo,21,y,10,6,4,1,1.2,2.0,2.6,2.9,3,3,BA091,BD035,CA356,n,,0.143,0.0,biography,1.61
C_prose_ngram,ambition,21,y,3,6,8,4,0.4,2.0,5.2,11.4,4,4,BC045,SC081,BC013,n,,0.0,0.0,biography,5.37
C_prose_ngram,america,21,y,11,6,4,0,1.4,2.0,2.6,0.0,5,3,BB032,SA098,SB040,n,,0.238,0.0,speeches,1.46
C_prose_ngram,ameurfina,21,y,6,11,4,0,0.7,3.7,2.6,0.0,5,3,SD082,BD052,BD044,n,,0.095,0.0,books,4.92
C_prose_ngram,architecture,21,y,10,4,5,2,1.2,1.3,3.3,5.7,4,3,BA084,CA038,BA033,n,,0.048,0.0,biography,1.07
C_prose_ngram,augusto,21,y,7,3,10,1,0.9,1.0,6.5,2.9,2,3,SD044,SD021,SB050,n,,0.048,0.0,speeches,1.15
C_prose_ngram,belong,21,y,9,9,3,0,1.1,3.0,2.0,0.0,6,3,BB007,CA147,BA080,n,,0.048,0.0,books,2.69
C_prose_ngram,bible,21,y,2,8,7,4,0.2,2.7,4.6,11.4,5,3,BD034,BA078,SC081,n,,0.095,0.0,biography,10.74
C_prose_ngram,catalogue,21,y,6,15,0,0,0.7,5.0,0.0,0.0,9,2,BD064,BA100,BD035,n,,0.095,0.048,books,6.71
C_prose_ngram,celebrated,21,y,9,8,4,0,1.1,2.7,2.6,0.0,6,3,CA453,BD069,SB050,n,,0.19,0.0,books,2.39
C_prose_ngram,certificate,21,y,11,10,0,0,1.4,3.3,0.0,0.0,8,2,BA092,BA083,BA070,n,,0.429,0.143,books,2.44
C_prose_ngram,challenging,21,y,9,8,4,0,1.1,2.7,2.6,0.0,6,3,CA426,BD056,BA089,n,,0.048,0.0,books,2.39
C_prose_ngram,cjp's personal,21,y,2,2,17,0,0.2,0.7,11.1,0.0,2,1,SD016,SA052,SD044,n,,0.143,0.048,speeches,2.69
C_prose_ngram,clerk,21,y,14,5,2,0,1.7,1.7,1.3,0.0,4,2,BD028,CA164,CC091,n,,0.048,0.0,columns,0.96
C_prose_ngram,club of manila,21,y,2,11,5,3,0.2,3.7,3.3,8.6,4,3,BC045,SC014,BC023,n,,0.0,0.0,biography,14.77
C_prose_ngram,collapse,21,y,7,7,3,4,0.9,2.3,2.0,11.4,5,4,BA078,BC043,GC027,n,,0.143,0.0,biography,2.69
C_prose_ngram,committees,21,y,7,7,3,4,0.9,2.3,2.0,11.4,5,4,BD034,BD054,BD070,n,,0.095,0.0,biography,2.69
C_prose_ngram,completed,21,y,16,2,1,2,2.0,0.7,0.7,5.7,2,1,CA366,CA388,CA498,n,,0.19,0.0,biography,0.34
C_prose_ngram,concom,21,y,18,1,2,0,2.2,0.3,1.3,0.0,1,1,CA427,CA404,CA405,n,,0.0,0.0,columns,0.15
C_prose_ngram,costs,21,y,13,8,0,0,1.6,2.7,0.0,0.0,4,2,BB031,CE086,BA095,n,,0.286,0.0,books,1.65
C_prose_ngram,court justices,21,y,6,11,4,0,0.7,3.7,2.6,0.0,4,3,BD036,BA077,BD039,n,,0.19,0.0,books,4.92
C_prose_ngram,customs,21,y,14,5,2,0,1.7,1.7,1.3,0.0,5,2,BA100,BA056,BA002,n,,0.19,0.095,columns,0.96
C_prose_ngram,denying,21,y,10,10,1,0,1.2,3.3,0.7,0.0,5,2,BD058,BA086,BA090,n,,0.238,0.0,books,2.69
C_prose_ngram,deputy,21,y,13,3,5,0,1.6,1.0,3.3,0.0,3,3,SA056,CA391,BD063,n,,0.143,0.0,speeches,0.62
C_prose_ngram,dissertation contest,21,y,12,0,9,0,1.5,0.0,5.9,0.0,0,2,SA052,SD044,SD054,n,,0.0,0.0,speeches,0.0
C_prose_ngram,diyos,21,y,2,8,9,2,0.2,2.7,5.9,5.7,5,2,SC081,BC045,BC030,n,,0.0,0.0,speeches,10.74
C_prose_ngram,documentary,21,y,13,7,1,0,1.6,2.3,0.7,0.0,5,2,BA038,CA217,BB021,n,,0.19,0.0,books,1.45
C_prose_ngram,draws,21,y,1,19,0,1,0.1,6.4,0.0,2.9,8,1,BD053,BB031,BD049,n,,0.048,0.0,books,51.03
C_prose_ngram,earth,21,y,6,10,5,0,0.7,3.3,3.3,0.0,5,3,BC019,BC023,BA035,n,,0.143,0.048,books,4.48
C_prose_ngram,employment,21,y,11,10,0,0,1.4,3.3,0.0,0.0,7,2,BB021,CA046,BB022,n,,0.333,0.048,books,2.44
C_prose_ngram,ended,21,y,8,11,1,1,1.0,3.7,0.7,2.9,7,2,BC043,BA089,BD029,n,,0.19,0.0,books,3.69
C_prose_ngram,ensure,21,y,10,8,3,0,1.2,2.7,2.0,0.0,5,3,BD056,BD067,CA420,n,,0.095,0.0,books,2.15
C_prose_ngram,environmental,21,y,10,6,5,0,1.2,2.0,3.3,0.0,3,3,BB032,BA041,BD049,n,,0.095,0.048,speeches,1.61
C_prose_ngram,essay,21,y,12,7,2,0,1.5,2.3,1.3,0.0,6,2,BD034,CA393,BD052,n,,0.143,0.048,books,1.57
C_prose_ngram,establish,21,y,9,10,2,0,1.1,3.3,1.3,0.0,6,2,BA100,BA056,BA082,n,,0.143,0.0,books,2.98
C_prose_ngram,examination,21,y,13,6,1,1,1.6,2.0,0.7,2.9,5,2,CA003,BA069,BA070,n,,0.048,0.0,biography,1.24
C_prose_ngram,expensive,21,y,12,9,0,0,1.5,3.0,0.0,0.0,4,2,BA055,BA054,BA085,n,,0.238,0.048,books,2.01
C_prose_ngram,expert,21,y,8,9,4,0,1.0,3.0,2.6,0.0,6,3,BA032,BA092,BA070,n,,0.238,0.095,books,3.02
C_prose_ngram,extreme,21,y,12,5,3,1,1.5,1.7,2.0,2.9,4,3,CC047,BA083,BA054,n,,0.19,0.0,biography,1.12
C_prose_ngram,fails,21,y,9,11,1,0,1.1,3.7,0.7,0.0,7,2,BA080,BB019,BD049,n,,0.143,0.048,books,3.28
C_prose_ngram,formally,21,y,13,5,2,1,1.6,1.7,1.3,2.9,5,2,SA095,BD044,CA453,n,,0.286,0.0,biography,1.03
C_prose_ngram,formed,21,y,10,5,6,0,1.2,1.7,3.9,0.0,3,3,SB079,BA084,BB019,n,,0.238,0.0,speeches,1.34
C_prose_ngram,foundation for liberty,21,y,16,0,4,1,2.0,0.0,2.6,2.9,0,2,SD016,GC034,SD060,n,,0.0,0.0,biography,0.0
C_prose_ngram,fulfillment,21,y,5,11,4,1,0.6,3.7,2.6,2.9,6,3,BC040,CC019,SD026,n,,0.095,0.048,books,5.91
C_prose_ngram,greatest,21,y,6,8,7,0,0.7,2.7,4.6,0.0,5,3,SC064,SA056,CC002,n,,0.095,0.048,speeches,3.58
C_prose_ngram,gross,21,y,10,10,1,0,1.2,3.3,0.7,0.0,7,2,BA057,BB038,BA081,n,,0.286,0.048,books,2.69
C_prose_ngram,guide,21,y,8,9,4,0,1.0,3.0,2.6,0.0,7,3,BA092,BA082,CA386,n,,0.143,0.095,books,3.02
C_prose_ngram,habeas,21,y,16,4,1,0,2.0,1.3,0.7,0.0,2,2,BA093,CA306,CA024,n,,0.095,0.048,columns,0.67
C_prose_ngram,happy,21,y,3,5,13,0,0.4,1.7,8.5,0.0,3,3,SB079,SB006,SD026,n,,0.0,0.0,speeches,4.48
C_prose_ngram,heaven,21,y,9,8,3,1,1.1,2.7,2.0,2.9,3,3,BC030,BC004,BC029,n,,0.238,0.048,biography,2.39
C_prose_ngram,historic,21,y,13,5,2,1,1.6,1.7,1.3,2.9,5,2,BB031,CE003,BB006,n,,0.19,0.0,biography,1.03
C_prose_ngram,illegally,21,y,12,9,0,0,1.5,3.0,0.0,0.0,5,2,BB019,BB013,BB024,n,,0.238,0.0,books,2.01
C_prose_ngram,importance,21,y,7,13,1,0,0.9,4.3,0.7,0.0,8,2,BB028,BA100,BA091,n,,0.143,0.0,books,4.99
C_prose_ngram,improper,21,y,12,8,1,0,1.5,2.7,0.7,0.0,4,2,BA100,BA080,BD028,n,,0.095,0.048,books,1.79
C_prose_ngram,injury,21,y,13,8,0,0,1.6,2.7,0.0,0.0,4,2,BA100,BB027,CA432,n,,0.19,0.048,books,1.65
C_prose_ngram,interviews,21,y,8,7,6,0,1.0,2.3,3.9,0.0,6,3,BD034,BD061,BD055,n,,0.0,0.0,speeches,2.35
C_prose_ngram,invasion,21,y,12,7,2,0,1.5,2.3,1.3,0.0,3,2,BA100,CA024,BA089,n,,0.0,0.0,books,1.57
C_prose_ngram,laid,21,y,5,15,1,0,0.6,5.0,0.7,0.0,6,2,BA036,BA089,BA082,n,,0.19,0.0,books,8.06
C_prose_ngram,law practice,21,y,9,4,5,3,1.1,1.3,3.3,8.6,3,4,CA433,CA327,SE038,n,,0.095,0.0,biography,1.19
C_prose_ngram,learning,21,y,13,5,3,0,1.6,1.7,2.0,0.0,5,3,SD044,CD027,BD066,n,,0.238,0.048,speeches,1.03
C_prose_ngram,legislature,21,y,8,11,1,1,1.0,3.7,0.7,2.9,9,2,BA086,BA080,BA094,n,,0.095,0.0,books,3.69
C_prose_ngram,letters,21,y,12,4,1,4,1.5,1.3,0.7,11.4,4,3,BD034,BD045,BD020,n,,0.238,0.048,biography,0.9
C_prose_ngram,limiting,21,y,7,12,2,0,0.9,4.0,1.3,0.0,7,2,BD034,BB024,BB034,n,,0.143,0.0,books,4.6
C_prose_ngram,lord's,21,y,4,10,6,1,0.5,3.3,3.9,2.9,4,3,SC081,SC151,BC016,n,,0.095,0.048,speeches,6.71
C_prose_ngram,losing,21,y,9,9,3,0,1.1,3.0,2.0,0.0,4,3,BA056,SB075,BA039,n,,0.286,0.0,books,2.69
C_prose_ngram,lucio,21,y,12,1,8,0,1.5,0.3,5.2,0.0,1,2,SD016,SD044,SD021,n,,0.095,0.0,speeches,0.22
C_prose_ngram,midnight,21,y,10,4,5,2,1.2,1.3,3.3,5.7,2,3,SA041,BA007,CC064,n,,0.095,0.0,biography,1.07
C_prose_ngram,miranda,21,y,8,11,2,0,1.0,3.7,1.3,0.0,6,2,BD060,BA084,CB018,n,,0.19,0.048,books,3.69
C_prose_ngram,mutual,21,y,16,2,2,1,2.0,0.7,1.3,2.9,2,1,BB012,BA081,CA338,n,,0.19,0.095,biography,0.34
C_prose_ngram,ochoa,21,y,21,0,0,0,2.6,0.0,0.0,0.0,0,1,CA427,CA126,CA444,n,,0.048,0.0,columns,0.0
C_prose_ngram,overseas,21,y,8,7,3,3,1.0,2.3,2.0,8.6,5,4,CA420,GC027,BD028,n,,0.286,0.095,biography,2.35
C_prose_ngram,pain,21,y,6,13,1,1,0.7,4.3,0.7,2.9,7,2,BA041,BC030,GC032,n,,0.19,0.0,books,5.82
C_prose_ngram,people's initiative,21,y,15,4,2,0,1.9,1.3,1.3,0.0,2,2,CA440,BA053,CA322,n,,0.048,0.0,columns,0.72
C_prose_ngram,philippine daily,21,y,1,10,7,3,0.1,3.3,4.6,8.6,6,3,BD034,BA078,BC019,n,,0.048,0.0,biography,26.86
C_prose_ngram,phrase,21,y,5,15,1,0,0.6,5.0,0.7,0.0,6,2,BA100,BB033,BA081,n,,0.095,0.0,books,8.06
C_prose_ngram,plague of ships,21,y,9,8,4,0,1.1,2.7,2.6,0.0,2,3,BD062,BD064,BD070,n,,0.095,0.048,books,2.39
C_prose_ngram,political branches,21,y,2,11,7,1,0.2,3.7,4.6,2.9,6,2,BD059,BD060,BD053,n,,0.048,0.0,speeches,14.77
C_prose_ngram,political rights,21,y,10,10,1,0,1.2,3.3,0.7,0.0,7,2,BA032,BD060,BB013,n,,0.143,0.0,books,2.69
C_prose_ngram,pope john,21,y,6,8,5,2,0.7,2.7,3.3,5.7,6,3,BC045,BC019,SC061,n,,0.0,0.0,biography,3.58
C_prose_ngram,pope john paul,21,y,6,8,5,2,0.7,2.7,3.3,5.7,6,3,BC045,BC019,SC061,n,,0.0,0.0,biography,3.58
C_prose_ngram,population,21,y,14,7,0,0,1.7,2.3,0.0,0.0,5,2,BD037,BA085,BA096,n,,0.381,0.095,books,1.34
C_prose_ngram,preliminary investigation,21,y,15,6,0,0,1.9,2.0,0.0,0.0,5,2,BA069,BA091,CA408,n,,0.048,0.0,books,1.07
C_prose_ngram,prepare,21,y,9,9,2,1,1.1,3.0,1.3,2.9,6,2,CC004,BE007,BE014,n,,0.095,0.0,books,2.69
C_prose_ngram,preserved,21,y,18,3,0,0,2.2,1.0,0.0,0.0,2,2,CA428,CA224,CE093,n,,0.333,0.095,columns,0.45
C_prose_ngram,privatization,21,y,6,13,2,0,0.7,4.3,1.3,0.0,6,2,BA032,SB075,BB028,n,,0.19,0.0,books,5.82
C_prose_ngram,products,21,y,6,10,5,0,0.7,3.3,3.3,0.0,9,3,CA420,BB013,CD027,n,,0.143,0.095,books,4.48
C_prose_ngram,prohibit,21,y,14,6,0,1,1.7,2.0,0.0,2.9,3,2,CA431,BA108,BB019,n,,0.143,0.0,biography,1.15
C_prose_ngram,proven competence,21,y,16,3,2,0,2.0,1.0,1.3,0.0,1,2,BA005,BD008,CA269,n,,0.0,0.0,columns,0.5
C_prose_ngram,public opinion,21,y,10,10,1,0,1.2,3.3,0.7,0.0,6,2,BD059,BD053,BD060,n,,0.143,0.0,books,2.69
C_prose_ngram,raise,21,y,10,10,1,0,1.2,3.3,0.7,0.0,8,2,BB013,BA057,BA091,n,,0.381,0.095,books,2.69
C_prose_ngram,raul pangalangan,21,y,12,6,3,0,1.5,2.0,2.0,0.0,4,3,BD059,BD052,CC093,n,,0.0,0.0,books,1.34
C_prose_ngram,receiving,21,y,7,7,6,1,0.9,2.3,3.9,2.9,4,3,SB075,BA082,CA150,n,,0.19,0.0,speeches,2.69
C_prose_ngram,refrain,21,y,8,11,2,0,1.0,3.7,1.3,0.0,6,2,BD054,BD061,BE018,n,,0.095,0.048,books,3.69
C_prose_ngram,replacing,21,y,14,5,2,0,1.7,1.7,1.3,0.0,4,2,BD070,BC039,BA005,n,,0.143,0.0,columns,0.96
C_prose_ngram,represent,21,y,12,4,4,1,1.5,1.3,2.6,2.9,4,3,BB007,CA479,SA099,n,,0.095,0.048,biography,0.9
C_prose_ngram,returning,21,y,8,7,5,1,1.0,2.3,3.3,2.9,6,3,BD053,CE096,CC100,n,,0.143,0.0,speeches,2.35
C_prose_ngram,san miguel,21,y,11,4,5,1,1.4,1.3,3.3,2.9,3,3,CA433,BC019,CE042,n,,0.143,0.0,speeches,0.98
C_prose_ngram,sara,21,y,21,0,0,0,2.6,0.0,0.0,0.0,0,1,CA039,CA539,CA053,n,,0.048,0.0,columns,0.0
C_prose_ngram,savings,21,y,18,2,1,0,2.2,0.7,0.7,0.0,1,1,CA404,CA405,CA388,n,,0.19,0.048,columns,0.3
C_prose_ngram,set aside,21,y,12,8,1,0,1.5,2.7,0.7,0.0,6,2,BA041,BB028,BB030,n,,0.095,0.0,books,1.79
C_prose_ngram,significant,21,y,6,12,2,1,0.7,4.0,1.3,2.9,7,2,BA080,BD058,BA092,n,,0.19,0.048,books,5.37
C_prose_ngram,successful,21,y,10,6,5,0,1.2,2.0,3.3,0.0,4,3,CC006,CE096,SD087,n,,0.19,0.048,speeches,1.61
C_prose_ngram,sycip,21,y,11,1,8,1,1.4,0.3,5.2,2.9,1,2,SB079,CE088,SC090,n,,0.048,0.0,speeches,0.24
C_prose_ngram,tested,21,y,10,8,2,1,1.2,2.7,1.3,2.9,6,2,BA080,CA488,CA068,n,,0.19,0.0,biography,2.15
C_prose_ngram,thomas,21,y,13,3,5,0,1.6,1.0,3.3,0.0,2,3,CA376,CA020,CA398,n,,0.19,0.0,speeches,0.62
C_prose_ngram,threats,21,y,10,8,1,2,1.2,2.7,0.7,5.7,7,2,BD037,BA059,BA038,n,,0.19,0.0,biography,2.15
C_prose_ngram,torres,21,y,8,9,3,1,1.0,3.0,2.0,2.9,6,3,BA032,BA053,BA056,n,,0.333,0.048,books,3.02
C_prose_ngram,track record,21,y,17,4,0,0,2.1,1.3,0.0,0.0,3,2,BD061,CE042,CA329,n,,0.095,0.048,columns,0.63
C_prose_ngram,transmission,21,y,13,6,2,0,1.6,2.0,1.3,0.0,3,2,BE015,CE100,BA087,n,,0.333,0.095,books,1.24
C_prose_ngram,trigger,21,y,9,12,0,0,1.1,4.0,0.0,0.0,4,2,BA081,BE007,BA014,n,,0.19,0.0,books,3.58
C_prose_ngram,trustees,21,y,7,2,12,0,0.9,0.7,7.8,0.0,1,2,SD027,SD033,SD002,n,,0.19,0.143,speeches,0.77
C_prose_ngram,turns,21,y,6,14,0,1,0.7,4.7,0.0,2.9,9,2,BD053,BD036,BB027,n,,0.19,0.048,books,6.27
C_prose_ngram,twin beacons,21,y,7,5,9,0,0.9,1.7,5.9,0.0,2,3,BD060,SA134,BA097,y,twin_beacons_doctrine,0.0,0.0,speeches,1.92
C_prose_ngram,undp,21,y,0,17,4,0,0.0,5.7,2.6,0.0,7,2,BD053,BD064,BD039,n,,0.095,0.0,books,inf
C_prose_ngram,uses,21,y,14,5,2,0,1.7,1.7,1.3,0.0,5,2,BB012,CA512,CA326,n,,0.095,0.0,columns,0.96
C_prose_ngram,valedictory,21,y,9,6,5,1,1.1,2.0,3.3,2.9,6,3,SA136,BD052,BA036,n,,0.19,0.048,speeches,1.79
C_prose_ngram,vehicle,21,y,11,7,3,0,1.4,2.3,2.0,0.0,5,3,BD067,BD050,CA046,n,,0.048,0.0,books,1.71
C_prose_ngram,voiding,21,y,6,15,0,0,0.7,5.0,0.0,0.0,9,2,BD053,BB027,BB013,n,,0.143,0.048,books,6.71
C_prose_ngram,warrantless,21,y,13,8,0,0,1.6,2.7,0.0,0.0,5,2,BA100,BA057,BA089,n,,0.095,0.0,books,1.65
C_prose_ngram,world's,21,y,10,8,2,1,1.2,2.7,1.3,2.9,3,2,GC027,CB017,CE061,n,,0.19,0.0,biography,2.15
C_prose_ngram,adding,20,y,6,9,5,0,0.7,3.0,3.3,0.0,6,3,BA053,SB075,BA006,n,,0.15,0.0,speeches,4.03
C_prose_ngram,alter,20,y,11,9,0,0,1.4,3.0,0.0,0.0,5,2,BB032,BB038,BA074,n,,0.1,0.0,books,2.2
C_prose_ngram,anti-graft law,20,y,17,3,0,0,2.1,1.0,0.0,0.0,2,2,BA080,CA429,CA391,n,,0.2,0.05,columns,0.47
C_prose_ngram,appropriate,20,y,14,5,1,0,1.7,1.7,0.7,0.0,4,2,BB032,CA443,BB020,n,,0.2,0.05,columns,0.96
C_prose_ngram,arbitral award,20,y,19,0,1,0,2.4,0.0,0.7,0.0,0,1,CA010,CA314,CA237,y,international_law_disputes,0.1,0.0,columns,0.0
C_prose_ngram,artemio,20,y,4,4,6,6,0.5,1.3,3.9,17.1,2,4,BC019,GC021,CA351,n,,0.05,0.0,biography,2.69
C_prose_ngram,arts,20,y,4,6,6,4,0.5,2.0,3.9,11.4,6,4,BC041,BC019,BC040,n,,0.1,0.0,biography,4.03
C_prose_ngram,asia foundation,20,y,1,18,1,0,0.1,6.0,0.7,0.0,7,1,BD039,BD049,BD064,n,,0.2,0.0,books,48.34
C_prose_ngram,aspiration,20,y,11,2,7,0,1.4,0.7,4.6,0.0,2,2,SD087,SA056,CA092,n,,0.05,0.0,speeches,0.49
C_prose_ngram,assistant,20,y,11,2,4,3,1.4,0.7,2.6,8.6,2,3,CE042,SC046,GC030,n,,0.1,0.0,biography,0.49
C_prose_ngram,attempts,20,y,14,4,2,0,1.7,1.3,1.3,0.0,4,2,BD054,CE028,CA400,n,,0.05,0.0,columns,0.77
C_prose_ngram,attendance,20,y,7,4,6,3,0.9,1.3,3.9,8.6,3,4,SD016,BA077,CD027,n,,0.35,0.0,biography,1.53
C_prose_ngram,begin,20,y,10,6,3,1,1.2,2.0,2.0,2.9,5,3,CC101,BD045,BA055,n,,0.05,0.05,biography,1.61
C_prose_ngram,belongs,20,y,11,8,1,0,1.4,2.7,0.7,0.0,5,2,BA100,CA427,CC101,n,,0.1,0.0,books,1.95
C_prose_ngram,binay,20,y,15,3,2,0,1.9,1.0,1.3,0.0,1,2,CA329,CE046,BE018,n,,0.05,0.05,columns,0.54
C_prose_ngram,bishops,20,y,7,8,4,1,0.9,2.7,2.6,2.9,3,3,BC030,SA052,CC089,n,,0.05,0.0,biography,3.07
C_prose_ngram,black,20,y,14,1,4,1,1.7,0.3,2.6,2.9,1,2,BA084,CA188,CA348,n,,0.2,0.0,biography,0.19
C_prose_ngram,california,20,y,13,5,1,1,1.6,1.7,0.7,2.9,5,2,BA037,BD071,CA379,n,,0.4,0.0,biography,1.03
C_prose_ngram,canons,20,y,5,13,2,0,0.6,4.3,1.3,0.0,7,2,BD055,BD039,BB031,n,,0.4,0.1,books,6.98
C_prose_ngram,chambers,20,y,13,4,1,2,1.6,1.3,0.7,5.7,4,2,BD028,BA077,CA439,n,,0.05,0.0,biography,0.83
C_prose_ngram,cities,20,y,13,5,2,0,1.6,1.7,1.3,0.0,2,2,CA233,CA326,CA439,n,,0.25,0.05,books,1.03
C_prose_ngram,civil liberties,20,y,2,10,8,0,0.2,3.3,5.2,0.0,6,2,BD059,BD060,SB075,n,,0.0,0.0,speeches,13.43
C_prose_ngram,communications,20,y,11,4,5,0,1.4,1.3,3.3,0.0,2,3,BB038,CA368,SA078,n,,0.1,0.0,speeches,0.98
C_prose_ngram,communities,20,y,7,10,3,0,0.9,3.3,2.0,0.0,6,3,BD059,BD056,BB031,n,,0.2,0.0,books,3.84
C_prose_ngram,competition,20,y,7,10,3,0,0.9,3.3,2.0,0.0,7,3,BB028,BB013,CA420,n,,0.1,0.0,books,3.84
C_prose_ngram,composed,20,y,10,5,4,1,1.2,1.7,2.6,2.9,4,3,BA078,BB013,GC031,n,,0.1,0.0,biography,1.34
C_prose_ngram,concluding,20,y,3,14,1,2,0.4,4.7,0.7,5.7,8,2,BA057,BA089,BB012,n,,0.2,0.0,biography,12.53
C_prose_ngram,concurring opinion,20,y,5,15,0,0,0.6,5.0,0.0,0.0,8,2,BA100,BA057,BA091,n,,0.15,0.0,books,8.06
C_prose_ngram,conflicts,20,y,8,9,3,0,1.0,3.0,2.0,0.0,5,3,BA097,BD070,CA439,n,,0.3,0.05,books,3.02
C_prose_ngram,contribution,20,y,7,5,7,1,0.9,1.7,4.6,2.9,5,3,BD049,CA092,SB040,n,,0.25,0.05,speeches,1.92
C_prose_ngram,conversation,20,y,8,7,2,3,1.0,2.3,1.3,8.6,5,3,BD055,BD020,GC030,n,,0.15,0.05,biography,2.35
C_prose_ngram,conversion,20,y,8,7,4,1,1.0,2.3,2.6,2.9,3,3,BC030,BC029,GC027,n,,0.1,0.05,biography,2.35
C_prose_ngram,counter,20,y,13,3,3,1,1.6,1.0,2.0,2.9,3,3,BB013,CA333,CC061,n,,0.1,0.05,biography,0.62
C_prose_ngram,country's,20,y,4,13,3,0,0.5,4.3,2.0,0.0,5,3,BD053,SB075,BC043,n,,0.05,0.0,books,8.73
C_prose_ngram,dangerous,20,y,6,11,2,1,0.7,3.7,1.3,2.9,7,2,BA057,BD058,BA056,n,,0.3,0.0,books,4.92
C_prose_ngram,deceased,20,y,11,2,6,1,1.4,0.7,3.9,2.9,1,2,CA433,SE036,SC025,n,,0.15,0.05,speeches,0.49
C_prose_ngram,decides,20,y,11,9,0,0,1.4,3.0,0.0,0.0,5,2,BD028,BD046,CA203,n,,0.3,0.05,books,2.2
C_prose_ngram,defines,20,y,2,15,3,0,0.2,5.0,2.0,0.0,7,2,BB027,BB032,BA055,n,,0.2,0.05,books,20.14
C_prose_ngram,deliver,20,y,7,8,4,1,0.9,2.7,2.6,2.9,6,3,BA077,BA087,BD035,n,,0.3,0.0,biography,3.07
C_prose_ngram,design,20,y,9,6,4,1,1.1,2.0,2.6,2.9,5,3,BD061,BD063,CA043,n,,0.1,0.0,biography,1.79
C_prose_ngram,difference,20,y,6,10,4,0,0.7,3.3,2.6,0.0,7,3,BA084,BA035,SB075,n,,0.15,0.0,books,4.48
C_prose_ngram,discussion,20,y,7,12,0,1,0.9,4.0,0.0,2.9,8,2,BD059,BD028,BA057,n,,0.15,0.0,books,4.6
C_prose_ngram,dockets,20,y,6,13,0,1,0.7,4.3,0.0,2.9,7,2,BD039,BD053,BA077,n,,0.35,0.0,books,5.82
C_prose_ngram,donor,20,y,7,8,4,1,0.9,2.7,2.6,2.9,5,3,BD039,BD067,BD051,n,,0.15,0.0,biography,3.07
C_prose_ngram,enacted,20,y,10,7,3,0,1.2,2.3,2.0,0.0,5,3,CA430,BA094,BA063,n,,0.3,0.0,books,1.88
C_prose_ngram,enforced,20,y,11,6,3,0,1.4,2.0,2.0,0.0,5,3,BA086,BD064,CA382,n,,0.2,0.05,books,1.46
C_prose_ngram,enter,20,y,10,7,3,0,1.2,2.3,2.0,0.0,6,3,BB012,BB032,CC101,n,,0.1,0.0,books,1.88
C_prose_ngram,error,20,y,6,13,1,0,0.7,4.3,0.7,0.0,8,2,BD028,BA057,BA059,n,,0.25,0.0,books,5.82
C_prose_ngram,evaluation,20,y,11,9,0,0,1.4,3.0,0.0,0.0,4,2,BA082,BA092,CA435,n,,0.25,0.0,books,2.2
C_prose_ngram,evidentiary,20,y,12,8,0,0,1.5,2.7,0.0,0.0,4,2,BA082,CA306,CA254,n,,0.3,0.1,books,1.79
C_prose_ngram,executed,20,y,5,13,1,1,0.6,4.3,0.7,2.9,6,2,BA032,BA037,BB019,n,,0.25,0.05,books,6.98
C_prose_ngram,exist,20,y,6,9,4,1,0.7,3.0,2.6,2.9,5,3,BA100,BA082,BA039,n,,0.2,0.05,books,4.03
C_prose_ngram,expansion,20,y,15,1,2,2,1.9,0.3,1.3,5.7,1,1,CA420,SD027,SD035,n,,0.2,0.05,biography,0.18
C_prose_ngram,faculty,20,y,8,7,4,1,1.0,2.3,2.6,2.9,5,3,BC045,SD044,BC041,n,,0.1,0.0,biography,2.35
C_prose_ngram,favorite,20,y,8,4,5,3,1.0,1.3,3.3,8.6,3,4,BB012,BC031,SC125,n,,0.05,0.0,biography,1.34
C_prose_ngram,favors,20,y,9,10,0,1,1.1,3.3,0.0,2.9,7,2,BA055,BB021,BA059,n,,0.15,0.0,books,2.98
C_prose_ngram,fell,20,y,4,11,4,1,0.5,3.7,2.6,2.9,5,3,BB019,BB021,BA086,n,,0.2,0.0,books,7.39
C_prose_ngram,fellow,20,y,9,5,6,0,1.1,1.7,3.9,0.0,4,3,CA068,SD148,BC036,n,,0.25,0.1,speeches,1.49
C_prose_ngram,fidelity,20,y,7,8,5,0,0.9,2.7,3.3,0.0,5,3,BD057,BA035,BD055,n,,0.45,0.05,speeches,3.07
C_prose_ngram,fr michael,20,y,7,2,9,2,0.9,0.7,5.9,5.7,2,2,BC045,BC041,SA052,n,,0.0,0.0,speeches,0.77
C_prose_ngram,fr michael nolan,20,y,7,2,9,2,0.9,0.7,5.9,5.7,2,2,BC045,BC041,SA052,n,,0.0,0.0,speeches,0.77
C_prose_ngram,freedom and food,20,y,12,1,7,0,1.5,0.3,4.6,0.0,1,2,SB028,SB051,SA134,y,twin_beacons_doctrine,0.0,0.0,speeches,0.22
C_prose_ngram,gift,20,y,8,2,9,1,1.0,0.7,5.9,2.9,1,2,BC039,SB050,SC061,n,,0.05,0.0,speeches,0.67
C_prose_ngram,gifts,20,y,10,2,7,1,1.2,0.7,4.6,2.9,2,2,BC039,GC027,SC135,n,,0.2,0.0,speeches,0.54
C_prose_ngram,helped,20,y,3,8,8,1,0.4,2.7,5.2,2.9,6,3,CA434,BD064,BD067,n,,0.15,0.05,speeches,7.16
C_prose_ngram,herrera,20,y,8,10,2,0,1.0,3.3,1.3,0.0,4,2,BD052,BD044,BD063,n,,0.3,0.05,books,3.36
C_prose_ngram,humility,20,y,8,7,3,2,1.0,2.3,2.0,5.7,6,3,GC026,GC031,CA351,n,,0.1,0.0,biography,2.35
C_prose_ngram,implied,20,y,11,8,1,0,1.4,2.7,0.7,0.0,4,2,BB018,BA074,BD071,n,,0.35,0.0,books,1.95
C_prose_ngram,inaugural,20,y,5,5,10,0,0.6,1.7,6.5,0.0,4,3,BD056,SD087,BD049,n,,0.05,0.0,speeches,2.69
C_prose_ngram,indictment,20,y,15,5,0,0,1.9,1.7,0.0,0.0,5,2,BD028,BA082,CA425,n,,0.1,0.0,columns,0.9
C_prose_ngram,indonesia,20,y,13,3,4,0,1.6,1.0,2.6,0.0,3,3,BD053,CA420,CE110,n,,0.15,0.0,speeches,0.62
C_prose_ngram,inspired,20,y,8,3,7,2,1.0,1.0,4.6,5.7,2,3,SD016,BC043,SD027,n,,0.05,0.0,biography,1.01
C_prose_ngram,invalid,20,y,6,13,1,0,0.7,4.3,0.7,0.0,6,2,BA056,BB019,BB021,n,,0.25,0.0,books,5.82
C_prose_ngram,investigations,20,y,10,9,1,0,1.2,3.0,0.7,0.0,4,2,CA429,BA091,BA092,n,,0.05,0.0,books,2.42
C_prose_ngram,jardeleza,20,y,20,0,0,0,2.5,0.0,0.0,0.0,0,1,CA186,CE093,CA488,n,,0.1,0.0,columns,0.0
C_prose_ngram,justice and faith,20,y,2,17,1,0,0.2,5.7,0.7,0.0,4,1,BD021,BC046,BD020,y,faith_journey,0.05,0.0,books,22.83
C_prose_ngram,justified,20,y,4,15,1,0,0.5,5.0,0.7,0.0,8,2,BA100,BA091,BB013,n,,0.15,0.0,books,10.07
C_prose_ngram,keeping,20,y,6,12,1,1,0.7,4.0,0.7,2.9,7,2,BD057,BB013,BD061,n,,0.35,0.05,books,5.37
C_prose_ngram,keynote address,20,y,0,6,14,0,0.0,2.0,9.2,0.0,3,2,BD053,BB031,SA134,n,,0.2,0.1,speeches,inf
C_prose_ngram,killing,20,y,11,9,0,0,1.4,3.0,0.0,0.0,5,2,BA041,BA092,BA054,n,,0.1,0.0,books,2.2
C_prose_ngram,korea,20,y,10,5,5,0,1.2,1.7,3.3,0.0,5,3,SB051,CA420,SB028,n,,0.05,0.0,speeches,1.34
C_prose_ngram,lawmakers,20,y,16,2,2,0,2.0,0.7,1.3,0.0,2,1,CA147,CA132,CA446,n,,0.1,0.0,columns,0.34
C_prose_ngram,libel,20,y,16,3,1,0,2.0,1.0,0.7,0.0,3,2,CA131,BA032,CA213,n,,0.15,0.0,columns,0.5
C_prose_ngram,liberty and nurturing,20,y,5,7,8,0,0.6,2.3,5.2,0.0,3,3,BD062,BD056,BD070,n,,0.05,0.0,speeches,3.76
C_prose_ngram,lina,20,y,12,0,8,0,1.5,0.0,5.2,0.0,0,2,SC005,CC098,SC091,n,,0.1,0.0,speeches,0.0
C_prose_ngram,local government,20,y,8,11,1,0,1.0,3.7,0.7,0.0,7,2,BB017,BD039,BA074,n,,0.35,0.05,books,3.69
C_prose_ngram,loving,20,y,5,8,7,0,0.6,2.7,4.6,0.0,4,3,BA030,CC019,BC004,n,,0.05,0.05,speeches,4.3
C_prose_ngram,maguindanao,20,y,18,2,0,0,2.2,0.7,0.0,0.0,1,1,CA374,CA375,CA428,n,,0.2,0.1,columns,0.3
C_prose_ngram,marital,20,y,10,7,2,1,1.2,2.3,1.3,2.9,6,2,BA066,BA015,CA118,n,,0.35,0.05,biography,1.88
C_prose_ngram,maritime,20,y,20,0,0,0,2.5,0.0,0.0,0.0,0,1,CA365,CA450,CA010,n,,0.0,0.0,columns,0.0
C_prose_ngram,martin,20,y,13,4,3,0,1.6,1.3,2.0,0.0,4,3,BD034,CE093,CE120,n,,0.1,0.0,speeches,0.83
C_prose_ngram,marvic,20,y,19,1,0,0,2.4,0.3,0.0,0.0,1,1,CA203,CA121,CA368,n,,0.15,0.0,columns,0.14
C_prose_ngram,match,20,y,9,10,0,1,1.1,3.3,0.0,2.9,9,2,BA032,BA041,BA056,n,,0.15,0.05,books,2.98
C_prose_ngram,mentor,20,y,8,2,7,3,1.0,0.7,4.6,8.6,2,3,GC026,BC007,SC125,y,mentors_and_legal_lineage,0.0,0.0,biography,0.67
C_prose_ngram,michael nolan,20,y,7,2,9,2,0.9,0.7,5.9,5.7,2,2,BC045,BC041,SA052,n,,0.0,0.0,speeches,0.77
C_prose_ngram,minute,20,y,7,8,2,3,0.9,2.7,1.3,8.6,5,3,BD028,BD020,CA207,n,,0.15,0.0,biography,3.07
C_prose_ngram,moved,20,y,6,10,4,0,0.7,3.3,2.6,0.0,5,3,BD057,BD058,SD016,n,,0.2,0.0,books,4.48
C_prose_ngram,music,20,y,5,5,9,1,0.6,1.7,5.9,2.9,5,3,SC007,CA351,BC039,n,,0.05,0.0,speeches,2.69
C_prose_ngram,national union,20,y,10,4,4,2,1.2,1.3,2.6,5.7,4,3,CA434,BC019,SC061,n,,0.15,0.05,biography,1.07
C_prose_ngram,night,20,y,6,5,5,4,0.7,1.7,3.3,11.4,5,4,BA078,GC021,BC030,n,,0.05,0.0,biography,2.24
C_prose_ngram,nlrc,20,y,7,13,0,0,0.9,4.3,0.0,0.0,8,2,BA032,BD028,BD034,n,,0.3,0.05,books,4.99
C_prose_ngram,nuclear,20,y,14,3,3,0,1.7,1.0,2.0,0.0,3,3,SE038,BB020,BA100,n,,0.2,0.0,speeches,0.58
C_prose_ngram,numbers,20,y,12,7,0,1,1.5,2.3,0.0,2.9,5,2,BD039,BD028,BD068,n,,0.1,0.0,biography,1.57
C_prose_ngram,ongoing,20,y,10,9,1,0,1.2,3.0,0.7,0.0,6,2,BD054,BA084,CE096,n,,0.1,0.0,books,2.42
C_prose_ngram,opposing,20,y,9,8,2,1,1.1,2.7,1.3,2.9,6,2,BA084,BB013,BD058,n,,0.1,0.0,biography,2.39
C_prose_ngram,palace,20,y,11,6,3,0,1.4,2.0,2.0,0.0,2,3,BA036,CA236,BE010,n,,0.1,0.05,books,1.46
C_prose_ngram,pampanga,20,y,4,6,9,1,0.5,2.0,5.9,2.9,3,3,BD049,BD052,SC007,n,,0.0,0.0,speeches,4.03
C_prose_ngram,parameters,20,y,6,13,1,0,0.7,4.3,0.7,0.0,7,2,BA032,BA100,BA072,n,,0.1,0.05,books,5.82
C_prose_ngram,payment,20,y,12,7,0,1,1.5,2.3,0.0,2.9,4,2,BA057,BB029,BB021,n,,0.4,0.05,biography,1.57
C_prose_ngram,pivot,20,y,13,0,1,6,1.6,0.0,0.7,17.1,0,2,CA338,CE081,GC030,n,,0.25,0.0,biography,0.0
C_prose_ngram,pontifical,20,y,7,3,7,3,0.9,1.0,4.6,8.6,2,4,BC045,BC019,SC061,n,,0.0,0.0,biography,1.15
C_prose_ngram,pontifical council,20,y,7,3,7,3,0.9,1.0,4.6,8.6,2,4,BC045,BC019,SC061,y,faith_journey,0.0,0.0,biography,1.15
C_prose_ngram,possibility,20,y,11,2,5,2,1.4,0.7,3.3,5.7,2,2,CA187,CD027,GC027,n,,0.15,0.0,biography,0.49
C_prose_ngram,posture,20,y,12,3,0,5,1.5,1.0,0.0,14.3,3,3,BB038,CA087,BA039,n,,0.25,0.0,biography,0.67
C_prose_ngram,precincts,20,y,13,6,1,0,1.6,2.0,0.7,0.0,5,2,CA326,BA063,CA275,n,,0.3,0.0,books,1.24
C_prose_ngram,pressure,20,y,8,9,1,2,1.0,3.0,0.7,5.7,7,2,BA036,BE025,BA079,n,,0.2,0.0,biography,3.02
C_prose_ngram,pretrial,20,y,10,9,1,0,1.2,3.0,0.7,0.0,7,2,BD035,BD053,BD049,n,,0.25,0.0,books,2.42
C_prose_ngram,priests,20,y,6,9,5,0,0.7,3.0,3.3,0.0,4,3,BC030,BB012,BC029,n,,0.2,0.05,speeches,4.03
C_prose_ngram,printing,20,y,10,10,0,0,1.2,3.3,0.0,0.0,3,2,BA063,BE014,BE024,n,,0.35,0.05,books,2.69
C_prose_ngram,proven competence integrity,20,y,15,3,2,0,1.9,1.0,1.3,0.0,1,2,BA005,BD008,CA269,n,,0.0,0.0,columns,0.54
C_prose_ngram,qualifying,20,y,9,10,1,0,1.1,3.3,0.7,0.0,9,2,BA092,BA083,BA037,n,,0.2,0.15,books,2.98
C_prose_ngram,race,20,y,9,10,1,0,1.1,3.3,0.7,0.0,5,2,BE007,CA049,BE019,n,,0.2,0.05,books,2.98
C_prose_ngram,rare,20,y,7,6,4,3,0.9,2.0,2.6,8.6,5,4,BD028,BA006,BA084,n,,0.1,0.05,biography,2.3
C_prose_ngram,ready,20,y,7,6,7,0,0.9,2.0,4.6,0.0,5,3,BD070,BA005,BA028,n,,0.1,0.0,speeches,2.3
C_prose_ngram,recently,20,y,11,2,7,0,1.4,0.7,4.6,0.0,2,2,CD027,SA139,SC090,n,,0.2,0.1,speeches,0.49
C_prose_ngram,recounts,20,y,0,20,0,0,0.0,6.7,0.0,0.0,6,1,BD054,BB027,BA080,n,,0.15,0.05,books,inf
C_prose_ngram,referral,20,y,10,9,1,0,1.2,3.0,0.7,0.0,7,2,BA057,BD049,CA044,n,,0.2,0.05,books,2.42
C_prose_ngram,region,20,y,6,13,1,0,0.7,4.3,0.7,0.0,8,2,BD034,BA097,BD070,n,,0.25,0.0,books,5.82
C_prose_ngram,rehabilitation,20,y,8,10,2,0,1.0,3.3,1.3,0.0,6,2,BD053,BD039,BA077,n,,0.25,0.0,books,3.36
C_prose_ngram,reliance,20,y,11,7,1,1,1.4,2.3,0.7,2.9,5,2,BA057,BA056,BA104,n,,0.15,0.0,biography,1.71
C_prose_ngram,rests,20,y,5,14,1,0,0.6,4.7,0.7,0.0,9,2,BA097,SB075,BA082,n,,0.2,0.0,books,7.52
C_prose_ngram,resulting,20,y,13,7,0,0,1.6,2.3,0.0,0.0,5,2,BD053,CA400,CA086,n,,0.15,0.0,books,1.45
C_prose_ngram,retain,20,y,11,7,2,0,1.4,2.3,1.3,0.0,6,2,BA041,BB013,CC101,n,,0.2,0.0,books,1.71
C_prose_ngram,revilla,20,y,19,0,1,0,2.4,0.0,0.7,0.0,0,1,CA374,CA410,CA392,n,,0.15,0.0,columns,0.0
C_prose_ngram,ricardo,20,y,7,7,4,2,0.9,2.3,2.6,5.7,5,3,SD016,BD036,BD044,n,,0.1,0.0,biography,2.69
C_prose_ngram,root,20,y,13,7,0,0,1.6,2.3,0.0,0.0,4,2,BB012,BD060,CA118,n,,0.3,0.05,books,1.45
C_prose_ngram,runs,20,y,5,12,3,0,0.6,4.0,2.0,0.0,4,3,BD045,BC036,BE009,n,,0.1,0.0,books,6.45
C_prose_ngram,sale,20,y,7,12,1,0,0.9,4.0,0.7,0.0,7,2,BB018,BB033,BA056,n,,0.25,0.0,books,4.6
C_prose_ngram,salvador,20,y,10,1,8,1,1.2,0.3,5.2,2.9,1,2,SA056,SA102,SA015,n,,0.05,0.0,speeches,0.27
C_prose_ngram,sections,20,y,6,14,0,0,0.7,4.7,0.0,0.0,5,2,BB013,BB033,BA086,n,,0.25,0.0,books,6.27
C_prose_ngram,senatorial,20,y,13,6,1,0,1.6,2.0,0.7,0.0,3,2,CA458,BE018,CA367,n,,0.1,0.05,books,1.24
C_prose_ngram,spanish,20,y,13,3,4,0,1.6,1.0,2.6,0.0,2,3,BB006,CA420,CA345,n,,0.15,0.0,speeches,0.62
C_prose_ngram,spoke,20,y,7,5,5,3,0.9,1.7,3.3,8.6,3,4,CA453,BD052,BD061,n,,0.15,0.05,biography,1.92
C_prose_ngram,state's,20,y,9,11,0,0,1.1,3.7,0.0,0.0,8,2,BB032,BB033,BB019,n,,0.1,0.0,books,3.28
C_prose_ngram,style,20,y,9,10,1,0,1.1,3.3,0.7,0.0,6,2,BD034,BA032,BA041,n,,0.15,0.05,books,2.98
C_prose_ngram,sure,20,y,10,7,3,0,1.2,2.3,2.0,0.0,3,3,BB029,BA087,CA404,n,,0.15,0.0,books,1.88
C_prose_ngram,sustained,20,y,4,13,0,3,0.5,4.3,0.0,8.6,7,3,BA100,BD067,BA074,n,,0.05,0.0,biography,8.73
C_prose_ngram,teacher,20,y,3,9,7,1,0.4,3.0,4.6,2.9,4,3,BC023,SA105,GC021,n,,0.2,0.0,speeches,8.06
C_prose_ngram,teachers,20,y,9,6,5,0,1.1,2.0,3.3,0.0,6,3,SB079,SA136,SB050,n,,0.25,0.0,speeches,1.79
C_prose_ngram,tension,20,y,12,6,2,0,1.5,2.0,1.3,0.0,5,2,BD059,CA488,BA092,n,,0.3,0.05,books,1.34
C_prose_ngram,teresita,20,y,18,0,2,0,2.2,0.0,1.3,0.0,0,1,CE093,CA267,SA041,n,,0.1,0.0,columns,0.0
C_prose_ngram,tool,20,y,7,11,2,0,0.9,3.7,1.3,0.0,5,2,BB027,BA100,BD065,n,,0.25,0.0,books,4.22
C_prose_ngram,totally,20,y,8,11,1,0,1.0,3.7,0.7,0.0,6,2,BA036,BA100,BA073,n,,0.25,0.1,books,3.69
C_prose_ngram,treaties,20,y,15,5,0,0,1.9,1.7,0.0,0.0,5,2,BB020,BA082,CE081,n,,0.1,0.0,columns,0.9
C_prose_ngram,trials,20,y,16,2,2,0,2.0,0.7,1.3,0.0,2,1,CA217,CA428,CA420,n,,0.25,0.0,columns,0.34
C_prose_ngram,utilities,20,y,11,6,3,0,1.4,2.0,2.0,0.0,5,3,SA095,SB075,BA100,n,,0.1,0.0,books,1.46
C_prose_ngram,wedding,20,y,8,3,7,2,1.0,1.0,4.6,5.7,3,3,BC045,SC023,SC032,n,,0.0,0.0,biography,1.01
C_prose_ngram,weigh,20,y,5,10,5,0,0.6,3.3,3.3,0.0,4,3,BA097,BA100,BD070,n,,0.1,0.0,books,5.37
C_prose_ngram,worldwide,20,y,6,8,5,1,0.7,2.7,3.3,2.9,5,3,SA052,CE096,BD013,n,,0.0,0.0,speeches,3.58
C_prose_ngram,activist,19,y,9,5,4,1,1.1,1.7,2.6,2.9,4,3,BD064,CB018,BA084,n,,0.105,0.0,biography,1.49
C_prose_ngram,agrees,19,y,15,4,0,0,1.9,1.3,0.0,0.0,3,2,BA036,CA382,CA102,n,,0.105,0.0,columns,0.72
C_prose_ngram,alexander gesmundo,19,y,13,0,6,0,1.6,0.0,3.9,0.0,0,2,CA092,SC025,SA015,n,,0.053,0.0,speeches,0.0
C_prose_ngram,allies,19,y,12,6,1,0,1.5,2.0,0.7,0.0,3,2,BC043,CA338,SA041,n,,0.211,0.0,books,1.34
C_prose_ngram,applying,19,y,2,14,3,0,0.2,4.7,2.0,0.0,9,2,BA032,BD058,BA055,n,,0.263,0.053,books,18.8
C_prose_ngram,appreciation,19,y,7,9,2,1,0.9,3.0,1.3,2.9,7,2,BB012,BA097,BA057,n,,0.421,0.0,books,3.45
C_prose_ngram,appropriations,19,y,15,4,0,0,1.9,1.3,0.0,0.0,3,2,BD034,CA405,CA388,n,,0.105,0.0,columns,0.72
C_prose_ngram,balancing,19,y,10,9,0,0,1.2,3.0,0.0,0.0,6,2,CA432,BB032,BD070,n,,0.105,0.0,books,2.42
C_prose_ngram,bar council,19,y,2,15,1,1,0.2,5.0,0.7,2.9,8,1,BD034,BD053,BD049,n,,0.053,0.0,books,20.14
C_prose_ngram,benjamin,19,y,17,2,0,0,2.1,0.7,0.0,0.0,2,1,CE022,CA356,BE012,n,,0.158,0.0,columns,0.32
C_prose_ngram,biography,19,y,11,2,4,2,1.4,0.7,2.6,5.7,2,2,SC090,SC058,CA128,n,,0.158,0.0,biography,0.49
C_prose_ngram,bodies,19,y,9,9,0,1,1.1,3.0,0.0,2.9,6,2,BD035,BB033,BB006,n,,0.211,0.053,books,2.69
C_prose_ngram,bongbong,19,y,17,0,2,0,2.1,0.0,1.3,0.0,0,1,CA329,CA326,CA233,n,,0.158,0.0,columns,0.0
C_prose_ngram,bukas,19,y,2,7,8,2,0.2,2.3,5.2,5.7,5,2,SC081,BC045,BC028,n,,0.0,0.0,biography,9.4
C_prose_ngram,bukas loob,19,y,2,7,8,2,0.2,2.3,5.2,5.7,5,2,SC081,BC045,BC028,n,,0.0,0.0,biography,9.4
C_prose_ngram,bukas loob sa,19,y,2,7,8,2,0.2,2.3,5.2,5.7,5,2,SC081,BC045,BC028,n,,0.0,0.0,biography,9.4
C_prose_ngram,cars,19,y,11,4,4,0,1.4,1.3,2.6,0.0,3,3,SB075,BD036,SA111,n,,0.105,0.053,speeches,0.98
C_prose_ngram,cast,19,y,6,11,1,1,0.7,3.7,0.7,2.9,6,2,BA078,BE007,CA458,n,,0.263,0.0,books,4.92
C_prose_ngram,combined,19,y,10,5,4,0,1.2,1.7,2.6,0.0,5,3,BA039,CC091,CA110,n,,0.158,0.0,speeches,1.34
C_prose_ngram,comply,19,y,12,4,3,0,1.5,1.3,2.0,0.0,3,3,SA095,BA099,CA425,n,,0.158,0.105,speeches,0.9
C_prose_ngram,congressmen,19,y,11,5,3,0,1.4,1.7,2.0,0.0,3,3,CA435,BE007,CA063,n,,0.211,0.053,speeches,1.22
C_prose_ngram,consensus,19,y,9,6,4,0,1.1,2.0,2.6,0.0,4,3,SA015,BA005,CA390,n,,0.105,0.0,speeches,1.79
C_prose_ngram,consolidated,19,y,10,8,1,0,1.2,2.7,0.7,0.0,4,2,BA089,BB042,BA099,n,,0.211,0.0,books,2.15
C_prose_ngram,content,19,y,13,6,0,0,1.6,2.0,0.0,0.0,4,2,BD021,CB018,BA099,n,,0.211,0.053,books,1.24
C_prose_ngram,controlling,19,y,10,7,2,0,1.2,2.3,1.3,0.0,4,2,BA100,BA041,BB024,n,,0.211,0.053,books,1.88
C_prose_ngram,copies,19,y,11,7,0,1,1.4,2.3,0.0,2.9,5,2,BD045,CA053,BA033,n,,0.158,0.0,biography,1.71
C_prose_ngram,courageous,19,y,6,7,6,0,0.7,2.3,3.9,0.0,4,3,BD062,BD070,BD039,n,,0.053,0.053,speeches,3.13
C_prose_ngram,cross,19,y,8,7,3,1,1.0,2.3,2.0,2.9,3,3,CC019,BC016,SC010,n,,0.053,0.0,biography,2.35
C_prose_ngram,cross-examination,19,y,15,3,0,1,1.9,1.0,0.0,2.9,3,2,CA413,BD036,CA474,n,,0.211,0.0,biography,0.54
C_prose_ngram,daily inquirer,19,y,1,8,7,3,0.1,2.7,4.6,8.6,6,3,BD034,SC090,BC019,n,,0.053,0.0,biography,21.48
C_prose_ngram,decade,19,y,8,4,6,1,1.0,1.3,3.9,2.9,3,3,BD054,SD026,SB006,n,,0.105,0.0,speeches,1.34
C_prose_ngram,deep,19,y,4,5,9,1,0.5,1.7,5.9,2.9,4,3,BD063,BC006,SC029,n,,0.211,0.053,speeches,3.36
C_prose_ngram,defer,19,y,5,6,7,1,0.6,2.0,4.6,2.9,4,3,SA095,CB018,BA011,n,,0.0,0.0,speeches,3.22
C_prose_ngram,deference,19,y,5,11,1,2,0.6,3.7,0.7,5.7,6,2,BD059,BA032,BD060,y,judicial_activism_and_political_question,0.105,0.0,biography,5.91
C_prose_ngram,del castillo,19,y,15,4,0,0,1.9,1.3,0.0,0.0,1,2,CC106,CA186,CE093,n,,0.105,0.0,columns,0.72
C_prose_ngram,demanded,19,y,2,14,2,1,0.2,4.7,1.3,2.9,7,1,BD054,BB031,BA055,n,,0.053,0.0,books,18.8
C_prose_ngram,deprived,19,y,11,6,2,0,1.4,2.0,1.3,0.0,5,2,BA091,CA022,CE095,n,,0.053,0.053,books,1.46
C_prose_ngram,describes,19,y,0,18,1,0,0.0,6.0,0.7,0.0,7,1,BD054,BB031,BB027,n,,0.158,0.053,books,inf
C_prose_ngram,developed,19,y,5,11,3,0,0.6,3.7,2.0,0.0,7,3,BB028,BD020,CB018,n,,0.0,0.0,books,5.91
C_prose_ngram,diosdado,19,y,14,4,1,0,1.7,1.3,0.7,0.0,3,2,CA128,CA186,CC061,n,,0.053,0.0,columns,0.77
C_prose_ngram,earned,19,y,6,6,5,2,0.7,2.0,3.3,5.7,3,3,BD053,CB018,BD049,n,,0.105,0.053,biography,2.69
C_prose_ngram,edgardo,19,y,12,3,3,1,1.5,1.0,2.0,2.9,3,3,CC076,CA357,BA080,n,,0.053,0.0,biography,0.67
C_prose_ngram,editor,19,y,11,2,5,1,1.4,0.7,3.3,2.9,2,2,SC025,CC072,SA043,n,,0.105,0.105,speeches,0.49
C_prose_ngram,eligibility,19,y,16,3,0,0,2.0,1.0,0.0,0.0,3,2,CA362,CA353,CA165,n,,0.105,0.0,columns,0.5
C_prose_ngram,encounter,19,y,6,2,9,2,0.7,0.7,5.9,5.7,2,2,SC023,SC061,SC130,n,,0.0,0.0,speeches,0.9
C_prose_ngram,engineer,19,y,7,2,8,2,0.9,0.7,5.2,5.7,1,2,BC045,CC006,SB079,n,,0.0,0.0,biography,0.77
C_prose_ngram,esmel,19,y,10,0,9,0,1.2,0.0,5.9,0.0,0,2,SD016,SD021,CD017,y,msme_and_entrepreneurship,0.0,0.0,speeches,0.0
C_prose_ngram,estela,19,y,15,0,4,0,1.9,0.0,2.6,0.0,0,2,SD016,SD044,CC047,n,,0.0,0.0,speeches,0.0
C_prose_ngram,estela perlas-bernabe,19,y,15,0,4,0,1.9,0.0,2.6,0.0,0,2,SD016,SD044,CC047,n,,0.0,0.0,speeches,0.0
C_prose_ngram,eventual,19,y,9,8,0,2,1.1,2.7,0.0,5.7,6,2,BD070,BD064,BD049,n,,0.105,0.0,biography,2.39
C_prose_ngram,exhortation,19,y,9,9,0,1,1.1,3.0,0.0,2.9,6,2,BD055,BA006,BD013,n,,0.211,0.053,books,2.69
C_prose_ngram,experts,19,y,8,11,0,0,1.0,3.7,0.0,0.0,7,2,BD054,BD067,CA118,n,,0.263,0.0,books,3.69
C_prose_ngram,extending,19,y,8,10,1,0,1.0,3.3,0.7,0.0,6,2,BD054,BD056,BD064,n,,0.158,0.0,books,3.36
C_prose_ngram,extra,19,y,5,11,3,0,0.6,3.7,2.0,0.0,7,3,BD054,BA036,BD028,n,,0.105,0.053,books,5.91
C_prose_ngram,female,19,y,14,2,3,0,1.7,0.7,2.0,0.0,2,2,BD068,CC021,CE042,n,,0.105,0.0,speeches,0.38
C_prose_ngram,ferdinand,19,y,14,5,0,0,1.7,1.7,0.0,0.0,3,2,CA164,BB042,CA134,n,,0.158,0.0,columns,0.96
C_prose_ngram,field cjp's,19,y,0,19,0,0,0.0,6.4,0.0,0.0,1,1,BB028,BB027,BA084,n,,0.316,0.0,books,inf
C_prose_ngram,forced,19,y,10,9,0,0,1.2,3.0,0.0,0.0,7,2,BA036,BA055,BA080,n,,0.263,0.0,books,2.42
C_prose_ngram,foreigners,19,y,16,2,1,0,2.0,0.7,0.7,0.0,2,1,SA095,BA041,BB033,n,,0.158,0.0,columns,0.34
C_prose_ngram,foreword,19,y,6,4,8,1,0.7,1.3,5.2,2.9,3,3,SC090,SC058,SA020,n,,0.053,0.0,speeches,1.79
C_prose_ngram,forget,19,y,9,2,7,1,1.1,0.7,4.6,2.9,2,2,SC061,BC042,CA420,n,,0.105,0.053,speeches,0.6
C_prose_ngram,forms,19,y,9,7,3,0,1.1,2.3,2.0,0.0,5,3,BD028,CA186,CA175,n,,0.263,0.053,books,2.09
C_prose_ngram,forward,19,y,10,3,6,0,1.2,1.0,3.9,0.0,3,3,CA420,SC090,SC029,n,,0.053,0.0,speeches,0.81
C_prose_ngram,general assembly,19,y,11,2,6,0,1.4,0.7,3.9,0.0,2,2,SA015,CA092,SB073,n,,0.053,0.0,speeches,0.49
C_prose_ngram,global forum,19,y,10,0,9,0,1.2,0.0,5.9,0.0,0,2,SB075,SB085,SD082,n,,0.0,0.0,speeches,0.0
C_prose_ngram,hindi,19,y,7,4,8,0,0.9,1.3,5.2,0.0,3,3,SB079,SA102,SC116,n,,0.158,0.0,speeches,1.53
C_prose_ngram,honored,19,y,5,3,9,2,0.6,1.0,5.9,5.7,2,3,BD054,CC111,BD057,n,,0.105,0.0,speeches,1.61
C_prose_ngram,ideal,19,y,9,6,4,0,1.1,2.0,2.6,0.0,5,3,BD055,BA032,BD049,n,,0.105,0.053,speeches,1.79
C_prose_ngram,ideas,19,y,7,8,4,0,0.9,2.7,2.6,0.0,6,3,BA078,CC101,CA402,n,,0.211,0.053,books,3.07
C_prose_ngram,illness,19,y,11,6,1,1,1.4,2.0,0.7,2.9,5,2,SC025,GC032,CC001,n,,0.053,0.0,biography,1.46
C_prose_ngram,impeachment trial,19,y,15,3,1,0,1.9,1.0,0.7,0.0,2,2,CA511,CA029,CA498,y,impeachment_accountability,0.105,0.0,columns,0.54
C_prose_ngram,independence integrity,19,y,3,6,9,1,0.4,2.0,5.9,2.9,3,3,BD034,BD064,BD060,n,,0.053,0.0,speeches,5.37
C_prose_ngram,initiatives,19,y,9,6,4,0,1.1,2.0,2.6,0.0,4,3,BD059,BD039,SB075,n,,0.0,0.0,speeches,1.79
C_prose_ngram,issuance,19,y,7,12,0,0,0.9,4.0,0.0,0.0,6,2,BA100,BA057,BA069,n,,0.263,0.053,books,4.6
C_prose_ngram,kennedy,19,y,10,6,3,0,1.2,2.0,2.0,0.0,4,3,CC101,SB075,SD082,n,,0.105,0.0,books,1.61
C_prose_ngram,knowing,19,y,5,9,1,4,0.6,3.0,0.7,11.4,8,3,BD055,BC045,BA092,n,,0.158,0.053,biography,4.83
C_prose_ngram,lambino,19,y,14,2,3,0,1.7,0.7,2.0,0.0,1,2,CA440,CA187,CA322,n,,0.053,0.0,speeches,0.38
C_prose_ngram,latin,19,y,9,6,3,1,1.1,2.0,2.0,2.9,6,3,SA020,CE093,CC002,n,,0.105,0.0,biography,1.79
C_prose_ngram,lawful,19,y,12,7,0,0,1.5,2.3,0.0,0.0,4,2,BA057,CA104,BA103,n,,0.368,0.0,books,1.57
C_prose_ngram,legal philosophy,19,y,12,3,4,0,1.5,1.0,2.6,0.0,2,3,CB018,CC101,BD049,n,,0.0,0.0,speeches,0.67
C_prose_ngram,legality,19,y,8,9,1,1,1.0,3.0,0.7,2.9,6,2,BA036,BA084,BB020,n,,0.105,0.053,books,3.02
C_prose_ngram,libertarian,19,y,11,3,4,1,1.4,1.0,2.6,2.9,3,3,CB018,CA393,BD037,n,,0.105,0.0,biography,0.73
C_prose_ngram,likewise,19,y,5,9,5,0,0.6,3.0,3.3,0.0,5,3,CA433,BA070,SD087,n,,0.316,0.105,speeches,4.83
C_prose_ngram,limitation,19,y,11,7,1,0,1.4,2.3,0.7,0.0,5,2,BA100,BD058,BB038,n,,0.053,0.0,books,1.71
C_prose_ngram,loob sa,19,y,2,7,8,2,0.2,2.3,5.2,5.7,5,2,SC081,BC045,BC028,n,,0.0,0.0,biography,9.4
C_prose_ngram,loob sa diyos,19,y,2,7,8,2,0.2,2.3,5.2,5.7,5,2,SC081,BC045,BC028,n,,0.0,0.0,biography,9.4
C_prose_ngram,looking,19,y,8,5,6,0,1.0,1.7,3.9,0.0,4,3,SC090,BA030,SC029,n,,0.053,0.0,speeches,1.68
C_prose_ngram,macapagal,19,y,4,10,2,3,0.5,3.3,1.3,8.6,4,3,BA078,BD045,GC031,n,,0.105,0.0,biography,6.71
C_prose_ngram,macapagal-arroyo,19,y,10,8,1,0,1.2,2.7,0.7,0.0,3,2,CA186,CA426,CA049,y,philippine_political_landscape,0.0,0.0,books,2.15
C_prose_ngram,mapa,19,y,5,3,9,2,0.6,1.0,5.9,5.7,3,3,BC045,CC006,SB079,n,,0.0,0.0,speeches,1.61
C_prose_ngram,mention,19,y,14,2,2,1,1.7,0.7,1.3,2.9,2,1,CA022,CA128,CC005,n,,0.053,0.053,biography,0.38
C_prose_ngram,money cannot buy,19,y,2,8,7,2,0.2,2.7,4.6,5.7,7,2,BC046,SC064,GC026,n,,0.0,0.0,biography,10.74
C_prose_ngram,muslim,19,y,11,7,1,0,1.4,2.3,0.7,0.0,4,2,BA078,BB012,SA020,n,,0.105,0.0,books,1.71
C_prose_ngram,narrow,19,y,9,7,3,0,1.1,2.3,2.0,0.0,4,3,BA039,BA056,CA188,n,,0.105,0.053,books,2.09
C_prose_ngram,normal,19,y,7,8,3,1,0.9,2.7,2.0,2.9,4,3,CA433,CA024,BA003,n,,0.158,0.0,biography,3.07
C_prose_ngram,normally,19,y,9,8,1,1,1.1,2.7,0.7,2.9,6,2,BA078,CA428,BB029,n,,0.421,0.0,biography,2.39
C_prose_ngram,operate,19,y,8,9,2,0,1.0,3.0,1.3,0.0,5,2,CA420,SA078,BB029,n,,0.211,0.0,books,3.02
C_prose_ngram,opposed,19,y,11,5,3,0,1.4,1.7,2.0,0.0,4,3,BD034,CA385,BA081,n,,0.053,0.0,speeches,1.22
C_prose_ngram,orderly,19,y,9,7,3,0,1.1,2.3,2.0,0.0,4,3,BA023,CA326,BE020,n,,0.263,0.053,books,2.09
C_prose_ngram,oscar,19,y,8,5,5,1,1.0,1.7,3.3,2.9,3,3,CE088,SC097,BA030,n,,0.105,0.053,speeches,1.68
C_prose_ngram,partial,19,y,11,8,0,0,1.4,2.7,0.0,0.0,6,2,BA057,BB013,BB042,n,,0.158,0.0,books,1.95
C_prose_ngram,passive,19,y,7,10,2,0,0.9,3.3,1.3,0.0,7,2,BD028,BD056,BA078,n,,0.211,0.0,books,3.84
C_prose_ngram,perform,19,y,9,4,4,2,1.1,1.3,2.6,5.7,4,3,BA039,BB038,CC101,n,,0.158,0.053,biography,1.19
C_prose_ngram,persuasive,19,y,7,10,2,0,0.9,3.3,1.3,0.0,7,2,BA055,BB007,BA108,n,,0.105,0.0,books,3.84
C_prose_ngram,peso,19,y,9,5,2,3,1.1,1.7,1.3,8.6,3,3,BB012,BD056,SD016,n,,0.105,0.053,biography,1.49
C_prose_ngram,philippine daily inquirer,19,y,1,8,7,3,0.1,2.7,4.6,8.6,6,3,BD034,SC090,BC019,n,,0.053,0.0,biography,21.48
C_prose_ngram,playing field cjp's,19,y,0,19,0,0,0.0,6.4,0.0,0.0,1,1,BB028,BB027,BA084,n,,0.316,0.0,books,inf
C_prose_ngram,portion,19,y,10,8,1,0,1.2,2.7,0.7,0.0,6,2,BA100,BA090,BD020,n,,0.105,0.0,books,2.15
C_prose_ngram,possibly,19,y,15,4,0,0,1.9,1.3,0.0,0.0,3,2,CA188,BE007,CA109,n,,0.158,0.053,columns,0.72
C_prose_ngram,practicing,19,y,10,4,3,2,1.2,1.3,2.0,5.7,4,3,CE096,BD067,CA420,n,,0.211,0.053,biography,1.07
C_prose_ngram,preparation,19,y,8,8,2,1,1.0,2.7,1.3,2.9,7,2,BD070,BD021,BA034,n,,0.158,0.0,biography,2.69
C_prose_ngram,prescribed,19,y,12,7,0,0,1.5,2.3,0.0,0.0,6,2,CA429,BA082,CA396,n,,0.211,0.0,books,1.57
C_prose_ngram,prieto,19,y,10,2,7,0,1.2,0.7,4.6,0.0,1,2,SD016,SC025,SC090,n,,0.053,0.0,speeches,0.54
C_prose_ngram,private sector,19,y,10,7,2,0,1.2,2.3,1.3,0.0,4,2,BB038,BB032,SA145,n,,0.053,0.0,books,1.88
C_prose_ngram,professorial chair,19,y,10,0,9,0,1.2,0.0,5.9,0.0,0,2,SD082,SA052,SD044,y,flp_scholarship_programs,0.0,0.0,speeches,0.0
C_prose_ngram,prudent,19,y,6,10,3,0,0.7,3.3,2.0,0.0,6,3,BB013,BB028,BA082,n,,0.158,0.0,books,4.48
C_prose_ngram,public information,19,y,5,14,0,0,0.6,4.7,0.0,0.0,8,2,BD049,BD034,BD037,n,,0.158,0.0,books,7.52
C_prose_ngram,reaching,19,y,9,10,0,0,1.1,3.3,0.0,0.0,7,2,BD039,BA020,BD058,n,,0.105,0.053,books,2.98
C_prose_ngram,reads,19,y,3,15,0,1,0.4,5.0,0.0,2.9,8,2,BD056,BD037,BB028,n,,0.105,0.0,books,13.43
C_prose_ngram,reception,19,y,8,5,3,3,1.0,1.7,2.0,8.6,4,4,BC019,BD045,BC020,n,,0.158,0.0,biography,1.68
C_prose_ngram,refusing,19,y,7,11,1,0,0.9,3.7,0.7,0.0,7,2,BA100,BA078,BA059,n,,0.053,0.0,books,4.22
C_prose_ngram,renewed,19,y,11,5,3,0,1.4,1.7,2.0,0.0,3,3,CE096,SA098,SC081,n,,0.105,0.0,speeches,1.22
C_prose_ngram,republican,19,y,15,4,0,0,1.9,1.3,0.0,0.0,4,2,CA188,CA200,CE065,n,,0.368,0.0,columns,0.72
C_prose_ngram,residence,19,y,9,7,0,3,1.1,2.3,0.0,8.6,7,3,BA047,CA348,CA379,n,,0.211,0.053,biography,2.09
C_prose_ngram,retains,19,y,11,8,0,0,1.4,2.7,0.0,0.0,6,2,CA468,BA059,BB020,n,,0.211,0.053,books,1.95
C_prose_ngram,reward,19,y,3,11,4,1,0.4,3.7,2.6,2.9,7,3,BB012,BD053,SD044,n,,0.211,0.0,books,9.85
C_prose_ngram,sa diyos,19,y,2,7,8,2,0.2,2.3,5.2,5.7,5,2,SC081,BC045,BC028,n,,0.0,0.0,biography,9.4
C_prose_ngram,safe,19,y,12,3,4,0,1.5,1.0,2.6,0.0,3,3,SE038,CB019,SB042,n,,0.316,0.053,speeches,0.67
C_prose_ngram,salaries,19,y,8,10,1,0,1.0,3.3,0.7,0.0,6,2,BD034,BA093,BD067,n,,0.263,0.053,books,3.36
C_prose_ngram,sports,19,y,8,6,5,0,1.0,2.0,3.3,0.0,5,3,SD044,CE088,BC019,n,,0.211,0.0,speeches,2.01
C_prose_ngram,started,19,y,10,2,7,0,1.2,0.7,4.6,0.0,2,2,SB075,CE096,BA041,n,,0.211,0.053,speeches,0.54
C_prose_ngram,steps,19,y,6,7,4,2,0.7,2.3,2.6,5.7,5,3,BB013,BD066,BB024,n,,0.158,0.0,biography,3.13
C_prose_ngram,supreme court justices,19,y,5,11,3,0,0.6,3.7,2.0,0.0,4,3,BD036,BD039,BA077,n,,0.211,0.0,books,5.91
C_prose_ngram,surveys,19,y,9,10,0,0,1.1,3.3,0.0,0.0,8,2,BD053,BD034,CC101,n,,0.158,0.0,books,2.98
C_prose_ngram,suspend,19,y,13,5,1,0,1.6,1.7,0.7,0.0,3,2,CA306,BA093,CE119,n,,0.158,0.053,books,1.03
C_prose_ngram,sylvia,19,y,9,1,9,0,1.1,0.3,5.9,0.0,1,2,SC005,CC098,CC049,n,,0.158,0.0,speeches,0.3
C_prose_ngram,tell,19,y,5,5,8,1,0.6,1.7,5.2,2.9,4,3,BD054,SA098,BA030,n,,0.211,0.0,speeches,2.69
C_prose_ngram,terminal,19,y,7,9,2,1,0.9,3.0,1.3,2.9,4,2,BB027,BB028,BD060,n,,0.263,0.105,books,3.45
C_prose_ngram,tests,19,y,9,9,1,0,1.1,3.0,0.7,0.0,7,2,BA032,BA053,BA073,n,,0.105,0.0,books,2.69
C_prose_ngram,textual,19,y,12,7,0,0,1.5,2.3,0.0,0.0,5,2,BA084,CA168,BB033,n,,0.053,0.0,books,1.57
C_prose_ngram,three-part,19,y,11,6,2,0,1.4,2.0,1.3,0.0,4,2,BA100,CA420,CA436,n,,0.211,0.158,books,1.46
C_prose_ngram,transform,19,y,6,7,6,0,0.7,2.3,3.9,0.0,4,3,SD026,SC061,CD016,n,,0.105,0.0,speeches,3.13
C_prose_ngram,transportation,19,y,12,6,1,0,1.5,2.0,0.7,0.0,5,2,CE086,CE118,BC019,n,,0.368,0.105,books,1.34
C_prose_ngram,trustee,19,y,8,3,7,1,1.0,1.0,4.6,2.9,3,3,SC007,SB006,SD021,n,,0.0,0.0,speeches,1.01
C_prose_ngram,understand,19,y,10,5,2,2,1.2,1.7,1.3,5.7,4,2,BD055,CA404,CB019,n,,0.158,0.0,biography,1.34
C_prose_ngram,union of students,19,y,9,4,4,2,1.1,1.3,2.6,5.7,4,3,CA434,BC019,SC061,n,,0.105,0.0,biography,1.19
C_prose_ngram,upright,19,y,9,6,4,0,1.1,2.0,2.6,0.0,4,3,BD054,BD062,BD064,n,,0.053,0.0,speeches,1.79
C_prose_ngram,valedictorian,19,y,12,2,5,0,1.5,0.7,3.3,0.0,2,2,SD016,SD044,SC025,n,,0.053,0.0,speeches,0.45
C_prose_ngram,works,19,y,6,9,4,0,0.7,3.0,2.6,0.0,5,3,BD028,SC090,CE042,n,,0.158,0.053,books,4.03
C_prose_ngram,abs-cbn,18,y,7,11,0,0,0.9,3.7,0.0,0.0,6,2,BA032,BD059,BA073,n,,0.111,0.056,books,4.22
C_prose_ngram,academe,18,y,8,10,0,0,1.0,3.3,0.0,0.0,7,2,BD061,BD050,BD008,n,,0.222,0.056,books,3.36
C_prose_ngram,achievement,18,y,6,4,8,0,0.7,1.3,5.2,0.0,2,3,SC090,SC025,SC058,n,,0.167,0.056,speeches,1.79
C_prose_ngram,addition,18,y,12,3,3,0,1.5,1.0,2.0,0.0,3,3,BA080,CA368,BD067,n,,0.056,0.0,speeches,0.67
C_prose_ngram,adverse,18,y,11,7,0,0,1.4,2.3,0.0,0.0,6,2,BB018,BA090,CA468,n,,0.278,0.0,books,1.71
C_prose_ngram,advocates,18,y,8,6,4,0,1.0,2.0,2.6,0.0,5,3,BA084,CA393,CC106,n,,0.333,0.111,speeches,2.01
C_prose_ngram,africa,18,y,9,5,3,1,1.1,1.7,2.0,2.9,5,3,BD021,CA393,CC004,n,,0.111,0.0,biography,1.49
C_prose_ngram,arbitrary,18,y,9,7,0,2,1.1,2.3,0.0,5.7,5,2,BA100,BA094,BA037,n,,0.056,0.0,biography,2.09
C_prose_ngram,area,18,y,9,8,1,0,1.1,2.7,0.7,0.0,6,2,BB006,CA010,BA087,n,,0.111,0.056,books,2.39
C_prose_ngram,arroyo's,18,y,8,8,1,1,1.0,2.7,0.7,2.9,5,2,BA036,CA356,BA089,n,,0.111,0.056,biography,2.69
C_prose_ngram,attending,18,y,2,7,9,0,0.2,2.3,5.9,0.0,5,2,BC043,BA077,BD050,n,,0.167,0.0,speeches,9.4
C_prose_ngram,bishop,18,y,5,8,3,2,0.6,2.7,2.0,5.7,5,3,SC023,SC081,GC029,n,,0.0,0.0,biography,4.3
C_prose_ngram,boards,18,y,12,4,2,0,1.5,1.3,1.3,0.0,3,2,CA458,BA063,SD054,n,,0.222,0.0,columns,0.9
C_prose_ngram,bringing,18,y,6,6,5,1,0.7,2.0,3.3,2.9,4,3,BD070,BD064,BA030,n,,0.0,0.0,speeches,2.69
C_prose_ngram,bus fare,18,y,2,5,9,2,0.2,1.7,5.9,5.7,5,2,BC045,CC006,BC041,n,,0.056,0.0,speeches,6.71
C_prose_ngram,caring,18,y,6,6,6,0,0.7,2.0,3.9,0.0,4,3,CC002,SC064,BC036,n,,0.222,0.0,speeches,2.69
C_prose_ngram,centers,18,y,8,6,4,0,1.0,2.0,2.6,0.0,5,3,CC106,BC024,BA085,n,,0.278,0.056,speeches,2.01
C_prose_ngram,chain,18,y,9,5,2,2,1.1,1.7,1.3,5.7,4,2,CA352,BA063,GC032,n,,0.278,0.056,biography,1.49
C_prose_ngram,chancellor,18,y,8,6,4,0,1.0,2.0,2.6,0.0,4,3,BD052,BD063,CA393,n,,0.056,0.0,speeches,2.01
C_prose_ngram,chapel,18,y,7,1,8,2,0.9,0.3,5.2,5.7,1,2,SC023,CA434,CC022,n,,0.056,0.0,biography,0.38
C_prose_ngram,cj gesmundo,18,y,12,0,6,0,1.5,0.0,3.9,0.0,0,2,SD016,SD021,SD027,n,,0.056,0.0,speeches,0.0
C_prose_ngram,cj's personal,18,y,18,0,0,0,2.2,0.0,0.0,0.0,0,1,CA521,CA181,CA188,n,,0.278,0.056,columns,0.0
C_prose_ngram,coming,18,y,5,8,5,0,0.6,2.7,3.3,0.0,7,3,BD034,BB012,SA111,n,,0.167,0.056,speeches,4.3
C_prose_ngram,commands,18,y,7,7,4,0,0.9,2.3,2.6,0.0,6,3,BD060,CC101,BA078,n,,0.056,0.0,speeches,2.69
C_prose_ngram,communication,18,y,6,10,1,1,0.7,3.3,0.7,2.9,7,2,BD037,BD039,BD047,n,,0.278,0.056,books,4.48
C_prose_ngram,compelling,18,y,8,8,2,0,1.0,2.7,1.3,0.0,6,2,BA032,BA056,BA059,n,,0.111,0.0,books,2.69
C_prose_ngram,conferred,18,y,14,2,1,1,1.7,0.7,0.7,2.9,2,1,BA039,BA084,SD082,n,,0.056,0.0,biography,0.38
C_prose_ngram,confined,18,y,5,12,1,0,0.6,4.0,0.7,0.0,8,2,BD028,BD058,BC039,n,,0.056,0.0,books,6.45
C_prose_ngram,congress's,18,y,8,10,0,0,1.0,3.3,0.0,0.0,6,2,BA036,BD053,BA080,n,,0.167,0.056,books,3.36
C_prose_ngram,constitute,18,y,11,6,1,0,1.4,2.0,0.7,0.0,3,2,CA126,BB021,BA003,n,,0.056,0.0,books,1.46
C_prose_ngram,constitutional duty,18,y,8,9,1,0,1.0,3.0,0.7,0.0,7,2,BB028,BB038,BB018,n,,0.167,0.0,books,3.02
C_prose_ngram,constitutional right,18,y,15,3,0,0,1.9,1.0,0.0,0.0,3,2,CA392,BA059,CA109,n,,0.056,0.0,columns,0.54
C_prose_ngram,continuous,18,y,13,2,2,1,1.6,0.7,1.3,2.9,2,1,BD035,CA046,CA128,n,,0.167,0.056,biography,0.41
C_prose_ngram,covenant,18,y,6,8,3,1,0.7,2.7,2.0,2.9,4,3,BC019,SC081,BC027,n,,0.167,0.0,biography,3.58
C_prose_ngram,crafted,18,y,9,6,2,1,1.1,2.0,1.3,2.9,5,2,BD053,BB038,BA093,n,,0.0,0.0,biography,1.79
C_prose_ngram,credentials,18,y,10,3,5,0,1.2,1.0,3.3,0.0,2,3,CA434,CA219,SC125,n,,0.0,0.0,speeches,0.81
C_prose_ngram,custody,18,y,12,6,0,0,1.5,2.0,0.0,0.0,5,2,BA069,CA104,BA037,n,,0.333,0.167,books,1.34
C_prose_ngram,deferential interpretation,18,y,3,2,13,0,0.4,0.7,8.5,0.0,2,2,BD060,SB075,SB085,y,judicial_activism_and_political_question;economic_governance_and_business_law,0.0,0.0,speeches,1.79
C_prose_ngram,define,18,y,13,3,0,2,1.6,1.0,0.0,5.7,2,2,BA100,BD062,CA400,n,,0.056,0.0,biography,0.62
C_prose_ngram,degrees,18,y,5,7,4,2,0.6,2.3,2.6,5.7,5,3,BC045,CC006,BC039,n,,0.056,0.056,biography,3.76
C_prose_ngram,designed,18,y,6,6,3,3,0.7,2.0,2.0,8.6,3,4,BD046,GC031,BD047,n,,0.111,0.0,biography,2.69
C_prose_ngram,desire,18,y,10,4,2,2,1.2,1.3,1.3,5.7,4,2,BB028,BB013,CA393,n,,0.111,0.056,biography,1.07
C_prose_ngram,digest,18,y,0,18,0,0,0.0,6.0,0.0,0.0,1,1,BA100,BB040,BB042,n,,0.389,0.0,books,inf
C_prose_ngram,discuss,18,y,8,8,2,0,1.0,2.7,1.3,0.0,6,2,BD057,BB017,BA014,n,,0.167,0.0,books,2.69
C_prose_ngram,dissolved,18,y,8,5,5,0,1.0,1.7,3.3,0.0,4,3,BC039,BC043,BC046,n,,0.056,0.056,speeches,1.68
C_prose_ngram,divorce,18,y,11,6,1,0,1.4,2.0,0.7,0.0,5,2,BA066,CA148,BA015,n,,0.278,0.0,books,1.46
C_prose_ngram,donors,18,y,5,8,4,1,0.6,2.7,2.6,2.9,5,3,BD039,BA077,BD049,n,,0.222,0.0,biography,4.3
C_prose_ngram,door,18,y,3,7,4,4,0.4,2.3,2.6,11.4,5,4,BC046,BC013,GC030,n,,0.111,0.0,biography,6.27
C_prose_ngram,dynasties,18,y,15,2,1,0,1.9,0.7,0.7,0.0,2,1,CE040,CA431,CE015,n,,0.056,0.0,columns,0.36
C_prose_ngram,eduardo,18,y,11,6,1,0,1.4,2.0,0.7,0.0,4,2,CE046,CE086,BE009,n,,0.222,0.056,books,1.46
C_prose_ngram,elective,18,y,14,3,1,0,1.7,1.0,0.7,0.0,3,2,BA055,CA431,CA367,n,,0.167,0.056,columns,0.58
C_prose_ngram,element,18,y,11,7,0,0,1.4,2.3,0.0,0.0,5,2,BA080,BA059,BA054,n,,0.167,0.0,books,1.71
C_prose_ngram,email,18,y,16,1,1,0,2.0,0.3,0.7,0.0,1,1,CA186,CA201,SA078,n,,0.167,0.0,columns,0.17
C_prose_ngram,equal protection,18,y,8,9,1,0,1.0,3.0,0.7,0.0,7,2,BA055,CA022,BB032,n,,0.056,0.0,books,3.02
C_prose_ngram,escape,18,y,6,11,0,1,0.7,3.7,0.0,2.9,7,2,BA057,BA059,BA082,n,,0.111,0.0,books,4.92
C_prose_ngram,estelito mendoza,18,y,15,3,0,0,1.9,1.0,0.0,0.0,3,2,BA057,BD058,CA374,n,,0.222,0.0,columns,0.54
C_prose_ngram,ethical standards law,18,y,9,8,1,0,1.1,2.7,0.7,0.0,6,2,BB031,BA028,BA026,y,lawyer_ethics_initiative,0.167,0.0,books,2.39
C_prose_ngram,evidence of guilt,18,y,17,1,0,0,2.1,0.3,0.0,0.0,1,1,CA374,CA392,CA408,n,,0.056,0.0,columns,0.16
C_prose_ngram,evil,18,y,7,9,1,1,0.9,3.0,0.7,2.9,8,2,BA080,CA431,CA024,n,,0.056,0.056,books,3.45
C_prose_ngram,exit,18,y,6,8,3,1,0.7,2.7,2.0,2.9,6,3,BA032,BA073,BA079,n,,0.278,0.056,biography,3.58
C_prose_ngram,far eastern,18,y,4,6,4,4,0.5,2.0,2.6,11.4,4,4,BC045,CC006,BC046,n,,0.056,0.0,biography,4.03
C_prose_ngram,fellowships,18,y,9,1,8,0,1.1,0.3,5.2,0.0,1,2,SD021,CD017,SB006,n,,0.0,0.0,speeches,0.3
C_prose_ngram,foundational,18,y,16,0,2,0,2.0,0.0,1.3,0.0,0,1,CA426,CA446,CE096,n,,0.111,0.0,columns,0.0
C_prose_ngram,generis,18,y,13,4,1,0,1.6,1.3,0.7,0.0,4,2,BA086,BA082,CA535,n,,0.0,0.0,columns,0.83
C_prose_ngram,germany,18,y,15,1,2,0,1.9,0.3,1.3,0.0,1,1,CE110,CA182,CE081,n,,0.167,0.056,columns,0.18
C_prose_ngram,gesmundo's,18,y,13,0,5,0,1.6,0.0,3.3,0.0,0,2,CA128,SC029,CA092,n,,0.0,0.0,speeches,0.0
C_prose_ngram,grace poe,18,y,17,0,1,0,2.1,0.0,0.7,0.0,0,1,CA348,CA362,CA332,n,,0.0,0.0,columns,0.0
C_prose_ngram,grade,18,y,6,5,5,2,0.7,1.7,3.3,5.7,3,3,BD021,SC010,BA030,n,,0.111,0.0,biography,2.24
C_prose_ngram,growing,18,y,5,10,2,1,0.6,3.3,1.3,2.9,8,2,BC043,SE038,BB031,n,,0.167,0.056,books,5.37
C_prose_ngram,guest speaker,18,y,6,4,8,0,0.7,1.3,5.2,0.0,3,3,SD087,SC007,SB006,n,,0.0,0.0,speeches,1.79
C_prose_ngram,guru,18,y,9,6,3,0,1.1,2.0,2.0,0.0,5,3,CC002,SC064,SA136,n,,0.0,0.0,books,1.79
C_prose_ngram,hague,18,y,14,1,2,1,1.7,0.3,1.3,2.9,1,1,BD053,CE003,SC007,n,,0.0,0.0,biography,0.19
C_prose_ngram,holders,18,y,12,2,4,0,1.5,0.7,2.6,0.0,2,2,SD044,SB006,CB007,n,,0.167,0.0,speeches,0.45
C_prose_ngram,honoring,18,y,9,5,4,0,1.1,1.7,2.6,0.0,5,3,SA056,BA030,SC010,n,,0.111,0.056,speeches,1.49
C_prose_ngram,ideals,18,y,4,5,8,1,0.5,1.7,5.2,2.9,4,3,BB012,SA105,BC031,n,,0.111,0.0,speeches,3.36
C_prose_ngram,identified,18,y,9,7,2,0,1.1,2.3,1.3,0.0,5,2,BA080,CA439,BB042,n,,0.444,0.056,books,2.09
C_prose_ngram,identifies,18,y,3,14,0,1,0.4,4.7,0.0,2.9,8,2,BD028,BA084,BC043,n,,0.167,0.0,books,12.53
C_prose_ngram,iloilo,18,y,12,5,0,1,1.5,1.7,0.0,2.9,4,2,BD061,CE042,CA233,n,,0.222,0.0,biography,1.12
C_prose_ngram,image,18,y,5,10,3,0,0.6,3.3,2.0,0.0,8,3,BB031,BD057,CA040,n,,0.333,0.056,books,5.37
C_prose_ngram,inability,18,y,14,2,2,0,1.7,0.7,1.3,0.0,2,1,CA362,BA066,BA015,n,,0.167,0.111,columns,0.38
C_prose_ngram,includes,18,y,9,5,4,0,1.1,1.7,2.6,0.0,5,3,BD054,BD020,BD068,n,,0.278,0.056,speeches,1.49
C_prose_ngram,incumbents,18,y,10,5,3,0,1.2,1.7,2.0,0.0,5,3,BD054,BA053,BD061,n,,0.111,0.0,speeches,1.34
C_prose_ngram,informed,18,y,7,10,1,0,0.9,3.3,0.7,0.0,6,2,BD034,BA038,BA079,n,,0.278,0.0,books,3.84
C_prose_ngram,inquiries,18,y,13,5,0,0,1.6,1.7,0.0,0.0,3,2,BE012,BA092,CE095,n,,0.111,0.0,books,1.03
C_prose_ngram,insisting,18,y,1,17,0,0,0.1,5.7,0.0,0.0,8,1,BA100,BA091,BA053,n,,0.222,0.056,books,45.66
C_prose_ngram,instrument,18,y,9,6,1,2,1.1,2.0,0.7,5.7,4,2,BA041,BA082,BB020,n,,0.111,0.056,biography,1.79
C_prose_ngram,invalidated,18,y,10,7,1,0,1.2,2.3,0.7,0.0,5,2,BB013,BA056,BB019,n,,0.222,0.056,books,1.88
C_prose_ngram,jinggoy estrada,18,y,17,1,0,0,2.1,0.3,0.0,0.0,1,1,CA108,CA399,CA396,n,,0.111,0.056,columns,0.16
C_prose_ngram,jovito salonga's,18,y,8,7,1,2,1.0,2.3,0.7,5.7,4,2,BD054,GC026,BC043,y,mentors_and_legal_lineage,0.0,0.0,biography,2.35
C_prose_ngram,justice and jobs,18,y,11,1,6,0,1.4,0.3,3.9,0.0,1,2,SB028,SB051,CA092,y,twin_beacons_doctrine,0.0,0.0,speeches,0.24
C_prose_ngram,justice cjp's,18,y,0,16,2,0,0.0,5.4,1.3,0.0,1,1,BA032,BA036,BA034,n,,0.111,0.0,books,inf
C_prose_ngram,killed,18,y,11,5,2,0,1.4,1.7,1.3,0.0,4,2,BA083,BA037,BA070,n,,0.389,0.167,books,1.22
C_prose_ngram,law scholarships,18,y,10,0,8,0,1.2,0.0,5.2,0.0,0,2,SD060,CD003,SB006,n,,0.0,0.0,speeches,0.0
C_prose_ngram,league,18,y,8,8,1,1,1.0,2.7,0.7,2.9,5,2,BA036,BC045,BA035,n,,0.167,0.0,biography,2.69
C_prose_ngram,legitimacy,18,y,12,6,0,0,1.5,2.0,0.0,0.0,4,2,BA036,BA078,CA356,n,,0.222,0.0,books,1.34
C_prose_ngram,leonardo-de,18,y,18,0,0,0,2.2,0.0,0.0,0.0,0,1,CA186,CA267,CA224,n,,0.0,0.0,columns,0.0
C_prose_ngram,lifting,18,y,8,10,0,0,1.0,3.3,0.0,0.0,7,2,BA100,BA089,CA426,n,,0.167,0.0,books,3.36
C_prose_ngram,logistics,18,y,10,3,5,0,1.2,1.0,3.3,0.0,1,3,CC094,CA326,SB042,n,,0.167,0.056,speeches,0.81
C_prose_ngram,luis,18,y,12,2,1,3,1.5,0.7,0.7,8.6,2,2,CC081,GC021,CA387,n,,0.222,0.0,biography,0.45
C_prose_ngram,magna,18,y,11,2,5,0,1.4,0.7,3.3,0.0,2,2,BD060,CA420,SD054,n,,0.111,0.056,speeches,0.49
C_prose_ngram,mapa high,18,y,4,3,9,2,0.5,1.0,5.9,5.7,3,3,BC045,CC006,SB079,y,early_life_sampaloc,0.0,0.0,speeches,2.01
C_prose_ngram,maria lourdes,18,y,15,0,3,0,1.9,0.0,2.0,0.0,0,2,CC101,CA128,CB018,n,,0.056,0.0,speeches,0.0
C_prose_ngram,metaphor,18,y,17,0,0,1,2.1,0.0,0.0,2.9,0,1,CA430,CC045,CC007,n,,0.333,0.0,biography,0.0
C_prose_ngram,motto,18,y,10,5,2,1,1.2,1.7,1.3,2.9,4,2,BD054,BC046,BC019,n,,0.111,0.0,biography,1.34
C_prose_ngram,moving,18,y,8,7,1,2,1.0,2.3,0.7,5.7,6,2,BB013,BB030,CA205,n,,0.278,0.056,biography,2.35
C_prose_ngram,napoles,18,y,17,0,1,0,2.1,0.0,0.7,0.0,0,1,CA410,CA108,CA435,n,,0.333,0.111,columns,0.0
C_prose_ngram,newly,18,y,7,8,3,0,0.9,2.7,2.0,0.0,5,3,SD016,BA097,BC040,n,,0.278,0.056,books,3.07
C_prose_ngram,newsboy,18,y,10,2,5,1,1.2,0.7,3.3,2.9,2,2,CC006,SB079,CC111,y,early_life_sampaloc,0.0,0.0,speeches,0.54
C_prose_ngram,ngos,18,y,11,6,1,0,1.4,2.0,0.7,0.0,3,2,CA440,BD067,CA443,n,,0.167,0.0,books,1.46
C_prose_ngram,nullify,18,y,5,12,0,1,0.6,4.0,0.0,2.9,6,2,BA084,BD034,BB038,n,,0.0,0.0,books,6.45
C_prose_ngram,organizing,18,y,5,8,5,0,0.6,2.7,3.3,0.0,5,3,SD016,SD044,BC031,n,,0.167,0.056,speeches,4.3
C_prose_ngram,overall,18,y,10,7,0,1,1.2,2.3,0.0,2.9,5,2,BA080,BD052,BD013,n,,0.167,0.0,biography,1.88
C_prose_ngram,paragraph,18,y,9,8,1,0,1.1,2.7,0.7,0.0,5,2,BA092,BB017,BB033,n,,0.222,0.0,books,2.39
C_prose_ngram,penned by justice,18,y,13,5,0,0,1.6,1.7,0.0,0.0,4,2,BA057,CA444,BA069,n,,0.222,0.0,books,1.03
C_prose_ngram,peoples,18,y,10,3,5,0,1.2,1.0,3.3,0.0,3,3,BB006,BB033,CA345,n,,0.111,0.111,speeches,0.81
C_prose_ngram,permits,18,y,9,8,1,0,1.1,2.7,0.7,0.0,4,2,BA100,BB038,BB033,n,,0.278,0.111,books,2.39
C_prose_ngram,philosophical,18,y,13,4,1,0,1.6,1.3,0.7,0.0,3,2,CB018,BD022,BA034,n,,0.056,0.0,columns,0.83
C_prose_ngram,piece,18,y,8,5,5,0,1.0,1.7,3.3,0.0,3,3,SA052,BD020,SC029,n,,0.167,0.056,speeches,1.68
C_prose_ngram,plebiscite,18,y,14,3,1,0,1.7,1.0,0.7,0.0,2,2,CA289,BA001,CA389,n,,0.0,0.0,columns,0.58
C_prose_ngram,politicians,18,y,10,8,0,0,1.2,2.7,0.0,0.0,6,2,BC043,BD037,BD061,n,,0.167,0.0,books,2.15
C_prose_ngram,portrait,18,y,4,9,5,0,0.5,3.0,3.3,0.0,6,3,BC019,BC006,BC036,n,,0.222,0.111,speeches,6.04
C_prose_ngram,precinct,18,y,10,8,0,0,1.2,2.7,0.0,0.0,4,2,BA063,BE015,CE099,n,,0.389,0.056,books,2.15
C_prose_ngram,presidential election,18,y,15,3,0,0,1.9,1.0,0.0,0.0,2,2,CA020,CA458,CC047,n,,0.167,0.0,columns,0.54
C_prose_ngram,privileged,18,y,4,7,7,0,0.5,2.3,4.6,0.0,6,3,BC043,CA393,BD058,n,,0.167,0.0,speeches,4.7
C_prose_ngram,prizes,18,y,14,1,3,0,1.7,0.3,2.0,0.0,1,2,SD060,CB003,CD020,n,,0.0,0.0,speeches,0.19
C_prose_ngram,professions,18,y,10,7,1,0,1.2,2.3,0.7,0.0,4,2,BA028,CA431,BC023,n,,0.056,0.0,books,1.88
C_prose_ngram,protests,18,y,12,5,1,0,1.5,1.7,0.7,0.0,2,2,BE024,BA096,CA233,n,,0.278,0.111,books,1.12
C_prose_ngram,providing,18,y,5,11,2,0,0.6,3.7,1.3,0.0,6,2,BB031,BD036,BA077,n,,0.167,0.0,books,5.91
C_prose_ngram,provincial,18,y,11,6,1,0,1.4,2.0,0.7,0.0,6,2,BA087,BA063,BB012,n,,0.333,0.111,books,1.46
C_prose_ngram,purisima,18,y,10,8,0,0,1.2,2.7,0.0,0.0,6,2,BA057,CA226,CA158,n,,0.167,0.0,books,2.15
C_prose_ngram,pursuant,18,y,11,5,2,0,1.4,1.7,1.3,0.0,4,2,BA080,CA404,CA102,n,,0.111,0.0,books,1.22
C_prose_ngram,quality justice,18,y,5,11,2,0,0.6,3.7,1.3,0.0,6,2,BD039,BA077,BD062,n,,0.056,0.0,books,5.91
C_prose_ngram,rape,18,y,12,6,0,0,1.5,2.0,0.0,0.0,6,2,BA092,BA083,BA070,n,,0.167,0.056,books,1.34
C_prose_ngram,rely,18,y,12,6,0,0,1.5,2.0,0.0,0.0,4,2,CC101,BA069,CA474,n,,0.222,0.0,books,1.34
C_prose_ngram,repeatedly,18,y,9,5,2,2,1.1,1.7,1.3,5.7,4,2,BB027,BA080,BA055,n,,0.056,0.0,biography,1.49
C_prose_ngram,replacement,18,y,16,1,0,1,2.0,0.3,0.0,2.9,1,1,BD071,CE032,CA449,n,,0.222,0.0,biography,0.17
C_prose_ngram,restriction,18,y,10,7,1,0,1.2,2.3,0.7,0.0,6,2,BA055,BA100,BA073,n,,0.111,0.0,books,1.88
C_prose_ngram,reversing,18,y,7,10,1,0,0.9,3.3,0.7,0.0,6,2,BD037,CA053,SB075,n,,0.0,0.0,books,3.84
C_prose_ngram,reviewing,18,y,5,13,0,0,0.6,4.3,0.0,0.0,9,2,BA092,BD053,BA037,n,,0.111,0.0,books,6.98
C_prose_ngram,revolutionary,18,y,11,6,0,1,1.4,2.0,0.0,2.9,4,2,CA440,BA078,BA036,n,,0.056,0.0,biography,1.46
C_prose_ngram,rising,18,y,8,8,1,1,1.0,2.7,0.7,2.9,7,2,BD039,BA055,GC027,n,,0.222,0.056,biography,2.69
C_prose_ngram,roberto,18,y,12,6,0,0,1.5,2.0,0.0,0.0,4,2,BD054,CA186,BA084,n,,0.056,0.0,books,1.34
C_prose_ngram,roberts,18,y,14,3,1,0,1.7,1.0,0.7,0.0,3,2,CA200,CE082,CA026,n,,0.167,0.0,columns,0.58
C_prose_ngram,safeguard liberty,18,y,9,4,5,0,1.1,1.3,3.3,0.0,2,3,SA078,BD060,CA420,y,twin_beacons_doctrine,0.0,0.0,speeches,1.19
C_prose_ngram,scales,18,y,4,6,6,2,0.5,2.0,3.9,5.7,3,3,BA097,CB018,BD070,n,,0.0,0.0,biography,4.03
C_prose_ngram,searches,18,y,7,11,0,0,0.9,3.7,0.0,0.0,6,2,BA057,BA100,BA092,n,,0.167,0.0,books,4.22
C_prose_ngram,significance,18,y,10,5,3,0,1.2,1.7,2.0,0.0,5,3,BA036,BA089,BE018,n,,0.222,0.0,speeches,1.34
C_prose_ngram,skills,18,y,10,7,1,0,1.2,2.3,0.7,0.0,5,2,BD044,BD011,CC102,n,,0.222,0.0,books,1.88
C_prose_ngram,sotto,18,y,17,1,0,0,2.1,0.3,0.0,0.0,1,1,CE046,CA150,CA186,n,,0.167,0.0,columns,0.16
C_prose_ngram,soul,18,y,3,9,6,0,0.4,3.0,3.9,0.0,7,3,BB012,BA035,BD057,n,,0.167,0.0,speeches,8.06
C_prose_ngram,standards law,18,y,9,8,1,0,1.1,2.7,0.7,0.0,6,2,BB031,BA028,BA026,n,,0.167,0.0,books,2.39
C_prose_ngram,stanford,18,y,5,4,8,1,0.6,1.3,5.2,2.9,3,3,CC006,SD044,CA434,n,,0.111,0.0,speeches,2.15
C_prose_ngram,summit,18,y,8,5,5,0,1.0,1.7,3.3,0.0,5,3,SB075,BD039,CE096,n,,0.167,0.0,speeches,1.68
C_prose_ngram,taxonomy,18,y,13,5,0,0,1.6,1.7,0.0,0.0,3,2,CA446,CA392,BA058,n,,0.278,0.0,books,1.03
C_prose_ngram,teodoro,18,y,5,9,3,1,0.6,3.0,2.0,2.9,8,3,CA434,BC045,SC025,n,,0.0,0.0,books,4.83
C_prose_ngram,theological,18,y,5,4,7,2,0.6,1.3,4.6,5.7,3,3,SC081,SC104,BD021,n,,0.278,0.167,biography,2.15
C_prose_ngram,timely,18,y,8,6,4,0,1.0,2.0,2.6,0.0,4,3,BA091,CA156,CA203,n,,0.333,0.056,speeches,2.01
C_prose_ngram,topped,18,y,9,2,6,1,1.1,0.7,3.9,2.9,2,2,SD044,CA393,GC026,n,,0.0,0.0,speeches,0.6
C_prose_ngram,treasury,18,y,9,6,2,1,1.1,2.0,1.3,2.9,5,2,BA057,BA080,BB024,n,,0.167,0.0,biography,1.79
C_prose_ngram,two-part,18,y,14,4,0,0,1.7,1.3,0.0,0.0,4,2,BB027,BA097,CA425,n,,0.056,0.0,columns,0.77
C_prose_ngram,unconstitutionality,18,y,12,5,1,0,1.5,1.7,0.7,0.0,5,2,CA440,BB013,BA080,n,,0.0,0.0,books,1.12
C_prose_ngram,unreasonable,18,y,8,8,2,0,1.0,2.7,1.3,0.0,6,2,BA069,BD058,BD020,n,,0.333,0.056,books,2.69
C_prose_ngram,vague,18,y,11,6,0,1,1.4,2.0,0.0,2.9,3,2,BA100,BA091,BA090,n,,0.056,0.0,biography,1.46
C_prose_ngram,vested,18,y,2,15,1,0,0.2,5.0,0.7,0.0,7,1,BB033,BB019,BB034,n,,0.222,0.0,books,20.14
C_prose_ngram,village,18,y,6,5,6,1,0.7,1.7,3.9,2.9,3,3,SD016,SD026,SD033,n,,0.111,0.0,speeches,2.24
C_prose_ngram,vital,18,y,8,8,2,0,1.0,2.7,1.3,0.0,4,2,BB019,BB021,CA420,n,,0.222,0.0,books,2.69
C_prose_ngram,wait,18,y,7,6,3,2,0.9,2.0,2.0,5.7,3,3,CB019,SA020,CA458,n,,0.167,0.0,biography,2.3
C_prose_ngram,waiver,18,y,12,6,0,0,1.5,2.0,0.0,0.0,4,2,BA092,BA069,BB019,n,,0.222,0.056,books,1.34
C_prose_ngram,warrants,18,y,13,5,0,0,1.6,1.7,0.0,0.0,4,2,BA057,BA032,BA069,n,,0.278,0.056,books,1.03
C_prose_ngram,worked,18,y,5,10,2,1,0.6,3.3,1.3,2.9,6,2,BD054,BC043,BC039,n,,0.278,0.0,books,5.37
C_prose_ngram,year history,18,y,10,7,1,0,1.2,2.3,0.7,0.0,5,2,BD039,BD056,BB027,n,,0.056,0.0,books,1.88
C_prose_ngram,years earlier,18,y,0,17,1,0,0.0,5.7,0.7,0.0,9,1,BD021,BD055,BC039,n,,0.056,0.0,books,inf
C_prose_ngram,zobel de ayala,18,y,6,1,11,0,0.7,0.3,7.2,0.0,1,2,SD016,SD021,SD044,n,,0.0,0.0,speeches,0.45
C_prose_ngram,accounting,17,y,11,4,1,1,1.4,1.3,0.7,2.9,3,2,BD054,CD022,BD069,n,,0.235,0.059,biography,0.98
C_prose_ngram,advised,17,y,5,6,4,2,0.6,2.0,2.6,5.7,3,3,SA020,BC045,SB042,n,,0.0,0.0,biography,3.22
C_prose_ngram,affecting,17,y,6,9,2,0,0.7,3.0,1.3,0.0,5,2,BD070,BA097,BD060,n,,0.059,0.0,books,4.03
C_prose_ngram,agents,17,y,7,6,2,2,0.9,2.0,1.3,5.7,6,2,BA014,BA099,CA386,n,,0.353,0.059,biography,2.3
C_prose_ngram,agreeing,17,y,7,8,2,0,0.9,2.7,1.3,0.0,4,2,BA056,BA057,BB012,n,,0.176,0.0,books,3.07
C_prose_ngram,aimed,17,y,4,12,1,0,0.5,4.0,0.7,0.0,7,2,BD059,BA080,BD068,n,,0.176,0.0,books,8.06
C_prose_ngram,allegiance,17,y,10,6,1,0,1.2,2.0,0.7,0.0,5,2,BA032,BA078,BA055,n,,0.176,0.0,books,1.61
C_prose_ngram,alleging,17,y,12,5,0,0,1.5,1.7,0.0,0.0,3,2,BD058,CA165,CA391,n,,0.059,0.059,books,1.12
C_prose_ngram,amlc,17,y,16,1,0,0,2.0,0.3,0.0,0.0,1,1,CA392,CA428,CA446,n,,0.353,0.176,columns,0.17
C_prose_ngram,annually,17,y,14,2,1,0,1.7,0.7,0.7,0.0,2,1,CA468,BA093,CA521,n,,0.294,0.059,columns,0.38
C_prose_ngram,anonymous,17,y,12,1,4,0,1.5,0.3,2.6,0.0,1,2,CA043,CA038,CA064,n,,0.176,0.0,speeches,0.22
C_prose_ngram,anti-corruption,17,y,12,4,1,0,1.5,1.3,0.7,0.0,2,2,SB075,CE086,CE110,n,,0.235,0.059,columns,0.9
C_prose_ngram,arising,17,y,8,9,0,0,1.0,3.0,0.0,0.0,4,2,BB028,BB019,BB031,n,,0.353,0.059,books,3.02
C_prose_ngram,arraignment,17,y,7,10,0,0,0.9,3.3,0.0,0.0,6,2,BA057,BA069,BA091,n,,0.353,0.059,books,3.84
C_prose_ngram,arrests,17,y,9,7,1,0,1.1,2.3,0.7,0.0,5,2,BA100,BA089,BA057,n,,0.176,0.0,books,2.09
C_prose_ngram,artificial,17,y,12,3,2,0,1.5,1.0,1.3,0.0,2,2,BE031,CA092,SA015,n,,0.059,0.0,columns,0.67
C_prose_ngram,asean law association,17,y,11,2,4,0,1.4,0.7,2.6,0.0,2,2,BA097,CA092,SC007,y,asean_law_association,0.0,0.0,speeches,0.49
C_prose_ngram,assuming,17,y,7,9,1,0,0.9,3.0,0.7,0.0,5,2,BA097,BD060,BD068,n,,0.059,0.0,books,3.45
C_prose_ngram,assurance,17,y,11,5,1,0,1.4,1.7,0.7,0.0,4,2,BA081,BB027,CA390,n,,0.0,0.0,books,1.22
C_prose_ngram,attained,17,y,6,7,4,0,0.7,2.3,2.6,0.0,4,3,BD021,BE001,CE095,n,,0.0,0.0,speeches,3.13
C_prose_ngram,authoritarian,17,y,5,6,6,0,0.6,2.0,3.9,0.0,3,3,BC043,BB031,SA145,n,,0.059,0.0,speeches,3.22
C_prose_ngram,authorizing,17,y,13,4,0,0,1.6,1.3,0.0,0.0,4,2,BA081,CA132,BA087,n,,0.059,0.0,columns,0.83
C_prose_ngram,banned,17,y,13,4,0,0,1.6,1.3,0.0,0.0,4,2,BA056,BA079,CA427,n,,0.235,0.176,columns,0.83
C_prose_ngram,base,17,y,6,5,5,1,0.7,1.7,3.3,2.9,5,3,SD148,CA131,BE022,n,,0.059,0.0,speeches,2.24
C_prose_ngram,bidding,17,y,7,9,1,0,0.9,3.0,0.7,0.0,4,2,BB029,BA087,BA056,n,,0.235,0.0,books,3.45
C_prose_ngram,boss,17,y,6,3,8,0,0.7,1.0,5.2,0.0,3,3,BD054,CC004,SC064,n,,0.059,0.059,speeches,1.34
C_prose_ngram,brothers,17,y,7,3,7,0,0.9,1.0,4.6,0.0,2,3,SC014,BC030,SC152,n,,0.118,0.0,speeches,1.15
C_prose_ngram,bureau,17,y,8,8,1,0,1.0,2.7,0.7,0.0,4,2,BB032,BA093,BA054,n,,0.176,0.059,books,2.69
C_prose_ngram,card,17,y,12,5,0,0,1.5,1.7,0.0,0.0,4,2,BB012,BC039,BB030,n,,0.412,0.0,books,1.12
C_prose_ngram,cardinal tagle,17,y,8,0,9,0,1.0,0.0,5.9,0.0,0,2,SC005,CC049,SC081,n,,0.235,0.0,speeches,0.0
C_prose_ngram,carries,17,y,6,9,2,0,0.7,3.0,1.3,0.0,7,2,BD028,BA091,BB021,n,,0.176,0.0,books,4.03
C_prose_ngram,centavo,17,y,5,3,8,1,0.6,1.0,5.2,2.9,3,3,BC045,CC006,SD016,n,,0.0,0.0,speeches,1.61
C_prose_ngram,chemical,17,y,7,2,7,1,0.9,0.7,4.6,2.9,2,2,BC045,CC006,SB079,n,,0.059,0.0,speeches,0.77
C_prose_ngram,christmas,17,y,11,4,2,0,1.4,1.3,1.3,0.0,4,2,BC039,BD059,CC106,n,,0.118,0.0,columns,0.98
C_prose_ngram,cj alexander,17,y,11,0,6,0,1.4,0.0,3.9,0.0,0,2,SC025,SC029,CA185,n,,0.059,0.0,speeches,0.0
C_prose_ngram,cj hilario,17,y,7,6,4,0,0.9,2.0,2.6,0.0,3,3,BD062,BD067,CE096,n,,0.059,0.0,speeches,2.3
C_prose_ngram,cj hilario davide,17,y,7,6,4,0,0.9,2.0,2.6,0.0,3,3,BD062,BD067,CE096,n,,0.059,0.0,speeches,2.3
C_prose_ngram,clarification,17,y,13,4,0,0,1.6,1.3,0.0,0.0,2,2,BA087,BB029,BA090,n,,0.235,0.0,columns,0.83
C_prose_ngram,client,17,y,8,6,0,3,1.0,2.0,0.0,8.6,4,3,BD058,BD056,BA035,n,,0.353,0.059,biography,2.01
C_prose_ngram,commissioners,17,y,11,6,0,0,1.4,2.0,0.0,0.0,4,2,BA023,CA150,CA146,n,,0.118,0.0,books,1.46
C_prose_ngram,companion,17,y,8,5,3,1,1.0,1.7,2.0,2.9,4,3,CB018,BC040,SC029,n,,0.235,0.0,biography,1.68
C_prose_ngram,computerized,17,y,10,4,3,0,1.2,1.3,2.0,0.0,3,3,BD039,BA077,BD037,n,,0.176,0.0,speeches,1.07
C_prose_ngram,condemned,17,y,3,13,0,1,0.4,4.3,0.0,2.9,6,2,BB027,BB013,BB012,n,,0.176,0.0,books,11.64
C_prose_ngram,confidentiality,17,y,8,9,0,0,1.0,3.0,0.0,0.0,6,2,BD028,BD037,CA429,n,,0.176,0.0,books,3.02
C_prose_ngram,congressman,17,y,8,5,4,0,1.0,1.7,2.6,0.0,4,3,CC006,SA056,BA028,n,,0.0,0.0,speeches,1.68
C_prose_ngram,conservative,17,y,14,2,0,1,1.7,0.7,0.0,2.9,2,1,CA188,CA200,CA398,n,,0.176,0.0,biography,0.38
C_prose_ngram,counted,17,y,7,9,1,0,0.9,3.0,0.7,0.0,6,2,BA063,BA077,BE021,n,,0.412,0.059,books,3.45
C_prose_ngram,counts,17,y,10,7,0,0,1.2,2.3,0.0,0.0,5,2,BA080,BA092,BA070,n,,0.235,0.0,books,1.88
C_prose_ngram,court administrator,17,y,9,8,0,0,1.1,2.7,0.0,0.0,4,2,BD039,BD036,BD035,n,,0.176,0.0,books,2.39
C_prose_ngram,courtroom,17,y,7,7,2,1,0.9,2.3,1.3,2.9,5,2,BD064,BD049,BD050,n,,0.059,0.0,biography,2.69
C_prose_ngram,dante,17,y,7,7,2,1,0.9,2.3,1.3,2.9,4,2,SC084,SC024,CA426,n,,0.176,0.0,biography,2.69
C_prose_ngram,dates,17,y,11,6,0,0,1.4,2.0,0.0,0.0,6,2,BD028,CE093,CC101,n,,0.235,0.0,books,1.46
C_prose_ngram,decision-making,17,y,10,5,1,1,1.2,1.7,0.7,2.9,5,2,BD028,BD035,CA043,n,,0.235,0.0,biography,1.34
C_prose_ngram,defective,17,y,7,8,2,0,0.9,2.7,1.3,0.0,7,2,BD028,BA091,BA037,n,,0.235,0.0,books,3.07
C_prose_ngram,delayed,17,y,12,4,1,0,1.5,1.3,0.7,0.0,4,2,CA432,BD070,CA203,n,,0.235,0.0,columns,0.9
C_prose_ngram,determines,17,y,13,3,1,0,1.6,1.0,0.7,0.0,3,2,BD028,BA069,CA363,n,,0.118,0.0,columns,0.62
C_prose_ngram,disagreement,17,y,10,7,0,0,1.2,2.3,0.0,0.0,5,2,BD034,CC061,CC054,n,,0.059,0.0,books,1.88
C_prose_ngram,disclose,17,y,10,5,2,0,1.2,1.7,1.3,0.0,3,2,CA439,SA095,BB019,n,,0.059,0.0,books,1.34
C_prose_ngram,doctors,17,y,8,2,5,2,1.0,0.7,3.3,5.7,2,2,SC084,SC024,BC040,n,,0.059,0.0,biography,0.67
C_prose_ngram,dollar,17,y,13,2,2,0,1.6,0.7,1.3,0.0,2,1,CA504,CA473,CA506,n,,0.235,0.0,columns,0.41
C_prose_ngram,due-process,17,y,11,4,1,1,1.4,1.3,0.7,2.9,2,2,CA022,CA188,BB006,n,,0.059,0.0,biography,0.98
C_prose_ngram,eastern university,17,y,4,6,4,3,0.5,2.0,2.6,8.6,4,4,BC045,CC006,BC046,n,,0.059,0.0,biography,4.03
C_prose_ngram,electorate,17,y,11,6,0,0,1.4,2.0,0.0,0.0,4,2,BA084,BA075,CA382,n,,0.118,0.059,books,1.46
C_prose_ngram,encourage,17,y,2,12,3,0,0.2,4.0,2.0,0.0,6,2,BD036,BA077,BD055,n,,0.412,0.059,books,16.11
C_prose_ngram,engagement,17,y,11,3,1,2,1.4,1.0,0.7,5.7,3,2,CA043,BD047,BC029,n,,0.353,0.0,biography,0.73
C_prose_ngram,enrolled,17,y,6,2,9,0,0.7,0.7,5.9,0.0,2,2,CC006,SB079,SD087,n,,0.0,0.0,speeches,0.9
C_prose_ngram,equipment,17,y,9,7,1,0,1.1,2.3,0.7,0.0,4,2,CB019,BA077,CE061,n,,0.235,0.059,books,2.09
C_prose_ngram,evolution,17,y,14,2,1,0,1.7,0.7,0.7,0.0,2,1,BA084,CC106,SA078,n,,0.235,0.0,columns,0.38
C_prose_ngram,excuse,17,y,8,7,2,0,1.0,2.3,1.3,0.0,4,2,BA057,BD035,CA356,n,,0.176,0.0,books,2.35
C_prose_ngram,expenses,17,y,13,2,2,0,1.6,0.7,1.3,0.0,2,1,CA432,CA420,CA224,n,,0.059,0.0,columns,0.41
C_prose_ngram,facing,17,y,7,7,1,2,0.9,2.3,0.7,5.7,6,2,BA057,BA005,BA034,n,,0.059,0.0,biography,2.69
C_prose_ngram,famous,17,y,12,3,2,0,1.5,1.0,1.3,0.0,2,2,BA028,CC101,CE046,n,,0.118,0.0,columns,0.67
C_prose_ngram,far eastern university,17,y,4,6,4,3,0.5,2.0,2.6,8.6,4,4,BC045,CC006,BC046,n,,0.059,0.0,biography,4.03
C_prose_ngram,figures,17,y,6,9,1,1,0.7,3.0,0.7,2.9,8,2,BD036,BD039,BD057,n,,0.059,0.0,books,4.03
C_prose_ngram,final judgment,17,y,11,5,1,0,1.4,1.7,0.7,0.0,4,2,CA391,CA428,CA160,n,,0.353,0.059,books,1.22
C_prose_ngram,flow,17,y,4,12,1,0,0.5,4.0,0.7,0.0,6,2,BD049,BD053,BD064,n,,0.059,0.059,books,8.06
C_prose_ngram,flp scholars,17,y,9,0,8,0,1.1,0.0,5.2,0.0,0,2,SD044,SD027,SA052,y,foundation_for_liberty_and_prosperity,0.0,0.0,speeches,0.0
C_prose_ngram,follow-up,17,y,14,3,0,0,1.7,1.0,0.0,0.0,2,2,CC106,CB019,CA134,n,,0.176,0.0,columns,0.58
C_prose_ngram,forfeiture,17,y,16,1,0,0,2.0,0.3,0.0,0.0,1,1,CA035,CA224,CA187,n,,0.294,0.059,columns,0.17
C_prose_ngram,forum on liberty,17,y,10,0,7,0,1.2,0.0,4.6,0.0,0,2,SB075,SB085,SB040,n,,0.0,0.0,speeches,0.0
C_prose_ngram,founder,17,y,10,2,5,0,1.2,0.7,3.3,0.0,2,2,CE088,CD027,BA030,n,,0.059,0.0,speeches,0.54
C_prose_ngram,frames,17,y,1,14,0,2,0.1,4.7,0.0,5.7,8,1,BD067,BD037,BB032,n,,0.176,0.059,biography,37.6
C_prose_ngram,franklin drilon,17,y,11,3,3,0,1.4,1.0,2.0,0.0,3,3,CA429,CA436,CA385,n,,0.176,0.059,speeches,0.73
C_prose_ngram,general rule,17,y,9,8,0,0,1.1,2.7,0.0,0.0,6,2,CA426,BB021,BB024,n,,0.294,0.059,books,2.39
C_prose_ngram,george ty,17,y,11,0,6,0,1.4,0.0,3.9,0.0,0,2,SB050,CC071,CC098,n,,0.059,0.0,speeches,0.0
C_prose_ngram,gonzales,17,y,5,9,1,2,0.6,3.0,0.7,5.7,7,2,CA188,GC026,BA037,n,,0.176,0.118,biography,4.83
C_prose_ngram,habeas corpus,17,y,13,3,1,0,1.6,1.0,0.7,0.0,2,2,CA306,CA024,BA093,n,,0.059,0.0,columns,0.62
C_prose_ngram,helping,17,y,5,7,5,0,0.6,2.3,3.3,0.0,4,3,BD064,CE096,BD045,n,,0.118,0.0,speeches,3.76
C_prose_ngram,ignorance,17,y,7,9,1,0,0.9,3.0,0.7,0.0,8,2,BA041,BA080,BD035,n,,0.176,0.0,books,3.45
C_prose_ngram,imelda,17,y,12,5,0,0,1.5,1.7,0.0,0.0,4,2,BA057,CA257,BB019,n,,0.471,0.0,books,1.12
C_prose_ngram,implement,17,y,8,8,1,0,1.0,2.7,0.7,0.0,7,2,CA382,BA053,BD050,n,,0.118,0.059,books,2.69
C_prose_ngram,improved,17,y,11,5,1,0,1.4,1.7,0.7,0.0,3,2,SA098,CE110,BD013,n,,0.353,0.118,books,1.22
C_prose_ngram,india,17,y,10,7,0,0,1.2,2.3,0.0,0.0,5,2,CA393,BA085,BA079,n,,0.235,0.0,books,1.88
C_prose_ngram,industry intelligence,17,y,4,1,11,1,0.5,0.3,7.2,2.9,1,2,CA128,SB075,CE096,n,,0.0,0.0,speeches,0.67
C_prose_ngram,initiated,17,y,8,7,2,0,1.0,2.3,1.3,0.0,4,2,BA086,BD070,BD064,n,,0.118,0.0,books,2.35
C_prose_ngram,instance,17,y,0,12,4,1,0.0,4.0,2.6,2.9,9,2,BD028,BA100,BD013,n,,0.176,0.118,books,inf
C_prose_ngram,instant,17,y,9,5,2,1,1.1,1.7,1.3,2.9,3,2,CB018,SE036,BE009,n,,0.353,0.0,biography,1.49
C_prose_ngram,integral,17,y,9,8,0,0,1.1,2.7,0.0,0.0,6,2,BA100,BB012,BA086,n,,0.059,0.0,books,2.39
C_prose_ngram,inventory,17,y,9,5,3,0,1.1,1.7,2.0,0.0,4,3,BA032,BD034,BB013,n,,0.176,0.0,speeches,1.49
C_prose_ngram,inviolable,17,y,8,7,2,0,1.0,2.3,1.3,0.0,4,2,BA084,BA066,BA069,n,,0.176,0.0,books,2.35
C_prose_ngram,issuing,17,y,6,11,0,0,0.7,3.7,0.0,0.0,7,2,BD034,BB027,BA069,n,,0.176,0.0,books,4.92
C_prose_ngram,joseph estrada,17,y,14,1,1,1,1.7,0.3,0.7,2.9,1,1,CA186,CA404,CA396,n,,0.176,0.0,biography,0.19
C_prose_ngram,judiciary cjp's,17,y,0,15,2,0,0.0,5.0,1.3,0.0,2,1,BD039,BD045,BA080,n,,0.0,0.0,books,inf
C_prose_ngram,justice antonio carpio,17,y,8,5,3,1,1.0,1.7,2.0,2.9,3,3,BD044,BD065,CA404,n,,0.0,0.0,biography,1.68
C_prose_ngram,law association,17,y,11,2,4,0,1.4,0.7,2.6,0.0,2,2,BA097,CA092,SC007,n,,0.0,0.0,speeches,0.49
C_prose_ngram,law office,17,y,7,2,8,0,0.9,0.7,5.2,0.0,2,2,SA052,SC064,CC002,n,,0.059,0.0,speeches,0.77
C_prose_ngram,legis,17,y,15,2,0,0,1.9,0.7,0.0,0.0,2,1,BA086,CA147,CA362,n,,0.176,0.0,columns,0.36
C_prose_ngram,leila de lima,17,y,14,1,2,0,1.7,0.3,1.3,0.0,1,1,CA435,CA432,CA517,n,,0.235,0.0,columns,0.19
C_prose_ngram,leonardo-de castro,17,y,17,0,0,0,2.1,0.0,0.0,0.0,0,1,CA186,CA224,CA263,n,,0.0,0.0,columns,0.0
C_prose_ngram,letting,17,y,0,16,1,0,0.0,5.4,0.7,0.0,6,1,BA020,BA092,BD045,n,,0.294,0.059,books,inf
C_prose_ngram,liberty-and-prosperity,17,y,6,0,10,1,0.7,0.0,6.5,2.9,0,2,SD082,SB040,CB018,n,,0.118,0.0,speeches,0.0
C_prose_ngram,lone,17,y,9,5,2,1,1.1,1.7,1.3,2.9,3,2,SA020,CA392,BD061,n,,0.118,0.059,biography,1.49
C_prose_ngram,lower-court,17,y,3,14,0,0,0.4,4.7,0.0,0.0,6,2,BD054,BD039,BA077,n,,0.118,0.0,books,12.53
C_prose_ngram,luzon,17,y,10,3,3,1,1.2,1.0,2.0,2.9,2,3,BB029,CA345,CA391,n,,0.294,0.0,biography,0.81
C_prose_ngram,margin,17,y,7,8,2,0,0.9,2.7,1.3,0.0,7,2,BA096,BA063,CA188,n,,0.353,0.0,books,3.07
C_prose_ngram,menardo guevarra,17,y,16,0,1,0,2.0,0.0,0.7,0.0,0,1,CA121,CA087,CA201,n,,0.059,0.0,columns,0.0
C_prose_ngram,mental,17,y,8,6,2,1,1.0,2.0,1.3,2.9,5,2,CA432,BA078,CC106,n,,0.235,0.0,biography,2.01
C_prose_ngram,missions,17,y,7,4,6,0,0.9,1.3,3.9,0.0,2,3,BC023,BC024,SC014,n,,0.059,0.0,speeches,1.53
C_prose_ngram,misuse,17,y,9,5,3,0,1.1,1.7,2.0,0.0,4,3,CA440,CA432,CA444,n,,0.059,0.0,speeches,1.49
C_prose_ngram,mode,17,y,10,7,0,0,1.2,2.3,0.0,0.0,5,2,BD028,BA055,BA091,n,,0.059,0.0,books,1.88
C_prose_ngram,municipal,17,y,7,10,0,0,0.9,3.3,0.0,0.0,6,2,BA087,BB038,BB029,n,,0.353,0.059,books,3.84
C_prose_ngram,newspaper,17,y,5,8,2,2,0.6,2.7,1.3,5.7,6,2,BC045,CC006,BD045,n,,0.235,0.0,biography,4.3
C_prose_ngram,offering,17,y,4,13,0,0,0.5,4.3,0.0,0.0,6,2,BD034,BD045,BC020,n,,0.118,0.0,books,8.73
C_prose_ngram,pardon,17,y,12,4,0,1,1.5,1.3,0.0,2.9,3,2,CA454,BA057,CA453,n,,0.235,0.0,biography,0.9
C_prose_ngram,partly,17,y,8,9,0,0,1.0,3.0,0.0,0.0,9,2,BB031,BA054,BA087,n,,0.176,0.0,books,3.02
C_prose_ngram,party comelec,17,y,5,10,2,0,0.6,3.3,1.3,0.0,6,2,BB007,SA099,BA032,n,,0.059,0.059,books,5.37
C_prose_ngram,pasig,17,y,12,4,1,0,1.5,1.3,0.7,0.0,4,2,BD064,BD049,SA020,n,,0.353,0.059,columns,0.9
C_prose_ngram,pcos,17,y,10,6,1,0,1.2,2.0,0.7,0.0,1,2,BE007,BE015,BE024,n,,0.235,0.0,books,1.61
C_prose_ngram,pedro,17,y,5,6,5,1,0.6,2.0,3.3,2.9,6,3,BC046,CD027,GC026,n,,0.059,0.0,speeches,3.22
C_prose_ngram,philippine judiciary,17,y,4,11,2,0,0.5,3.7,1.3,0.0,5,2,BD039,BD049,BD050,n,,0.118,0.059,books,7.39
C_prose_ngram,phone,17,y,3,5,7,2,0.4,1.7,4.6,5.7,3,3,BC039,SC081,SA111,n,,0.059,0.0,biography,4.48
C_prose_ngram,presentation,17,y,5,5,7,0,0.6,1.7,4.6,0.0,4,3,BA080,SA011,BD020,n,,0.118,0.0,speeches,2.69
C_prose_ngram,president gloria,17,y,6,8,1,2,0.7,2.7,0.7,5.7,5,2,CA426,BD045,SA136,n,,0.059,0.0,biography,3.58
C_prose_ngram,prevail,17,y,6,10,1,0,0.7,3.3,0.7,0.0,5,2,BA057,BB038,BE025,n,,0.294,0.0,books,4.48
C_prose_ngram,prevention,17,y,13,2,2,0,1.6,0.7,1.3,0.0,2,1,CA131,CA423,CC017,n,,0.176,0.059,columns,0.41
C_prose_ngram,prices,17,y,9,6,2,0,1.1,2.0,1.3,0.0,5,2,BB013,BB030,CC106,n,,0.235,0.059,books,1.79
C_prose_ngram,propose,17,y,9,4,3,1,1.1,1.3,2.0,2.9,3,3,BA078,CA079,SA095,n,,0.118,0.059,biography,1.19
C_prose_ngram,prosperity digest,17,y,0,17,0,0,0.0,5.7,0.0,0.0,1,1,BA100,BB040,BB042,n,,0.412,0.0,books,inf
C_prose_ngram,proving,17,y,3,13,0,1,0.4,4.3,0.0,2.9,8,2,BA092,BA080,BA083,n,,0.235,0.0,books,11.64
C_prose_ngram,punishment,17,y,7,6,2,2,0.9,2.0,1.3,5.7,5,2,BA059,BA054,GC031,n,,0.059,0.0,biography,2.3
C_prose_ngram,purchase,17,y,10,6,1,0,1.2,2.0,0.7,0.0,4,2,CC106,CE094,CA391,n,,0.235,0.059,books,1.61
C_prose_ngram,pure,17,y,3,9,4,1,0.4,3.0,2.6,2.9,6,3,BD054,BC039,BA035,n,,0.118,0.059,books,8.06
C_prose_ngram,pursue,17,y,5,4,7,1,0.6,1.3,4.6,2.9,1,3,SB040,CA420,SA138,n,,0.059,0.0,speeches,2.15
C_prose_ngram,rallies,17,y,7,7,3,0,0.9,2.3,2.0,0.0,5,3,BA100,BD053,BA099,n,,0.235,0.059,books,2.69
C_prose_ngram,rebuttal,17,y,10,7,0,0,1.2,2.3,0.0,0.0,4,2,CA322,BA003,BA082,n,,0.059,0.0,books,1.88
C_prose_ngram,recognizes,17,y,7,9,1,0,0.9,3.0,0.7,0.0,7,2,BB038,BB020,CA400,n,,0.176,0.0,books,3.45
C_prose_ngram,registered,17,y,12,4,1,0,1.5,1.3,0.7,0.0,3,2,CA458,BB024,CA367,n,,0.471,0.0,columns,0.9
C_prose_ngram,reiterated,17,y,6,10,1,0,0.7,3.3,0.7,0.0,7,2,BD059,BA055,BA092,n,,0.176,0.0,books,4.48
C_prose_ngram,related,17,y,11,5,1,0,1.4,1.7,0.7,0.0,4,2,BB019,BA097,CA444,n,,0.353,0.176,books,1.22
C_prose_ngram,reminder,17,y,10,5,2,0,1.2,1.7,1.3,0.0,4,2,BC046,CA053,CA049,n,,0.235,0.059,books,1.34
C_prose_ngram,requested,17,y,6,5,6,0,0.7,1.7,3.9,0.0,3,3,BA078,BD064,SA020,n,,0.176,0.0,speeches,2.24
C_prose_ngram,resting,17,y,0,16,0,1,0.0,5.4,0.0,2.9,7,1,BD059,BD037,BD035,n,,0.118,0.0,books,inf
C_prose_ngram,revenues,17,y,11,5,1,0,1.4,1.7,0.7,0.0,5,2,BB032,BB038,CA053,n,,0.059,0.0,books,1.22
C_prose_ngram,revised penal,17,y,11,6,0,0,1.4,2.0,0.0,0.0,6,2,BA080,BA070,CA131,n,,0.294,0.0,books,1.46
C_prose_ngram,revised penal code,17,y,11,6,0,0,1.4,2.0,0.0,0.0,6,2,BA080,BA070,CA131,n,,0.294,0.0,books,1.46
C_prose_ngram,romero,17,y,7,10,0,0,0.9,3.3,0.0,0.0,5,2,BA057,CC045,CA433,n,,0.353,0.118,books,3.84
C_prose_ngram,rules of procedure,17,y,10,6,1,0,1.2,2.0,0.7,0.0,4,2,BD049,BA093,CA086,n,,0.118,0.059,books,1.61
C_prose_ngram,sc decision,17,y,15,0,2,0,1.9,0.0,1.3,0.0,0,1,CA404,CA134,CA405,n,,0.176,0.0,columns,0.0
C_prose_ngram,scalia,17,y,11,0,6,0,1.4,0.0,3.9,0.0,0,2,SC025,CC101,SD082,n,,0.059,0.0,speeches,0.0
C_prose_ngram,scheme,17,y,7,10,0,0,0.9,3.3,0.0,0.0,8,2,BA041,BB013,BB007,n,,0.294,0.059,books,3.84
C_prose_ngram,secrecy,17,y,10,7,0,0,1.2,2.3,0.0,0.0,3,2,BE012,CA473,BE013,n,,0.235,0.118,books,1.88
C_prose_ngram,senior justice,17,y,10,5,2,0,1.2,1.7,1.3,0.0,4,2,BD054,CA040,CA393,n,,0.176,0.0,books,1.34
C_prose_ngram,simultaneously,17,y,8,5,3,1,1.0,1.7,2.0,2.9,3,3,BA006,CC005,BD065,n,,0.118,0.059,biography,1.68
C_prose_ngram,soldiers,17,y,8,5,3,1,1.0,1.7,2.0,2.9,4,3,BA081,CA139,CE080,n,,0.176,0.0,biography,1.68
C_prose_ngram,solgen,17,y,16,0,1,0,2.0,0.0,0.7,0.0,0,1,CA426,CE093,CA121,n,,0.118,0.0,columns,0.0
C_prose_ngram,sovereign rights,17,y,15,0,2,0,1.9,0.0,1.3,0.0,0,1,CA365,CA341,CA340,n,,0.118,0.0,columns,0.0
C_prose_ngram,spain,17,y,10,3,4,0,1.2,1.0,2.6,0.0,3,3,SA145,BD063,SB040,n,,0.353,0.118,speeches,0.81
C_prose_ngram,sponsored,17,y,8,4,4,1,1.0,1.3,2.6,2.9,3,3,SB075,CE095,CE088,n,,0.118,0.0,biography,1.34
C_prose_ngram,spouses,17,y,8,8,1,0,1.0,2.7,0.7,0.0,6,2,BB012,BA053,BC039,n,,0.412,0.0,books,2.69
C_prose_ngram,stations,17,y,3,13,0,1,0.4,4.3,0.0,2.9,8,2,BD059,BD053,BD039,n,,0.118,0.0,books,11.64
C_prose_ngram,status quo,17,y,9,8,0,0,1.1,2.7,0.0,0.0,5,2,BB013,CA121,BA018,n,,0.118,0.0,books,2.39
C_prose_ngram,stood,17,y,6,8,2,1,0.7,2.7,1.3,2.9,5,2,CA393,BD035,BA083,n,,0.235,0.0,biography,3.58
C_prose_ngram,stress,17,y,7,6,4,0,0.9,2.0,2.6,0.0,5,3,CC106,BD068,BC046,n,,0.235,0.0,speeches,2.3
C_prose_ngram,successors,17,y,9,4,4,0,1.1,1.3,2.6,0.0,3,3,SB075,CE096,SD087,n,,0.176,0.059,speeches,1.19
C_prose_ngram,sued,17,y,5,10,2,0,0.6,3.3,1.3,0.0,6,2,BB019,BD058,BB018,n,,0.412,0.0,books,5.37
C_prose_ngram,suggestion,17,y,7,7,2,1,0.9,2.3,1.3,2.9,6,2,CA186,BA077,CA077,n,,0.118,0.0,biography,2.69
C_prose_ngram,sui generis,17,y,12,4,1,0,1.5,1.3,0.7,0.0,4,2,BA086,CA535,BA082,y,impeachment_accountability,0.0,0.0,columns,0.9
C_prose_ngram,supplies,17,y,5,11,1,0,0.6,3.7,0.7,0.0,8,2,BA084,BD060,BA091,n,,0.235,0.059,books,5.91
C_prose_ngram,tanada angara,17,y,1,10,6,0,0.1,3.3,3.9,0.0,6,2,BA032,BD060,BD053,n,,0.0,0.0,speeches,26.86
C_prose_ngram,terrorism,17,y,9,7,0,1,1.1,2.3,0.0,2.9,5,2,BA100,BA081,CA152,n,,0.235,0.118,biography,2.09
C_prose_ngram,testimonial,17,y,7,5,4,1,0.9,1.7,2.6,2.9,4,3,BD062,CC061,SA056,n,,0.059,0.0,biography,1.92
C_prose_ngram,thailand,17,y,10,4,3,0,1.2,1.3,2.0,0.0,3,3,BA097,CA420,BD049,n,,0.059,0.0,speeches,1.07
C_prose_ngram,town,17,y,7,3,4,3,0.9,1.0,2.6,8.6,2,4,CA453,SC046,GC026,n,,0.176,0.118,biography,1.15
C_prose_ngram,traced,17,y,4,11,2,0,0.5,3.7,1.3,0.0,6,2,BD059,BD060,SA095,n,,0.059,0.0,books,7.39
C_prose_ngram,trained,17,y,3,11,3,0,0.4,3.7,2.0,0.0,7,3,BD039,BA077,BD049,n,,0.235,0.0,books,9.85
C_prose_ngram,ultimately,17,y,8,6,3,0,1.0,2.0,2.0,0.0,3,3,BD054,SA052,BE018,n,,0.118,0.0,books,2.01
C_prose_ngram,understanding,17,y,10,7,0,0,1.2,2.3,0.0,0.0,4,2,BA080,BA035,CA402,n,,0.235,0.0,books,1.88
C_prose_ngram,unjust,17,y,9,8,0,0,1.1,2.7,0.0,0.0,4,2,BA057,CA226,BD056,n,,0.235,0.0,books,2.39
C_prose_ngram,urgent,17,y,10,6,1,0,1.2,2.0,0.7,0.0,5,2,CA121,BD061,BA083,n,,0.235,0.0,books,1.61
C_prose_ngram,verba,17,y,15,2,0,0,1.9,0.7,0.0,0.0,2,1,BA086,CA147,CA362,n,,0.176,0.0,columns,0.36
C_prose_ngram,verba legis,17,y,15,2,0,0,1.9,0.7,0.0,0.0,2,1,BA086,CA147,CA362,n,,0.176,0.0,columns,0.36
C_prose_ngram,verbal,17,y,12,4,1,0,1.5,1.3,0.7,0.0,3,2,BD028,BA073,CE105,n,,0.118,0.0,columns,0.9
C_prose_ngram,verbatim,17,y,14,3,0,0,1.7,1.0,0.0,0.0,3,2,CC106,CE096,CA420,n,,0.235,0.0,columns,0.58
C_prose_ngram,viable,17,y,11,2,4,0,1.4,0.7,2.6,0.0,2,2,BD060,CA131,SD016,n,,0.176,0.059,speeches,0.49
C_prose_ngram,vicente mendoza,17,y,7,10,0,0,0.9,3.3,0.0,0.0,6,2,BE008,BA108,CA433,n,,0.176,0.059,books,3.84
C_prose_ngram,virtues,17,y,4,8,3,2,0.5,2.7,2.0,5.7,6,3,BD057,BA041,GC031,n,,0.176,0.0,biography,5.37
C_prose_ngram,voluntarily,17,y,13,4,0,0,1.6,1.3,0.0,0.0,4,2,BA036,CA433,CA521,n,,0.294,0.118,columns,0.83
C_prose_ngram,william,17,y,6,6,4,1,0.7,2.0,2.6,2.9,3,3,BD054,BD060,BA084,n,,0.176,0.0,biography,2.69
C_prose_ngram,wwii,17,y,13,1,3,0,1.6,0.3,2.0,0.0,1,2,CC109,CE081,CC081,n,,0.059,0.0,speeches,0.21
C_prose_ngram,abandonment,16,y,8,7,1,0,1.0,2.3,0.7,0.0,6,2,BA036,BA078,CA356,n,,0.375,0.0,books,2.35
C_prose_ngram,accessible,16,y,5,9,2,0,0.6,3.0,1.3,0.0,6,2,BD034,BD049,BA077,n,,0.25,0.0,books,4.83
C_prose_ngram,achievements,16,y,6,5,5,0,0.7,1.7,3.3,0.0,3,3,BD052,SA098,CA092,n,,0.188,0.0,speeches,2.24
C_prose_ngram,adequate,16,y,11,5,0,0,1.4,1.7,0.0,0.0,5,2,BA041,BA053,CA024,n,,0.125,0.0,books,1.22
C_prose_ngram,adherence,16,y,7,7,2,0,0.9,2.3,1.3,0.0,6,2,BB032,CA400,BB030,n,,0.125,0.0,books,2.69
C_prose_ngram,adoption,16,y,12,2,2,0,1.5,0.7,1.3,0.0,2,1,CA348,CC069,BA054,n,,0.062,0.062,columns,0.45
C_prose_ngram,affirming,16,y,8,7,0,1,1.0,2.3,0.0,2.9,7,2,BA057,CA368,BB018,n,,0.375,0.0,biography,2.35
C_prose_ngram,alien,16,y,10,6,0,0,1.2,2.0,0.0,0.0,5,2,BA055,CA404,CA385,n,,0.25,0.0,books,1.61
C_prose_ngram,alternatives,16,y,8,7,1,0,1.0,2.3,0.7,0.0,4,2,BD060,BD036,BA026,n,,0.312,0.0,books,2.35
C_prose_ngram,ang bagong,16,y,7,6,3,0,0.9,2.0,2.0,0.0,5,3,BB007,CA147,SA099,n,,0.062,0.062,books,2.3
C_prose_ngram,anthony,16,y,7,6,2,1,0.9,2.0,1.3,2.9,5,2,CC101,BD049,BA077,n,,0.188,0.0,biography,2.3
C_prose_ngram,arms,16,y,12,3,1,0,1.5,1.0,0.7,0.0,2,2,CA200,CA308,BA003,n,,0.188,0.0,columns,0.67
C_prose_ngram,art's,16,y,0,0,1,15,0.0,0.0,0.7,42.9,0,1,GC030,GC026,GC031,n,,0.125,0.062,biography,inf
C_prose_ngram,article xii,16,y,6,7,3,0,0.7,2.3,2.0,0.0,5,3,BB038,BB013,BB033,y,constitutional_doctrine,0.062,0.0,books,3.13
C_prose_ngram,assault,16,y,9,7,0,0,1.1,2.3,0.0,0.0,4,2,BA089,CA439,BA092,n,,0.25,0.062,books,2.09
C_prose_ngram,awaiting,16,y,10,5,1,0,1.2,1.7,0.7,0.0,4,2,BD034,CA432,CA207,n,,0.188,0.0,books,1.34
C_prose_ngram,awarded,16,y,5,9,1,1,0.6,3.0,0.7,2.9,6,2,BB029,BB021,BB030,n,,0.375,0.0,books,4.83
C_prose_ngram,bagong bayani,16,y,11,3,2,0,1.4,1.0,1.3,0.0,3,2,CA147,CA479,SA099,n,,0.125,0.125,columns,0.73
C_prose_ngram,bar topnotchers,16,y,5,3,8,0,0.6,1.0,5.2,0.0,3,3,SD016,SD044,SD054,n,,0.0,0.0,speeches,1.61
C_prose_ngram,baseless,16,y,7,7,2,0,0.9,2.3,1.3,0.0,5,2,BD057,BD037,CA201,n,,0.125,0.0,books,2.69
C_prose_ngram,biggest,16,y,8,4,4,0,1.0,1.3,2.6,0.0,4,3,BC043,CD027,SB079,n,,0.188,0.0,speeches,1.34
C_prose_ngram,blue,16,y,13,1,2,0,1.6,0.3,1.3,0.0,1,1,CA436,CE027,CA425,n,,0.25,0.188,columns,0.21
C_prose_ngram,bong,16,y,14,0,2,0,1.7,0.0,1.3,0.0,0,1,CA230,CA397,CA392,n,,0.0,0.0,columns,0.0
C_prose_ngram,borja,16,y,9,2,5,0,1.1,0.7,3.3,0.0,2,2,SD016,SD044,SD033,n,,0.125,0.062,speeches,0.6
C_prose_ngram,bought,16,y,4,7,5,0,0.5,2.3,3.3,0.0,7,3,BD054,BB024,BB029,n,,0.375,0.0,speeches,4.7
C_prose_ngram,break,16,y,9,7,0,0,1.1,2.3,0.0,0.0,4,2,CA426,BA077,BE022,n,,0.062,0.0,books,2.09
C_prose_ngram,brion,16,y,12,2,2,0,1.5,0.7,1.3,0.0,1,1,CA186,CA353,CA385,n,,0.0,0.0,columns,0.45
C_prose_ngram,broadcast,16,y,5,9,2,0,0.6,3.0,1.3,0.0,6,2,BA038,BA056,BD045,n,,0.0,0.0,books,4.83
C_prose_ngram,bugal-b'laan,16,y,6,7,3,0,0.7,2.3,2.0,0.0,2,3,BB032,BD059,SB085,n,,0.0,0.0,books,3.13
C_prose_ngram,cabinet members,16,y,5,5,6,0,0.6,1.7,3.9,0.0,5,3,BD070,BA078,BA028,n,,0.125,0.062,speeches,2.69
C_prose_ngram,cagayan,16,y,5,9,2,0,0.6,3.0,1.3,0.0,6,2,BD053,BD064,BD049,n,,0.125,0.062,books,4.83
C_prose_ngram,cancelled,16,y,9,5,2,0,1.1,1.7,1.3,0.0,4,2,BA100,BA096,CA353,n,,0.25,0.062,books,1.49
C_prose_ngram,canvass,16,y,13,3,0,0,1.6,1.0,0.0,0.0,2,2,CA458,CA525,BA025,n,,0.188,0.0,columns,0.62
C_prose_ngram,capital offenses,16,y,15,1,0,0,1.9,0.3,0.0,0.0,1,1,CA408,CA396,CA410,n,,0.125,0.0,columns,0.18
C_prose_ngram,carrying,16,y,6,7,1,2,0.7,2.3,0.7,5.7,5,2,BD054,BD061,BD033,n,,0.25,0.0,biography,3.13
C_prose_ngram,causing,16,y,12,3,1,0,1.5,1.0,0.7,0.0,3,2,CA108,CA474,CA083,n,,0.125,0.062,columns,0.67
C_prose_ngram,cell,16,y,8,3,5,0,1.0,1.0,3.3,0.0,2,3,SE038,BE032,SA078,n,,0.25,0.0,speeches,1.01
C_prose_ngram,centennial,16,y,4,9,2,1,0.5,3.0,1.3,2.9,3,2,BD045,BA078,BD044,n,,0.125,0.0,books,6.04
C_prose_ngram,central student,16,y,4,7,4,1,0.5,2.3,2.6,2.9,4,3,BC045,BC046,BC019,n,,0.0,0.0,biography,4.7
C_prose_ngram,characterization,16,y,7,4,0,5,0.9,1.3,0.0,14.3,3,3,GC016,CE003,CA358,n,,0.188,0.062,biography,1.53
C_prose_ngram,chief justice hilario,16,y,1,12,0,3,0.1,4.0,0.0,8.6,7,2,BD034,BD049,BD064,n,,0.188,0.062,biography,32.23
C_prose_ngram,church's,16,y,4,11,1,0,0.5,3.7,0.7,0.0,6,2,BB012,BD056,BC002,n,,0.125,0.0,books,7.39
C_prose_ngram,circular,16,y,9,6,1,0,1.1,2.0,0.7,0.0,3,2,CA517,CA277,BD013,n,,0.062,0.0,books,1.79
C_prose_ngram,civil service,16,y,8,7,1,0,1.0,2.3,0.7,0.0,6,2,BB026,BB012,CA362,n,,0.188,0.0,books,2.35
C_prose_ngram,cjp's address,16,y,0,15,1,0,0.0,5.0,0.7,0.0,7,1,BB027,BB028,BB038,n,,0.125,0.0,books,inf
C_prose_ngram,clarity,16,y,8,4,1,3,1.0,1.3,0.7,8.6,4,3,BD057,BC040,SC116,n,,0.125,0.0,biography,1.34
C_prose_ngram,classification,16,y,11,5,0,0,1.4,1.7,0.0,0.0,4,2,CA365,BA039,CA364,n,,0.062,0.0,books,1.22
C_prose_ngram,clinton,16,y,14,2,0,0,1.7,0.7,0.0,0.0,2,1,BA036,CE064,CA539,n,,0.188,0.0,columns,0.38
C_prose_ngram,codes,16,y,3,11,1,1,0.4,3.7,0.7,2.9,9,2,BD064,BB031,BD024,n,,0.25,0.0,books,9.85
C_prose_ngram,coequal,16,y,7,9,0,0,0.9,3.0,0.0,0.0,5,2,BB027,BB013,BA086,n,,0.125,0.0,books,3.45
C_prose_ngram,cold,16,y,1,7,5,3,0.1,2.3,3.3,8.6,5,3,SC081,BC013,SB079,n,,0.125,0.0,biography,18.8
C_prose_ngram,comelec june,16,y,16,0,0,0,2.0,0.0,0.0,0.0,0,1,CA147,CA168,CA479,n,,0.188,0.0,columns,0.0
C_prose_ngram,commission on appointments,16,y,10,5,1,0,1.2,1.7,0.7,0.0,2,2,BD061,BD005,CC101,n,,0.0,0.0,books,1.34
C_prose_ngram,compared,16,y,10,5,1,0,1.2,1.7,0.7,0.0,3,2,BD046,BB017,CC007,n,,0.25,0.062,books,1.34
C_prose_ngram,computers,16,y,3,12,1,0,0.4,4.0,0.7,0.0,5,2,BD039,BD036,BD054,n,,0.188,0.0,books,10.74
C_prose_ngram,concluded,16,y,9,7,0,0,1.1,2.3,0.0,0.0,6,2,BB013,BB020,CA426,n,,0.125,0.0,books,2.09
C_prose_ngram,confidential,16,y,9,7,0,0,1.1,2.3,0.0,0.0,5,2,BD028,BD034,CA429,n,,0.25,0.0,books,2.09
C_prose_ngram,consider,16,y,8,5,3,0,1.0,1.7,2.0,0.0,5,3,BD056,SA095,BA081,n,,0.25,0.0,speeches,1.68
C_prose_ngram,constituent,16,y,11,3,2,0,1.4,1.0,1.3,0.0,1,2,BA001,CA342,CA147,n,,0.062,0.0,columns,0.73
C_prose_ngram,constitutional mandate,16,y,9,7,0,0,1.1,2.3,0.0,0.0,5,2,BB028,BB032,CB018,n,,0.0,0.0,books,2.09
C_prose_ngram,copy,16,y,10,3,1,2,1.2,1.0,0.7,5.7,3,2,BB031,CA053,CA420,n,,0.125,0.062,biography,0.81
C_prose_ngram,coup,16,y,8,4,2,2,1.0,1.3,1.3,5.7,3,2,BA078,BE003,CA077,n,,0.062,0.0,biography,1.34
C_prose_ngram,covid-,16,y,10,0,6,0,1.2,0.0,3.9,0.0,0,2,CE046,CE062,CA219,n,,0.188,0.0,speeches,0.0
C_prose_ngram,davide standard,16,y,0,16,0,0,0.0,5.4,0.0,0.0,3,1,BD034,BD031,BA065,n,,0.312,0.062,books,inf
C_prose_ngram,dead,16,y,8,4,3,1,1.0,1.3,2.0,2.9,4,3,BC046,BC043,CA428,n,,0.25,0.062,biography,1.34
C_prose_ngram,deciding,16,y,6,9,1,0,0.7,3.0,0.7,0.0,5,2,BD028,BB027,BB038,n,,0.188,0.062,books,4.03
C_prose_ngram,delivering,16,y,7,3,5,1,0.9,1.0,3.3,2.9,3,3,BD060,BB027,CC091,n,,0.312,0.062,speeches,1.15
C_prose_ngram,develop,16,y,8,6,1,1,1.0,2.0,0.7,2.9,5,2,BA041,BB032,BC039,n,,0.125,0.0,biography,2.01
C_prose_ngram,devoted,16,y,3,6,6,1,0.4,2.0,3.9,2.9,4,3,SC129,CC002,SC064,n,,0.062,0.0,speeches,5.37
C_prose_ngram,diamond,16,y,5,3,6,2,0.6,1.0,3.9,5.7,3,3,SC023,BC039,SC032,n,,0.188,0.062,biography,1.61
C_prose_ngram,dictatorship,16,y,4,8,3,1,0.5,2.7,2.0,2.9,5,3,BA006,BA055,SE038,n,,0.0,0.0,biography,5.37
C_prose_ngram,dispute resolution,16,y,4,11,0,1,0.5,3.7,0.0,2.9,7,2,BD039,BA077,BD046,n,,0.375,0.0,books,7.39
C_prose_ngram,dlsu,16,y,14,0,2,0,1.7,0.0,1.3,0.0,0,1,CD017,CD001,CA434,n,,0.062,0.0,columns,0.0
C_prose_ngram,drew,16,y,0,13,2,1,0.0,4.3,1.3,2.9,6,1,BC045,BD067,BC040,n,,0.062,0.0,books,inf
C_prose_ngram,driver,16,y,7,8,1,0,0.9,2.7,0.7,0.0,4,2,BB012,BD022,BC031,n,,0.25,0.062,books,3.07
C_prose_ngram,earthquake,16,y,10,2,3,1,1.2,0.7,2.0,2.9,2,2,SC014,BC024,SC152,n,,0.125,0.125,biography,0.54
C_prose_ngram,election day,16,y,12,3,1,0,1.5,1.0,0.7,0.0,3,2,CE043,CE067,BA019,n,,0.5,0.125,columns,0.67
C_prose_ngram,enormous,16,y,9,5,2,0,1.1,1.7,1.3,0.0,2,2,BD070,BD060,BE022,n,,0.125,0.062,books,1.49
C_prose_ngram,evening,16,y,4,6,4,2,0.5,2.0,2.6,5.7,4,3,BC036,SC024,SC032,n,,0.125,0.0,biography,4.03
C_prose_ngram,example the davide,16,y,0,16,0,0,0.0,5.4,0.0,0.0,3,1,BD034,BD031,BA065,n,,0.312,0.062,books,inf
C_prose_ngram,expect,16,y,10,4,2,0,1.2,1.3,1.3,0.0,2,2,CE086,CE096,BE009,n,,0.25,0.062,books,1.07
C_prose_ngram,facebook,16,y,15,0,1,0,1.9,0.0,0.7,0.0,0,1,CA423,CA521,CA027,n,,0.375,0.062,columns,0.0
C_prose_ngram,facto,16,y,10,6,0,0,1.2,2.0,0.0,0.0,6,2,CA035,BA053,BA037,n,,0.125,0.0,books,1.61
C_prose_ngram,faster,16,y,10,3,2,1,1.2,1.0,1.3,2.9,3,2,CA326,BD028,CE099,n,,0.312,0.062,biography,0.81
C_prose_ngram,favorable,16,y,9,6,0,1,1.1,2.0,0.0,2.9,5,2,BB018,BD056,BA090,n,,0.125,0.0,biography,1.79
C_prose_ngram,federation,16,y,6,9,1,0,0.7,3.0,0.7,0.0,6,2,BA032,BB007,SA099,n,,0.062,0.062,books,4.03
C_prose_ngram,feu law,16,y,8,3,3,2,1.0,1.0,2.0,5.7,3,3,BC045,GC026,CA434,y,bar_exam_and_legal_education,0.0,0.0,biography,1.01
C_prose_ngram,finds,16,y,6,7,3,0,0.7,2.3,2.0,0.0,4,3,BB013,BB021,CD027,n,,0.188,0.062,books,3.13
C_prose_ngram,finish,16,y,7,4,3,2,0.9,1.3,2.0,5.7,3,3,CC006,GC026,CD012,n,,0.0,0.0,biography,1.53
C_prose_ngram,fish,16,y,9,1,6,0,1.1,0.3,3.9,0.0,1,2,SB051,SB028,SB073,n,,0.062,0.0,speeches,0.3
C_prose_ngram,fishing,16,y,11,2,3,0,1.4,0.7,2.0,0.0,2,2,CA010,CE003,CA341,n,,0.062,0.0,speeches,0.49
C_prose_ngram,flag,16,y,10,4,1,1,1.2,1.3,0.7,2.9,2,2,BB031,CA040,GC031,n,,0.375,0.0,biography,1.07
C_prose_ngram,forbes,16,y,9,2,5,0,1.1,0.7,3.3,0.0,2,2,SB042,BA020,CA147,n,,0.25,0.0,speeches,0.6
C_prose_ngram,forecast,16,y,12,4,0,0,1.5,1.3,0.0,0.0,3,2,CA429,BD034,CA430,n,,0.125,0.0,columns,0.9
C_prose_ngram,formation,16,y,6,5,3,2,0.7,1.7,2.0,5.7,4,3,BD053,BD063,BC046,n,,0.125,0.0,biography,2.24
C_prose_ngram,free speech,16,y,6,9,1,0,0.7,3.0,0.7,0.0,6,2,BA036,BA055,BA108,n,,0.062,0.0,books,4.03
C_prose_ngram,full-time,16,y,5,9,2,0,0.6,3.0,1.3,0.0,7,2,BD034,BA077,BD037,n,,0.188,0.0,books,4.83
C_prose_ngram,governs,16,y,6,9,1,0,0.7,3.0,0.7,0.0,7,2,BA055,BB028,BA091,n,,0.0,0.0,books,4.03
C_prose_ngram,graduation,16,y,4,8,3,1,0.5,2.7,2.0,2.9,5,3,BC046,BD021,BC041,n,,0.062,0.0,biography,5.37
C_prose_ngram,grandson,16,y,8,1,7,0,1.0,0.3,4.6,0.0,1,2,SD016,SD044,SD021,n,,0.062,0.0,speeches,0.34
C_prose_ngram,gregorio,16,y,10,2,4,0,1.2,0.7,2.6,0.0,2,2,SD054,CD017,CD008,n,,0.062,0.0,speeches,0.54
C_prose_ngram,grounding,16,y,6,9,1,0,0.7,3.0,0.7,0.0,6,2,BD062,BD020,BA037,n,,0.188,0.062,books,4.03
C_prose_ngram,guests,16,y,3,2,10,1,0.4,0.7,6.5,2.9,2,2,SD016,SB006,SD002,n,,0.125,0.0,speeches,1.79
C_prose_ngram,guiding,16,y,8,4,4,0,1.0,1.3,2.6,0.0,4,3,BD055,BD037,SC029,n,,0.125,0.062,speeches,1.34
C_prose_ngram,guingona,16,y,6,8,1,1,0.7,2.7,0.7,2.9,5,2,BA036,BA084,BA086,n,,0.125,0.062,biography,3.58
C_prose_ngram,halls,16,y,2,12,2,0,0.2,4.0,1.3,0.0,7,1,BA077,BD036,BD062,n,,0.062,0.0,books,16.11
C_prose_ngram,heroes,16,y,10,6,0,0,1.2,2.0,0.0,0.0,4,2,BD054,BD056,CA269,n,,0.25,0.062,books,1.61
C_prose_ngram,highest court,16,y,6,6,3,1,0.7,2.0,2.0,2.9,5,3,BB031,CA434,BD045,n,,0.188,0.0,biography,2.69
C_prose_ngram,honorable,16,y,8,3,4,1,1.0,1.0,2.6,2.9,3,3,BD057,CC094,SD060,n,,0.062,0.0,biography,1.01
C_prose_ngram,hosted,16,y,8,2,6,0,1.0,0.7,3.9,0.0,1,2,CC100,SB050,SA119,n,,0.125,0.062,speeches,0.67
C_prose_ngram,humans,16,y,7,4,5,0,0.9,1.3,3.3,0.0,3,3,SB051,BC040,SB028,n,,0.188,0.062,speeches,1.53
C_prose_ngram,identify,16,y,11,4,1,0,1.4,1.3,0.7,0.0,3,2,BD037,CA230,CA294,n,,0.375,0.062,columns,0.98
C_prose_ngram,illustration,16,y,7,5,4,0,0.9,1.7,2.6,0.0,5,3,BB013,BA080,CA102,n,,0.312,0.062,speeches,1.92
C_prose_ngram,implications,16,y,12,4,0,0,1.5,1.3,0.0,0.0,4,2,BA080,CA430,BA073,n,,0.25,0.0,columns,0.9
C_prose_ngram,inauguration,16,y,10,1,4,1,1.2,0.3,2.6,2.9,1,2,BD070,CD027,SC014,n,,0.312,0.062,biography,0.27
C_prose_ngram,independently,16,y,7,9,0,0,0.9,3.0,0.0,0.0,6,2,BA069,BA037,BA099,n,,0.125,0.0,books,3.45
C_prose_ngram,indifference,16,y,3,9,4,0,0.4,3.0,2.6,0.0,2,3,BD059,BD062,BD064,n,,0.062,0.0,books,8.06
C_prose_ngram,industry and intelligence,16,y,2,10,3,1,0.2,3.3,2.0,2.9,4,2,BD054,BD064,BD049,n,,0.062,0.0,books,13.43
C_prose_ngram,installed,16,y,10,3,3,0,1.2,1.0,2.0,0.0,3,3,BA097,SA056,CC049,n,,0.188,0.062,speeches,0.81
C_prose_ngram,integrity industry,16,y,1,4,10,1,0.1,1.3,6.5,2.9,2,2,BD064,BD060,SA134,n,,0.0,0.0,speeches,10.74
C_prose_ngram,intention,16,y,9,6,1,0,1.1,2.0,0.7,0.0,4,2,BA096,BB021,CA102,n,,0.25,0.0,books,1.79
C_prose_ngram,inting,16,y,15,1,0,0,1.9,0.3,0.0,0.0,1,1,CA163,CA150,BA069,n,,0.25,0.0,columns,0.18
C_prose_ngram,jobs freedom,16,y,9,1,6,0,1.1,0.3,3.9,0.0,1,2,SB028,SB051,CD026,n,,0.0,0.0,speeches,0.3
C_prose_ngram,judged,16,y,6,10,0,0,0.7,3.3,0.0,0.0,9,2,BD056,BC019,CA453,n,,0.25,0.062,books,4.48
C_prose_ngram,judicial education,16,y,1,11,3,1,0.1,3.7,2.0,2.9,4,2,BD049,BD064,BD050,n,,0.125,0.0,books,29.54
C_prose_ngram,judicial reform program,16,y,1,13,2,0,0.1,4.3,1.3,0.0,5,1,BD050,BD067,BD044,y,judicial_reform,0.188,0.0,books,34.91
C_prose_ngram,junior,16,y,11,1,3,1,1.4,0.3,2.0,2.9,1,2,CC110,SD044,SC088,n,,0.062,0.0,biography,0.24
C_prose_ngram,justice hilario,16,y,1,12,0,3,0.1,4.0,0.0,8.6,7,2,BD034,BD049,BD064,n,,0.188,0.062,biography,32.23
C_prose_ngram,justice hilario davide,16,y,1,12,0,3,0.1,4.0,0.0,8.6,7,2,BD034,BD049,BD064,n,,0.188,0.062,biography,32.23
C_prose_ngram,justice puno,16,y,0,16,0,0,0.0,5.4,0.0,0.0,7,1,BA056,BA055,BB013,n,,0.0,0.0,books,inf
C_prose_ngram,justice's,16,y,3,12,1,0,0.4,4.0,0.7,0.0,7,2,BD059,BD034,BD028,n,,0.0,0.0,books,10.74
C_prose_ngram,la bugal-b'laan,16,y,6,7,3,0,0.7,2.3,2.0,0.0,2,3,BB032,BD059,SB085,n,,0.0,0.0,books,3.13
C_prose_ngram,lacks,16,y,10,5,0,1,1.2,1.7,0.0,2.9,3,2,CA368,BD046,CA517,n,,0.25,0.062,biography,1.34
C_prose_ngram,lambino comelec,16,y,13,1,2,0,1.6,0.3,1.3,0.0,1,1,CA187,CA322,CA079,n,,0.062,0.0,columns,0.21
C_prose_ngram,lasting,16,y,8,7,1,0,1.0,2.3,0.7,0.0,6,2,BD059,BB027,CD027,n,,0.188,0.062,books,2.35
C_prose_ngram,learn,16,y,8,4,4,0,1.0,1.3,2.6,0.0,4,3,BD067,BD050,SC090,n,,0.0,0.0,speeches,1.34
C_prose_ngram,leaves,16,y,8,7,1,0,1.0,2.3,0.7,0.0,6,2,CA442,BA092,CA223,n,,0.062,0.0,books,2.35
C_prose_ngram,lectures,16,y,3,6,6,1,0.4,2.0,3.9,2.9,5,3,BD052,BD049,BD044,n,,0.062,0.0,speeches,5.37
C_prose_ngram,legislate,16,y,7,7,2,0,0.9,2.3,1.3,0.0,5,2,BB013,BA097,BB020,n,,0.25,0.062,books,2.69
C_prose_ngram,lesser,16,y,8,7,1,0,1.0,2.3,0.7,0.0,5,2,BA083,BD071,CA366,n,,0.188,0.0,books,2.35
C_prose_ngram,life liberty,16,y,11,3,2,0,1.4,1.0,1.3,0.0,2,2,CA022,CC101,CA393,n,,0.0,0.0,columns,0.73
C_prose_ngram,litigations,16,y,10,3,3,0,1.2,1.0,2.0,0.0,3,3,BD039,CB018,CC101,n,,0.125,0.0,speeches,0.81
C_prose_ngram,lord jesus,16,y,5,3,8,0,0.6,1.0,5.2,0.0,2,3,CC006,SC010,BC020,n,,0.062,0.0,speeches,1.61
C_prose_ngram,lourdes sereno,16,y,13,0,3,0,1.6,0.0,2.0,0.0,0,2,CC101,CB018,CC100,n,,0.062,0.0,speeches,0.0
C_prose_ngram,maria lourdes sereno,16,y,13,0,3,0,1.6,0.0,2.0,0.0,0,2,CC101,CB018,CC100,n,,0.062,0.0,speeches,0.0
C_prose_ngram,masses,16,y,9,4,2,1,1.1,1.3,1.3,2.9,4,2,BE003,BC030,CA447,n,,0.125,0.062,biography,1.19
C_prose_ngram,measured,16,y,2,12,0,2,0.2,4.0,0.0,5.7,7,1,BD059,CA043,BA104,n,,0.375,0.0,biography,16.11
C_prose_ngram,milf,16,y,15,1,0,0,1.9,0.3,0.0,0.0,1,1,CA390,CA382,CA386,n,,0.062,0.0,columns,0.18
C_prose_ngram,minor,16,y,10,4,2,0,1.2,1.3,1.3,0.0,4,2,CA102,CA359,BA070,n,,0.375,0.0,books,1.07
C_prose_ngram,miriam,16,y,13,3,0,0,1.6,1.0,0.0,0.0,3,2,BA053,CA430,CA382,n,,0.125,0.0,columns,0.62
C_prose_ngram,missing,16,y,5,7,3,1,0.6,2.3,2.0,2.9,6,3,BD028,BD057,CA086,n,,0.312,0.062,biography,3.76
C_prose_ngram,modern,16,y,8,6,1,1,1.0,2.0,0.7,2.9,4,2,BD064,BD067,BD045,n,,0.062,0.0,biography,2.01
C_prose_ngram,morally,16,y,7,6,3,0,0.9,2.0,2.0,0.0,2,3,BD062,BD070,BD064,n,,0.125,0.0,books,2.3
C_prose_ngram,nation's,16,y,7,8,1,0,0.9,2.7,0.7,0.0,5,2,BD062,CA429,BE005,n,,0.125,0.0,books,3.07
C_prose_ngram,ng mga,16,y,8,4,3,1,1.0,1.3,2.0,2.9,3,3,CA393,BC019,CA236,n,,0.062,0.0,biography,1.34
C_prose_ngram,nullification,16,y,11,5,0,0,1.4,1.7,0.0,0.0,3,2,BB027,BB038,BB033,n,,0.25,0.0,books,1.22
C_prose_ngram,nurture prosperity,16,y,8,3,4,1,1.0,1.0,2.6,2.9,2,3,SA078,BD060,CA420,y,twin_beacons_doctrine,0.0,0.0,biography,1.01
C_prose_ngram,obedience,16,y,4,11,0,1,0.5,3.7,0.0,2.9,6,2,BD054,BB012,BD053,n,,0.125,0.0,books,7.39
C_prose_ngram,obey,16,y,7,7,1,1,0.9,2.3,0.7,2.9,5,2,BA041,BC040,CC045,n,,0.062,0.0,biography,2.69
C_prose_ngram,obtain,16,y,8,7,1,0,1.0,2.3,0.7,0.0,6,2,BA080,BA069,CA426,n,,0.188,0.0,books,2.35
C_prose_ngram,opener,16,y,3,0,13,0,0.4,0.0,8.5,0.0,0,2,SD087,SC008,SE038,n,,0.0,0.0,speeches,0.0
C_prose_ngram,owner,16,y,5,9,1,1,0.6,3.0,0.7,2.9,5,2,BB019,BD058,BB024,n,,0.312,0.062,books,4.83
C_prose_ngram,perceived,16,y,8,5,3,0,1.0,1.7,2.0,0.0,5,3,BD028,CA439,CA322,n,,0.125,0.0,speeches,1.68
C_prose_ngram,perpetual disqualification,16,y,15,1,0,0,1.9,0.3,0.0,0.0,1,1,CA165,CA329,CA161,n,,0.25,0.0,columns,0.18
C_prose_ngram,philippine law,16,y,9,5,2,0,1.1,1.7,1.3,0.0,5,2,BB012,CA420,BA080,n,,0.125,0.0,books,1.49
C_prose_ngram,pleading,16,y,5,8,1,2,0.6,2.7,0.7,5.7,4,2,BD037,BA077,BD058,n,,0.188,0.0,biography,4.3
C_prose_ngram,posted,16,y,10,4,2,0,1.2,1.3,1.3,0.0,4,2,BA069,CA454,CA408,n,,0.125,0.0,books,1.07
C_prose_ngram,preventing,16,y,10,5,1,0,1.2,1.7,0.7,0.0,4,2,BD062,SA078,CA436,n,,0.188,0.062,books,1.34
C_prose_ngram,prize,16,y,7,2,6,1,0.9,0.7,3.9,2.9,2,2,SD044,BD053,SD054,n,,0.062,0.0,speeches,0.77
C_prose_ngram,proceeds,16,y,8,8,0,0,1.0,2.7,0.0,0.0,7,2,BA041,BB024,CA005,n,,0.438,0.188,books,2.69
C_prose_ngram,production,16,y,6,3,7,0,0.7,1.0,4.6,0.0,2,3,SC053,SC003,SC091,n,,0.125,0.062,speeches,1.34
C_prose_ngram,proof beyond reasonable,16,y,13,3,0,0,1.6,1.0,0.0,0.0,2,2,BA080,CA392,CA230,n,,0.188,0.062,columns,0.62
C_prose_ngram,prosecutorial,16,y,16,0,0,0,2.0,0.0,0.0,0.0,0,1,CA413,CA217,CA474,n,,0.188,0.125,columns,0.0
C_prose_ngram,prospective,16,y,9,3,4,0,1.1,1.0,2.6,0.0,2,3,CA039,BA082,SB075,n,,0.125,0.062,speeches,0.9
C_prose_ngram,prosperity cjp's,16,y,2,13,1,0,0.2,4.3,0.7,0.0,1,1,BD059,BD064,BD062,n,,0.0,0.0,books,17.46
C_prose_ngram,prudence,16,y,3,8,3,2,0.4,2.7,2.0,5.7,6,3,BC046,GC026,BD055,n,,0.125,0.0,biography,7.16
C_prose_ngram,public utilities,16,y,9,4,3,0,1.1,1.3,2.0,0.0,4,3,SA095,SB075,CA526,n,,0.062,0.0,speeches,1.19
C_prose_ngram,quite,16,y,9,4,3,0,1.1,1.3,2.0,0.0,4,3,BA080,CA404,BA069,n,,0.062,0.0,speeches,1.19
C_prose_ngram,ratio,16,y,10,5,1,0,1.2,1.7,0.7,0.0,4,2,BA086,BA091,SA095,n,,0.25,0.0,books,1.34
C_prose_ngram,recommendations,16,y,7,8,0,1,0.9,2.7,0.0,2.9,6,2,BE003,CA442,BD027,n,,0.188,0.062,biography,3.07
C_prose_ngram,recommended,16,y,8,5,3,0,1.0,1.7,2.0,0.0,4,3,CA440,BA091,CA427,n,,0.188,0.0,speeches,1.68
C_prose_ngram,recover,16,y,8,7,1,0,1.0,2.3,0.7,0.0,4,2,BB019,BD058,BB024,n,,0.375,0.062,books,2.35
C_prose_ngram,refers,16,y,9,5,2,0,1.1,1.7,1.3,0.0,4,2,BD046,CA488,BD067,n,,0.0,0.0,books,1.49
C_prose_ngram,regalado,16,y,5,8,3,0,0.6,2.7,2.0,0.0,6,3,BA057,BA086,BD029,n,,0.25,0.062,books,4.3
C_prose_ngram,regulatory,16,y,5,10,1,0,0.6,3.3,0.7,0.0,8,2,BB013,BA055,BA094,n,,0.25,0.125,books,5.37
C_prose_ngram,reluctant,16,y,8,4,4,0,1.0,1.3,2.6,0.0,3,3,CC006,CA110,SC025,n,,0.188,0.0,speeches,1.34
C_prose_ngram,rene,16,y,9,5,2,0,1.1,1.7,1.3,0.0,4,2,CC067,BC019,CA454,n,,0.375,0.062,books,1.49
C_prose_ngram,restated,16,y,1,15,0,0,0.1,5.0,0.0,0.0,7,1,BD064,BD062,BA097,n,,0.062,0.0,books,40.28
C_prose_ngram,restored,16,y,7,6,2,1,0.9,2.0,1.3,2.9,3,2,BC043,CA454,BE018,n,,0.0,0.0,biography,2.3
C_prose_ngram,retired sc,16,y,12,2,2,0,1.5,0.7,1.3,0.0,1,1,CA433,BD049,CA064,n,,0.125,0.0,columns,0.45
C_prose_ngram,retirement benefits,16,y,12,3,1,0,1.5,1.0,0.7,0.0,3,2,CA187,CA181,CA186,n,,0.062,0.0,columns,0.67
C_prose_ngram,reviewed,16,y,7,9,0,0,0.9,3.0,0.0,0.0,6,2,BA092,BA059,BA083,n,,0.312,0.062,books,3.45
C_prose_ngram,reviews,16,y,8,6,2,0,1.0,2.0,1.3,0.0,4,2,BB038,BB024,BB021,n,,0.188,0.0,books,2.01
C_prose_ngram,roots,16,y,8,2,5,1,1.0,0.7,3.3,2.9,2,2,CD027,SC003,SC053,n,,0.188,0.125,speeches,0.67
C_prose_ngram,sacred,16,y,7,3,5,1,0.9,1.0,3.3,2.9,3,3,SD044,SB006,SD054,n,,0.0,0.0,speeches,1.15
C_prose_ngram,salns,16,y,16,0,0,0,2.0,0.0,0.0,0.0,0,1,CA035,CA224,CA473,n,,0.062,0.062,columns,0.0
C_prose_ngram,scale,16,y,8,5,1,2,1.0,1.7,0.7,5.7,4,2,CA043,BB029,BA055,n,,0.312,0.0,biography,1.68
C_prose_ngram,scarborough,16,y,16,0,0,0,2.0,0.0,0.0,0.0,0,1,CA010,CA450,CA237,n,,0.062,0.0,columns,0.0
C_prose_ngram,scenario,16,y,12,3,1,0,1.5,1.0,0.7,0.0,2,2,BE007,BA078,BE019,n,,0.125,0.0,columns,0.67
C_prose_ngram,schedule,16,y,9,7,0,0,1.1,2.3,0.0,0.0,4,2,CA374,CA163,BD071,n,,0.312,0.125,books,2.09
C_prose_ngram,secretaries,16,y,7,6,3,0,0.9,2.0,2.0,0.0,5,3,BB032,BA093,BA074,n,,0.188,0.062,books,2.3
C_prose_ngram,sectors,16,y,8,6,2,0,1.0,2.0,1.3,0.0,5,2,CA147,BB007,SA099,n,,0.188,0.0,books,2.01
C_prose_ngram,selected,16,y,8,5,3,0,1.0,1.7,2.0,0.0,4,3,BA077,CB018,BA085,n,,0.25,0.062,speeches,1.68
C_prose_ngram,sentences,16,y,2,12,2,0,0.2,4.0,1.3,0.0,8,1,BA032,BA059,BA037,n,,0.125,0.125,books,16.11
C_prose_ngram,severe,16,y,8,4,2,2,1.0,1.3,1.3,5.7,4,2,BA054,BC046,SB042,n,,0.062,0.0,biography,1.34
C_prose_ngram,shifting,16,y,7,9,0,0,0.9,3.0,0.0,0.0,6,2,BD053,CA400,CA103,n,,0.25,0.0,books,3.45
C_prose_ngram,shining,16,y,4,7,5,0,0.5,2.3,3.3,0.0,6,3,BC045,BC014,BC042,n,,0.125,0.062,speeches,4.7
C_prose_ngram,ships kinship,16,y,9,3,4,0,1.1,1.0,2.6,0.0,2,3,BD059,BD070,CA128,n,,0.062,0.0,speeches,0.9
C_prose_ngram,ships kinship relationship,16,y,9,3,4,0,1.1,1.0,2.6,0.0,2,3,BD059,BD070,CA128,n,,0.062,0.0,speeches,0.9
C_prose_ngram,signing,16,y,8,5,2,1,1.0,1.7,1.3,2.9,5,2,BA057,CA430,BD058,n,,0.25,0.0,biography,1.68
C_prose_ngram,sisters,16,y,4,3,6,3,0.5,1.0,3.9,8.6,3,4,SC023,BC030,SC005,n,,0.25,0.0,biography,2.01
C_prose_ngram,site,16,y,6,4,5,1,0.7,1.3,3.3,2.9,3,3,SA052,BA077,BD039,n,,0.125,0.0,speeches,1.79
C_prose_ngram,smartmatic,16,y,11,5,0,0,1.4,1.7,0.0,0.0,1,2,BE024,BE014,BE015,n,,0.25,0.062,books,1.22
C_prose_ngram,sound,16,y,6,7,2,1,0.7,2.3,1.3,2.9,5,2,BB038,CA356,CA353,n,,0.188,0.062,biography,3.13
C_prose_ngram,speaks,16,y,4,6,6,0,0.5,2.0,3.9,0.0,6,3,BA055,BA084,SC090,n,,0.125,0.062,speeches,4.03
C_prose_ngram,specifically,16,y,9,5,2,0,1.1,1.7,1.3,0.0,5,2,BB029,BA039,CA068,n,,0.25,0.0,books,1.49
C_prose_ngram,stability,16,y,2,11,2,1,0.2,3.7,1.3,2.9,8,1,BB031,BD039,BD064,n,,0.062,0.0,books,14.77
C_prose_ngram,stable,16,y,7,7,2,0,0.9,2.3,1.3,0.0,5,2,BB027,BB038,BB012,n,,0.0,0.0,books,2.69
C_prose_ngram,struggle,16,y,8,5,3,0,1.0,1.7,2.0,0.0,5,3,BD070,SA078,SB040,n,,0.062,0.062,speeches,1.68
C_prose_ngram,super,16,y,5,4,7,0,0.6,1.3,4.6,0.0,3,3,SD027,SC046,SE036,n,,0.188,0.0,speeches,2.15
C_prose_ngram,supply,16,y,9,6,0,1,1.1,2.0,0.0,2.9,5,2,BB013,CE061,CA470,n,,0.438,0.188,biography,1.79
C_prose_ngram,surprise,16,y,10,3,3,0,1.2,1.0,2.0,0.0,3,3,CA453,CA431,BD045,n,,0.125,0.062,speeches,0.81
C_prose_ngram,suspects,16,y,14,2,0,0,1.7,0.7,0.0,0.0,2,1,CA432,CB018,CA024,n,,0.188,0.0,columns,0.38
C_prose_ngram,sustainability,16,y,9,1,6,0,1.1,0.3,3.9,0.0,1,2,SD021,SD027,SB028,n,,0.062,0.0,speeches,0.3
C_prose_ngram,taguig,16,y,14,0,2,0,1.7,0.0,1.3,0.0,0,1,CA219,CC091,CA375,n,,0.188,0.0,columns,0.0
C_prose_ngram,tessie,16,y,10,1,5,0,1.2,0.3,3.3,0.0,1,2,SC046,SD002,SC005,n,,0.0,0.0,speeches,0.27
C_prose_ngram,tetangco,16,y,10,0,6,0,1.2,0.0,3.9,0.0,0,2,SD016,SD021,SB006,n,,0.062,0.0,speeches,0.0
C_prose_ngram,textbooks,16,y,5,6,5,0,0.6,2.0,3.3,0.0,5,3,BC045,BC039,SB079,n,,0.062,0.0,speeches,3.22
C_prose_ngram,tied,16,y,8,4,4,0,1.0,1.3,2.6,0.0,4,3,CE110,BB038,BA056,n,,0.312,0.062,speeches,1.34
C_prose_ngram,till,16,y,9,1,6,0,1.1,0.3,3.9,0.0,1,2,SB042,CA426,CC041,n,,0.125,0.062,speeches,0.3
C_prose_ngram,understood,16,y,5,10,0,1,0.6,3.3,0.0,2.9,8,2,BA055,BA039,BD020,n,,0.125,0.0,books,5.37
C_prose_ngram,unnecessary,16,y,10,5,1,0,1.2,1.7,0.7,0.0,4,2,CA432,BA089,BB024,n,,0.125,0.062,books,1.34
C_prose_ngram,usually,16,y,7,8,1,0,0.9,2.7,0.7,0.0,5,2,BD028,BD036,CB018,n,,0.125,0.0,books,3.07
C_prose_ngram,velarde,16,y,9,7,0,0,1.1,2.3,0.0,0.0,3,2,BA080,BA078,BB028,n,,0.125,0.0,books,2.09
C_prose_ngram,virtue,16,y,4,9,3,0,0.5,3.0,2.0,0.0,6,3,BB012,BC039,BA030,n,,0.0,0.0,books,6.04
C_prose_ngram,waived,16,y,6,10,0,0,0.7,3.3,0.0,0.0,6,2,BA057,BB028,BA069,n,,0.25,0.0,books,4.48
C_prose_ngram,wife leni,16,y,4,5,7,0,0.5,1.7,4.6,0.0,4,3,BC045,SA136,SC059,y,family_and_marriage,0.0,0.0,speeches,3.36
C_prose_ngram,yearly,16,y,8,5,3,0,1.0,1.7,2.0,0.0,4,3,BD055,BD045,CC072,n,,0.25,0.062,speeches,1.68
C_prose_ngram,zero backlog,16,y,9,5,1,1,1.1,1.7,0.7,2.9,3,2,BD039,BA077,BD064,n,,0.125,0.0,biography,1.49
C_prose_ngram,abolition,15,y,9,6,0,0,1.1,2.0,0.0,0.0,4,2,BD034,CA429,BA059,n,,0.133,0.067,books,1.79
C_prose_ngram,abuses,15,y,4,9,2,0,0.5,3.0,1.3,0.0,3,2,BB038,BA004,BA033,n,,0.067,0.0,books,6.04
C_prose_ngram,acquire,15,y,7,6,2,0,0.9,2.0,1.3,0.0,3,2,BA039,CA380,CA370,n,,0.133,0.0,books,2.3
C_prose_ngram,actively,15,y,6,7,2,0,0.7,2.3,1.3,0.0,5,2,BD054,BD058,CA393,n,,0.2,0.067,books,3.13
C_prose_ngram,activism,15,y,6,3,5,1,0.7,1.0,3.3,2.9,2,3,SA052,SD016,CB018,n,,0.0,0.0,speeches,1.34
C_prose_ngram,adolfo,15,y,10,2,3,0,1.2,0.7,2.0,0.0,2,2,CA433,SA020,CE046,n,,0.133,0.067,speeches,0.54
C_prose_ngram,adversarial,15,y,5,9,1,0,0.6,3.0,0.7,0.0,7,2,BD039,BD035,BB013,n,,0.267,0.0,books,4.83
C_prose_ngram,affidavit,15,y,14,1,0,0,1.7,0.3,0.0,0.0,1,1,CA468,CA428,BA039,n,,0.333,0.0,columns,0.19
C_prose_ngram,allegation,15,y,14,1,0,0,1.7,0.3,0.0,0.0,1,1,CA329,CA165,CA326,n,,0.333,0.067,columns,0.19
C_prose_ngram,allege,15,y,10,5,0,0,1.2,1.7,0.0,0.0,4,2,CA374,CA226,BA037,n,,0.4,0.0,books,1.34
C_prose_ngram,andres narvasa,15,y,7,6,1,1,0.9,2.0,0.7,2.9,5,2,BD063,CD027,BC020,n,,0.133,0.0,biography,2.3
C_prose_ngram,anecdote,15,y,9,1,5,0,1.1,0.3,3.3,0.0,1,2,SD082,SA052,CC021,n,,0.067,0.0,speeches,0.3
C_prose_ngram,appealed,15,y,10,4,1,0,1.2,1.3,0.7,0.0,4,2,BD028,CA257,BD020,n,,0.2,0.067,books,1.07
C_prose_ngram,appointee,15,y,6,5,4,0,0.7,1.7,2.6,0.0,3,3,BA023,CC101,SC088,n,,0.133,0.067,speeches,2.24
C_prose_ngram,aquino iii,15,y,11,0,4,0,1.4,0.0,2.6,0.0,0,2,CC047,SA041,CA453,n,,0.067,0.0,speeches,0.0
C_prose_ngram,arithmetic,15,y,7,6,0,2,0.9,2.0,0.0,5.7,5,2,BA077,BD056,BD071,n,,0.333,0.0,biography,2.3
C_prose_ngram,arranged,15,y,3,6,5,1,0.4,2.0,3.3,2.9,4,3,BD055,SC025,SA111,n,,0.067,0.0,speeches,5.37
C_prose_ngram,aspirations,15,y,7,4,4,0,0.9,1.3,2.6,0.0,3,3,CA420,CC101,BD067,n,,0.0,0.0,speeches,1.53
C_prose_ngram,aspire,15,y,0,7,7,1,0.0,2.3,4.6,2.9,5,2,BD054,SC064,BC041,n,,0.067,0.067,speeches,inf
C_prose_ngram,assist,15,y,10,1,4,0,1.2,0.3,2.6,0.0,1,2,SB075,BA077,CA420,n,,0.333,0.0,speeches,0.27
C_prose_ngram,assumed,15,y,8,6,0,1,1.0,2.0,0.0,2.9,5,2,BA036,BB021,CA425,n,,0.267,0.0,biography,2.01
C_prose_ngram,ateneo law,15,y,12,0,3,0,1.5,0.0,2.0,0.0,0,2,CA393,CC004,CA185,n,,0.2,0.133,speeches,0.0
C_prose_ngram,autonomous,15,y,8,4,3,0,1.0,1.3,2.0,0.0,3,3,BB012,SE038,CA284,n,,0.067,0.067,speeches,1.34
C_prose_ngram,awards ceremony,15,y,3,0,12,0,0.4,0.0,7.8,0.0,0,2,SD016,SD021,SD044,n,,0.0,0.0,speeches,0.0
C_prose_ngram,balances,15,y,9,4,2,0,1.1,1.3,1.3,0.0,4,2,BB013,BB038,BA086,n,,0.0,0.0,books,1.19
C_prose_ngram,bare,15,y,6,7,1,1,0.7,2.3,0.7,2.9,4,2,BA057,BA069,BD037,n,,0.067,0.0,biography,3.13
C_prose_ngram,baron,15,y,3,5,5,2,0.4,1.7,3.3,5.7,3,3,BC045,CC006,SB079,n,,0.2,0.067,biography,4.48
C_prose_ngram,bearing,15,y,6,8,1,0,0.7,2.7,0.7,0.0,5,2,BB038,BD057,BB029,n,,0.267,0.0,books,3.58
C_prose_ngram,biotechnology,15,y,5,9,1,0,0.6,3.0,0.7,0.0,4,2,BA034,BA032,BE031,n,,0.333,0.133,books,4.83
C_prose_ngram,board of trustees,15,y,5,2,8,0,0.6,0.7,5.2,0.0,1,2,SD033,SD002,SB079,n,,0.133,0.067,speeches,1.07
C_prose_ngram,bono,15,y,8,5,2,0,1.0,1.7,1.3,0.0,2,2,BB031,BD062,BD064,n,,0.267,0.0,books,1.68
C_prose_ngram,breach,15,y,5,10,0,0,0.6,3.3,0.0,0.0,6,2,BB021,BB022,BB029,n,,0.4,0.067,books,5.37
C_prose_ngram,brilliant,15,y,8,2,5,0,1.0,0.7,3.3,0.0,2,2,CC006,SD044,SC090,n,,0.067,0.0,speeches,0.67
C_prose_ngram,canadian,15,y,5,7,3,0,0.6,2.3,2.0,0.0,4,3,SB075,CA128,SA119,n,,0.067,0.0,books,3.76
C_prose_ngram,capital offense,15,y,14,1,0,0,1.7,0.3,0.0,0.0,1,1,CA392,CA408,CA368,n,,0.267,0.067,columns,0.19
C_prose_ngram,careful,15,y,8,7,0,0,1.0,2.3,0.0,0.0,3,2,BB028,CA430,BB020,n,,0.133,0.067,books,2.35
C_prose_ngram,carefully,15,y,7,7,1,0,0.9,2.3,0.7,0.0,3,2,BA036,BA082,BE022,n,,0.2,0.0,books,2.69
C_prose_ngram,categories,15,y,10,3,2,0,1.2,1.0,1.3,0.0,3,2,BA080,SA145,BE012,n,,0.133,0.067,speeches,0.81
C_prose_ngram,cesar,15,y,11,4,0,0,1.4,1.3,0.0,0.0,3,2,CA433,CA009,BB006,n,,0.2,0.067,columns,0.98
C_prose_ngram,chairmanship,15,y,7,4,3,1,0.9,1.3,2.0,2.9,4,3,CA092,BC019,BA023,n,,0.2,0.0,biography,1.53
C_prose_ngram,children's,15,y,3,7,2,3,0.4,2.3,1.3,8.6,5,3,BC014,BC019,SC084,y,family_and_marriage,0.267,0.0,biography,6.27
C_prose_ngram,cites,15,y,2,13,0,0,0.2,4.3,0.0,0.0,6,1,BD056,BB012,BA084,n,,0.133,0.0,books,17.46
C_prose_ngram,cj sereno's,15,y,12,0,3,0,1.5,0.0,2.0,0.0,0,2,CA128,CC091,SD087,n,,0.133,0.0,speeches,0.0
C_prose_ngram,cjp's dissent,15,y,0,14,1,0,0.0,4.7,0.7,0.0,6,1,BA032,BA057,BA055,n,,0.267,0.067,books,inf
C_prose_ngram,claudio,15,y,9,1,3,2,1.1,0.3,2.0,5.7,1,2,BD054,CA393,SD082,n,,0.0,0.0,biography,0.3
C_prose_ngram,comfort,15,y,6,4,5,0,0.7,1.3,3.3,0.0,3,3,CA393,CA488,BA084,n,,0.133,0.0,speeches,1.79
C_prose_ngram,compel,15,y,8,7,0,0,1.0,2.3,0.0,0.0,3,2,BB019,BB021,CA400,n,,0.2,0.0,books,2.35
C_prose_ngram,complicated,15,y,10,3,2,0,1.2,1.0,1.3,0.0,2,2,CA440,CA435,CA416,n,,0.267,0.067,speeches,0.81
C_prose_ngram,con-ass,15,y,12,3,0,0,1.5,1.0,0.0,0.0,1,2,CA079,CA342,CE028,n,,0.0,0.0,columns,0.67
C_prose_ngram,conflicting,15,y,8,6,1,0,1.0,2.0,0.7,0.0,4,2,BB034,BA108,CA257,n,,0.067,0.0,books,2.01
C_prose_ngram,consideration,15,y,5,10,0,0,0.6,3.3,0.0,0.0,7,2,BD053,BB030,BB042,n,,0.467,0.0,books,5.37
C_prose_ngram,constituent assembly,15,y,10,3,2,0,1.2,1.0,1.3,0.0,1,2,BA001,CA342,CA147,n,,0.067,0.0,speeches,0.81
C_prose_ngram,contempt,15,y,11,4,0,0,1.4,1.3,0.0,0.0,3,2,BE009,CE032,CE027,n,,0.267,0.067,columns,0.98
C_prose_ngram,continental,15,y,11,1,1,2,1.4,0.3,0.7,5.7,1,1,CA010,CA341,CA340,n,,0.0,0.0,biography,0.24
C_prose_ngram,continuity,15,y,10,4,1,0,1.2,1.3,0.7,0.0,3,2,CA041,BE019,SC029,n,,0.067,0.0,books,1.07
C_prose_ngram,convincing,15,y,6,5,4,0,0.7,1.7,2.6,0.0,4,3,BD034,BA082,SA056,n,,0.333,0.067,speeches,2.24
C_prose_ngram,corazon,15,y,8,5,1,1,1.0,1.7,0.7,2.9,4,2,BD058,GC027,CA139,n,,0.067,0.0,biography,1.68
C_prose_ngram,corporate governance,15,y,7,0,8,0,0.9,0.0,5.2,0.0,0,2,SB042,CC057,CA433,n,,0.333,0.133,speeches,0.0
C_prose_ngram,counterpart,15,y,5,8,1,1,0.6,2.7,0.7,2.9,7,2,BD059,BD037,CB018,n,,0.067,0.0,biography,4.3
C_prose_ngram,court decisions,15,y,1,11,3,0,0.1,3.7,2.0,0.0,7,2,BD036,BA077,BD022,n,,0.267,0.0,books,29.54
C_prose_ngram,craft,15,y,7,6,2,0,0.9,2.0,1.3,0.0,5,2,BA032,BB013,CA393,n,,0.267,0.067,books,2.3
C_prose_ngram,criticized,15,y,6,7,1,1,0.7,2.3,0.7,2.9,5,2,BB027,CA322,CA402,n,,0.333,0.0,biography,3.13
C_prose_ngram,david arroyo,15,y,8,4,3,0,1.0,1.3,2.0,0.0,2,3,BA100,CA426,BA006,n,,0.0,0.0,speeches,1.34
C_prose_ngram,dean jovito,15,y,4,2,7,2,0.5,0.7,4.6,5.7,2,2,BC045,BC041,CC006,n,,0.0,0.0,biography,1.34
C_prose_ngram,dedicated,15,y,6,5,4,0,0.7,1.7,2.6,0.0,4,3,SA136,CA128,BC007,n,,0.0,0.0,speeches,2.24
C_prose_ngram,dedication to duty,15,y,4,5,6,0,0.5,1.7,3.9,0.0,3,3,BD064,CE096,CA128,n,,0.067,0.0,speeches,3.36
C_prose_ngram,definitive,15,y,6,7,2,0,0.7,2.3,1.3,0.0,6,2,BA041,BA053,BA020,n,,0.133,0.067,books,3.13
C_prose_ngram,delegates,15,y,6,4,4,1,0.7,1.3,2.6,2.9,4,3,BD034,BD067,CA092,n,,0.2,0.0,biography,1.79
C_prose_ngram,deposit,15,y,11,4,0,0,1.4,1.3,0.0,0.0,4,2,CA506,CA501,CA505,n,,0.267,0.067,columns,0.98
C_prose_ngram,determining,15,y,9,3,2,1,1.1,1.0,1.3,2.9,3,2,CA440,SA095,CA388,n,,0.067,0.067,biography,0.9
C_prose_ngram,diligence,15,y,9,4,2,0,1.1,1.3,1.3,0.0,3,2,BD053,CA402,CA474,n,,0.4,0.067,books,1.19
C_prose_ngram,direction,15,y,6,8,1,0,0.7,2.7,0.7,0.0,5,2,CA444,CA487,BD002,n,,0.067,0.0,books,3.58
C_prose_ngram,directive,15,y,10,3,0,2,1.2,1.0,0.0,5.7,3,2,BA097,CA109,BE013,n,,0.2,0.133,biography,0.81
C_prose_ngram,directors,15,y,7,3,5,0,0.9,1.0,3.3,0.0,2,3,SB042,SA095,BB032,n,,0.333,0.133,speeches,1.15
C_prose_ngram,discernment,15,y,3,5,4,3,0.4,1.7,2.6,8.6,3,4,BC013,SC151,SC014,y,jbc_discernment_and_appointment,0.067,0.0,biography,4.48
C_prose_ngram,dispositive,15,y,11,4,0,0,1.4,1.3,0.0,0.0,4,2,BA090,CA404,BD020,n,,0.2,0.0,columns,0.98
C_prose_ngram,doesn't,15,y,14,0,1,0,1.7,0.0,0.7,0.0,0,1,CA440,CA102,CA405,n,,0.133,0.0,columns,0.0
C_prose_ngram,domain,15,y,7,8,0,0,0.9,2.7,0.0,0.0,6,2,BB029,BB006,BA055,n,,0.133,0.0,books,3.07
C_prose_ngram,donations,15,y,9,1,5,0,1.1,0.3,3.3,0.0,1,2,CC111,CD029,SD060,n,,0.2,0.0,speeches,0.3
C_prose_ngram,dr jovito,15,y,8,3,4,0,1.0,1.0,2.6,0.0,3,3,BC046,SA136,SC064,n,,0.0,0.0,speeches,1.01
C_prose_ngram,economic development,15,y,4,9,2,0,0.5,3.0,1.3,0.0,4,2,BD056,BB031,BB027,n,,0.067,0.0,books,6.04
C_prose_ngram,electricity,15,y,12,2,1,0,1.5,0.7,0.7,0.0,2,1,CA420,CA238,SA078,n,,0.2,0.133,columns,0.45
C_prose_ngram,elenita,15,y,4,2,6,3,0.5,0.7,3.9,8.6,2,3,BC045,BC019,SC081,n,,0.067,0.0,biography,1.34
C_prose_ngram,eminent,15,y,5,7,3,0,0.6,2.3,2.0,0.0,4,3,BA055,BD036,BD035,n,,0.0,0.0,books,3.76
C_prose_ngram,enemies,15,y,13,2,0,0,1.6,0.7,0.0,0.0,2,1,CA182,CE087,BA028,n,,0.133,0.0,columns,0.41
C_prose_ngram,enforcing,15,y,9,5,1,0,1.1,1.7,0.7,0.0,4,2,BA056,BD058,SA052,n,,0.133,0.0,books,1.49
C_prose_ngram,entries,15,y,12,2,1,0,1.5,0.7,0.7,0.0,2,1,CD022,CD024,CD001,n,,0.2,0.0,columns,0.45
C_prose_ngram,establishment,15,y,5,5,4,1,0.6,1.7,2.6,2.9,5,3,CD027,GC031,SD141,n,,0.133,0.0,biography,2.69
C_prose_ngram,estrada desierto,15,y,8,7,0,0,1.0,2.3,0.0,0.0,4,2,BA036,BA078,CA322,n,,0.133,0.0,books,2.35
C_prose_ngram,europe,15,y,6,5,3,1,0.7,1.7,2.0,2.9,3,3,BD037,SA145,CA426,n,,0.133,0.0,biography,2.24
C_prose_ngram,evasion,15,y,9,5,1,0,1.1,1.7,0.7,0.0,4,2,BA082,BA081,BA093,n,,0.333,0.133,books,1.49
C_prose_ngram,excluded,15,y,10,5,0,0,1.2,1.7,0.0,0.0,4,2,BB028,BB038,BD071,n,,0.267,0.067,books,1.34
C_prose_ngram,executives,15,y,6,2,7,0,0.7,0.7,4.6,0.0,2,2,SA111,CD027,SD016,n,,0.067,0.0,speeches,0.9
C_prose_ngram,existence,15,y,10,5,0,0,1.2,1.7,0.0,0.0,3,2,CA408,CA396,CA413,n,,0.133,0.0,books,1.34
C_prose_ngram,family's,15,y,4,2,6,3,0.5,0.7,3.9,8.6,2,3,SD016,CA393,GC021,n,,0.067,0.0,biography,1.34
C_prose_ngram,fault,15,y,5,5,4,1,0.6,1.7,2.6,2.9,4,3,BB012,CA400,BD030,n,,0.333,0.067,biography,2.69
C_prose_ngram,favoring,15,y,9,4,2,0,1.1,1.3,1.3,0.0,4,2,BB007,SA041,BB030,n,,0.267,0.0,books,1.19
C_prose_ngram,federalism,15,y,15,0,0,0,1.9,0.0,0.0,0.0,0,1,CA336,CA342,CA345,n,,0.0,0.0,columns,0.0
C_prose_ngram,feliciano,15,y,10,4,1,0,1.2,1.3,0.7,0.0,4,2,CA433,CD027,CA185,n,,0.133,0.067,books,1.07
C_prose_ngram,fiscal autonomy,15,y,4,10,1,0,0.5,3.3,0.7,0.0,7,2,BD039,BD049,BA084,n,,0.067,0.0,books,6.71
C_prose_ngram,flight,15,y,13,1,1,0,1.6,0.3,0.7,0.0,1,1,BA082,CA368,CA396,n,,0.067,0.0,columns,0.21
C_prose_ngram,florida,15,y,11,4,0,0,1.4,1.3,0.0,0.0,3,2,CA188,CA362,CA200,n,,0.2,0.0,columns,0.98
C_prose_ngram,formidable,15,y,12,1,1,1,1.5,0.3,0.7,2.9,1,1,CC094,CE003,CA390,n,,0.133,0.0,biography,0.22
C_prose_ngram,friendship fellowship,15,y,9,1,5,0,1.1,0.3,3.3,0.0,1,2,CA128,CE096,SB075,n,,0.067,0.067,speeches,0.3
C_prose_ngram,gender,15,y,10,3,2,0,1.2,1.0,1.3,0.0,2,2,BD068,CA188,CC021,n,,0.2,0.0,speeches,0.81
C_prose_ngram,gloria macapagal-arroyo,15,y,7,7,1,0,0.9,2.3,0.7,0.0,3,2,CA426,CE086,BE001,y,philippine_political_landscape,0.0,0.0,books,2.69
C_prose_ngram,glory,15,y,8,2,4,1,1.0,0.7,2.6,2.9,1,2,SC081,SC061,SC023,n,,0.067,0.0,biography,0.67
C_prose_ngram,goes,15,y,6,2,7,0,0.7,0.7,4.6,0.0,2,2,SC081,BC030,SC104,n,,0.4,0.067,speeches,0.9
C_prose_ngram,graduated,15,y,2,7,5,1,0.2,2.3,3.3,2.9,6,2,SD044,BA030,SC010,n,,0.133,0.0,speeches,9.4
C_prose_ngram,grossly,15,y,6,9,0,0,0.7,3.0,0.0,0.0,5,2,BB038,BB032,BB042,n,,0.2,0.0,books,4.03
C_prose_ngram,guaranteed,15,y,7,6,2,0,0.9,2.0,1.3,0.0,5,2,CA188,BA093,SA099,n,,0.333,0.0,books,2.3
C_prose_ngram,hearsay,15,y,14,1,0,0,1.7,0.3,0.0,0.0,1,1,BA036,CE094,CA399,n,,0.333,0.133,columns,0.19
C_prose_ngram,immaculate,15,y,7,1,6,1,0.9,0.3,3.9,2.9,1,2,SC023,CC098,CC104,n,,0.067,0.0,speeches,0.38
C_prose_ngram,immigration,15,y,13,2,0,0,1.6,0.7,0.0,0.0,1,1,BE031,CA450,CE007,n,,0.467,0.133,columns,0.41
C_prose_ngram,implemented,15,y,4,7,3,1,0.5,2.3,2.0,2.9,4,3,BB031,BD064,BD046,n,,0.067,0.0,biography,4.7
C_prose_ngram,imposing,15,y,4,10,1,0,0.5,3.3,0.7,0.0,6,2,BD028,BB013,BA059,n,,0.067,0.067,books,6.71
C_prose_ngram,inclusive,15,y,12,1,2,0,1.5,0.3,1.3,0.0,1,1,BD060,CE088,CB019,n,,0.067,0.0,columns,0.22
C_prose_ngram,incompetence and delay,15,y,1,12,2,0,0.1,4.0,1.3,0.0,4,1,BD039,BD064,BD059,n,,0.067,0.0,books,32.23
C_prose_ngram,incumbency,15,y,9,4,2,0,1.1,1.3,1.3,0.0,3,2,BD059,BD062,SA098,n,,0.0,0.0,books,1.19
C_prose_ngram,independence industry,15,y,4,7,4,0,0.5,2.3,2.6,0.0,4,3,BD054,BD049,BD070,n,,0.067,0.0,speeches,4.7
C_prose_ngram,independence integrity industry,15,y,1,4,9,1,0.1,1.3,5.9,2.9,2,2,BD064,BD060,SA134,n,,0.0,0.0,speeches,10.74
C_prose_ngram,indirect,15,y,9,6,0,0,1.1,2.0,0.0,0.0,4,2,BA091,BA104,BB034,n,,0.4,0.0,books,1.79
C_prose_ngram,induction,15,y,4,4,6,1,0.5,1.3,3.9,2.9,3,3,SC007,SC008,SD027,n,,0.067,0.067,speeches,2.69
C_prose_ngram,industries,15,y,5,8,1,1,0.6,2.7,0.7,2.9,6,2,CA420,BB030,CA400,n,,0.333,0.0,biography,4.3
C_prose_ngram,innocence,15,y,13,1,1,0,1.6,0.3,0.7,0.0,1,1,BA080,CA396,CA106,n,,0.0,0.0,columns,0.21
C_prose_ngram,ins integrity,15,y,5,7,3,0,0.6,2.3,2.0,0.0,4,3,BD059,BD054,BD070,n,,0.067,0.0,books,3.76
C_prose_ngram,insolence,15,y,5,7,3,0,0.6,2.3,2.0,0.0,2,3,BD062,BD064,BD070,n,,0.0,0.0,books,3.76
C_prose_ngram,installment,15,y,13,2,0,0,1.6,0.7,0.0,0.0,2,1,BD064,CA428,BA091,n,,0.2,0.0,columns,0.41
C_prose_ngram,instruments,15,y,9,4,2,0,1.1,1.3,1.3,0.0,3,2,BA056,CB012,CA359,n,,0.067,0.0,books,1.19
C_prose_ngram,integrated,15,y,4,11,0,0,0.5,3.7,0.0,0.0,5,2,BA093,BA084,BD050,n,,0.133,0.0,books,7.39
C_prose_ngram,involve,15,y,9,5,1,0,1.1,1.7,0.7,0.0,4,2,BA081,CA053,BD055,n,,0.133,0.0,books,1.49
C_prose_ngram,jaime augusto,15,y,5,1,9,0,0.6,0.3,5.9,0.0,1,2,SD044,SD021,SD054,n,,0.0,0.0,speeches,0.54
C_prose_ngram,jbc's,15,y,8,6,1,0,1.0,2.0,0.7,0.0,2,2,BD008,BE010,BD006,y,jbc_discernment_and_appointment,0.0,0.0,books,2.01
C_prose_ngram,john paul ii,15,y,6,4,4,1,0.7,1.3,2.6,2.9,4,3,BC045,SC061,BC019,n,,0.0,0.0,biography,1.79
C_prose_ngram,judicial reforms,15,y,5,9,1,0,0.6,3.0,0.7,0.0,5,2,BD049,BD050,BA077,n,,0.067,0.0,books,4.83
C_prose_ngram,juridical,15,y,4,9,1,1,0.5,3.0,0.7,2.9,9,2,BD034,BA066,CA118,n,,0.267,0.0,books,6.04
C_prose_ngram,katrina,15,y,7,3,5,0,0.9,1.0,3.3,0.0,3,3,SD044,SD033,CA068,n,,0.067,0.0,speeches,1.15
C_prose_ngram,kingdom,15,y,5,7,3,0,0.6,2.3,2.0,0.0,5,3,SC081,BC029,BC016,n,,0.2,0.067,books,3.76
C_prose_ngram,law student,15,y,6,4,4,1,0.7,1.3,2.6,2.9,4,3,BD021,CC002,SC064,n,,0.0,0.0,biography,1.79
C_prose_ngram,literal,15,y,10,4,1,0,1.2,1.3,0.7,0.0,3,2,BA055,CA362,BB033,n,,0.2,0.067,books,1.07
C_prose_ngram,lucio tan,15,y,9,1,5,0,1.1,0.3,3.3,0.0,1,2,SD016,SD021,SD044,n,,0.067,0.0,speeches,0.3
C_prose_ngram,magsaysay,15,y,8,3,3,1,1.0,1.0,2.0,2.9,3,3,BD053,SA052,BD039,n,,0.067,0.0,biography,1.01
C_prose_ngram,maintain,15,y,8,3,4,0,1.0,1.0,2.6,0.0,2,3,BA080,CA207,SA049,n,,0.133,0.067,speeches,1.01
C_prose_ngram,managing,15,y,12,0,3,0,1.5,0.0,2.0,0.0,0,2,CC072,CA526,SB086,n,,0.0,0.0,speeches,0.0
C_prose_ngram,marixi prieto,15,y,10,2,3,0,1.2,0.7,2.0,0.0,1,2,CA433,SB079,CC072,y,friendships_and_civic_circles,0.067,0.0,speeches,0.54
C_prose_ngram,meaningful,15,y,7,3,5,0,0.9,1.0,3.3,0.0,3,3,SA145,CA040,BB037,n,,0.267,0.0,speeches,1.15
C_prose_ngram,memoranda,15,y,11,4,0,0,1.4,1.3,0.0,0.0,4,2,BD028,CA039,BD049,n,,0.067,0.0,columns,0.98
C_prose_ngram,merit,15,y,9,5,1,0,1.1,1.7,0.7,0.0,4,2,CA426,BA005,CC045,n,,0.067,0.0,books,1.49
C_prose_ngram,mid-,15,y,8,2,4,1,1.0,0.7,2.6,2.9,2,2,BC045,BD056,CE117,n,,0.133,0.067,biography,0.67
C_prose_ngram,minds,15,y,4,7,3,1,0.5,2.3,2.0,2.9,6,3,BA057,SC104,GC032,n,,0.2,0.067,biography,4.7
C_prose_ngram,minimal,15,y,6,6,3,0,0.7,2.0,2.0,0.0,4,3,BB012,BD070,SB028,n,,0.0,0.0,books,2.69
C_prose_ngram,molina,15,y,4,9,1,1,0.5,3.0,0.7,2.9,6,2,BA066,BA041,CA148,n,,0.267,0.0,books,6.04
C_prose_ngram,mootness,15,y,7,8,0,0,0.9,2.7,0.0,0.0,6,2,BA100,BA089,CA426,n,,0.133,0.0,books,3.07
C_prose_ngram,movement,15,y,5,6,3,1,0.6,2.0,2.0,2.9,4,3,BE005,CE043,BE002,n,,0.133,0.0,biography,3.22
C_prose_ngram,msmes,15,y,8,0,6,1,1.0,0.0,3.9,2.9,0,2,SD016,SD021,SD027,n,,0.067,0.0,speeches,0.0
C_prose_ngram,naked,15,y,7,7,1,0,0.9,2.3,0.7,0.0,3,2,BA030,BD021,BD020,n,,0.067,0.0,books,2.69
C_prose_ngram,natural resources,15,y,10,5,0,0,1.2,1.7,0.0,0.0,4,2,BB006,CA238,CA333,y,eez_resource_sovereignty,0.0,0.0,books,1.34
C_prose_ngram,navigation,15,y,14,1,0,0,1.7,0.3,0.0,0.0,1,1,CA010,CA341,CA013,n,,0.0,0.0,columns,0.19
C_prose_ngram,neighbor,15,y,4,8,3,0,0.5,2.7,2.0,0.0,4,3,BC016,BA030,SC152,n,,0.133,0.067,books,5.37
C_prose_ngram,neutral,15,y,9,4,2,0,1.1,1.3,1.3,0.0,3,2,BB027,BA104,CA289,n,,0.4,0.0,books,1.19
C_prose_ngram,ninoy aquino,15,y,12,3,0,0,1.5,1.0,0.0,0.0,2,2,BB012,CA387,CA086,n,,0.133,0.0,columns,0.67
C_prose_ngram,nullified,15,y,5,10,0,0,0.6,3.3,0.0,0.0,6,2,BB032,CA400,BD060,n,,0.4,0.0,books,5.37
C_prose_ngram,oldest,15,y,10,2,3,0,1.2,0.7,2.0,0.0,1,2,SC014,SA052,BC023,n,,0.267,0.067,speeches,0.54
C_prose_ngram,omission,15,y,12,3,0,0,1.5,1.0,0.0,0.0,2,2,CA224,BE009,CA195,n,,0.067,0.0,columns,0.67
C_prose_ngram,opposite,15,y,8,3,4,0,1.0,1.0,2.6,0.0,3,3,CA393,BB013,SA056,n,,0.133,0.067,speeches,1.01
C_prose_ngram,originally,15,y,11,4,0,0,1.4,1.3,0.0,0.0,3,2,BB024,BA039,CA134,n,,0.267,0.0,columns,0.98
C_prose_ngram,origins,15,y,6,3,3,3,0.7,1.0,2.0,8.6,3,4,BD049,BD063,SA011,n,,0.067,0.067,biography,1.34
C_prose_ngram,output,15,y,5,9,0,1,0.6,3.0,0.0,2.9,6,2,BD028,BD020,BB038,n,,0.067,0.0,books,4.83
C_prose_ngram,owners,15,y,8,6,1,0,1.0,2.0,0.7,0.0,5,2,BA020,BA055,BB024,n,,0.133,0.0,books,2.01
C_prose_ngram,padilla,15,y,6,8,1,0,0.7,2.7,0.7,0.0,3,2,BA053,BA056,BD020,n,,0.2,0.067,books,3.58
C_prose_ngram,paramount,15,y,7,8,0,0,0.9,2.7,0.0,0.0,6,2,BA100,BB033,BA033,n,,0.2,0.0,books,3.07
C_prose_ngram,patriotism,15,y,10,1,3,1,1.2,0.3,2.0,2.9,1,2,SA112,CA351,CC094,n,,0.333,0.0,biography,0.27
C_prose_ngram,paul ii,15,y,6,4,4,1,0.7,1.3,2.6,2.9,4,3,BC045,SC061,BC019,n,,0.0,0.0,biography,1.79
C_prose_ngram,peace process,15,y,13,2,0,0,1.6,0.7,0.0,0.0,1,1,CA386,CA385,CE113,n,,0.267,0.0,columns,0.41
C_prose_ngram,permission,15,y,8,4,2,1,1.0,1.3,1.3,2.9,3,2,BA080,BB024,SA011,n,,0.267,0.0,biography,1.34
C_prose_ngram,personality,15,y,5,9,1,0,0.6,3.0,0.7,0.0,6,2,BA066,CA118,BA015,n,,0.2,0.0,books,4.83
C_prose_ngram,peter,15,y,10,3,2,0,1.2,1.0,1.3,0.0,2,2,CA274,CA497,CA458,n,,0.067,0.0,speeches,0.81
C_prose_ngram,philanthropy,15,y,6,1,8,0,0.7,0.3,5.2,0.0,1,2,SB050,SD044,BB001,n,,0.133,0.0,speeches,0.45
C_prose_ngram,poe's,15,y,14,1,0,0,1.7,0.3,0.0,0.0,1,1,CA348,CA363,CA332,n,,0.0,0.0,columns,0.19
C_prose_ngram,policies,15,y,6,6,3,0,0.7,2.0,2.0,0.0,6,3,BB013,BB020,BA011,n,,0.2,0.0,books,2.69
C_prose_ngram,possession,15,y,5,9,1,0,0.6,3.0,0.7,0.0,7,2,BA092,BA057,BA083,n,,0.133,0.0,books,4.83
C_prose_ngram,post-,15,y,11,3,0,1,1.4,1.0,0.0,2.9,3,2,CA206,CA338,BA093,n,,0.0,0.0,biography,0.73
C_prose_ngram,prayed,15,y,3,3,6,3,0.4,1.0,3.9,8.6,3,4,SC081,SC151,SC014,n,,0.067,0.0,biography,2.69
C_prose_ngram,prerogatives,15,y,10,4,1,0,1.2,1.3,0.7,0.0,3,2,BA084,BA097,BB032,n,,0.2,0.133,books,1.07
C_prose_ngram,president and congress,15,y,2,12,1,0,0.2,4.0,0.7,0.0,5,1,BD053,BB028,BB032,n,,0.133,0.0,books,16.11
C_prose_ngram,president aquino,15,y,10,2,3,0,1.2,0.7,2.0,0.0,1,2,SA098,CA470,CB019,n,,0.267,0.133,speeches,0.54
C_prose_ngram,president arroyo,15,y,3,10,2,0,0.4,3.3,1.3,0.0,6,2,BA032,BA078,BD053,n,,0.0,0.0,books,8.95
C_prose_ngram,presiding justice,15,y,10,5,0,0,1.2,1.7,0.0,0.0,4,2,BA077,BA057,BB027,n,,0.267,0.0,books,1.34
C_prose_ngram,processing,15,y,8,6,1,0,1.0,2.0,0.7,0.0,4,2,BD037,BA034,CA038,n,,0.267,0.067,books,2.01
C_prose_ngram,propriety,15,y,7,7,1,0,0.9,2.3,0.7,0.0,5,2,BD054,BD025,BD071,n,,0.467,0.133,books,2.69
C_prose_ngram,pulse,15,y,8,5,2,0,1.0,1.7,1.3,0.0,5,2,BD034,BD039,CC047,n,,0.067,0.0,books,1.68
C_prose_ngram,recalling,15,y,2,12,0,1,0.2,4.0,0.0,2.9,6,1,BD049,BA080,CA128,n,,0.067,0.0,books,16.11
C_prose_ngram,reckless,15,y,10,5,0,0,1.2,1.7,0.0,0.0,5,2,CA086,CA201,CE094,n,,0.333,0.067,books,1.34
C_prose_ngram,recount,15,y,10,4,0,1,1.2,1.3,0.0,2.9,4,2,BA032,CA326,CA233,n,,0.333,0.0,biography,1.07
C_prose_ngram,reduce,15,y,8,7,0,0,1.0,2.3,0.0,0.0,6,2,BD037,BA037,BA034,n,,0.2,0.067,books,2.35
C_prose_ngram,relationship friendship fellowship,15,y,9,1,5,0,1.1,0.3,3.3,0.0,1,2,CA128,CE096,SB075,n,,0.067,0.067,speeches,0.3
C_prose_ngram,remove,15,y,9,4,1,1,1.1,1.3,0.7,2.9,2,2,CA439,CA175,BD071,n,,0.2,0.0,biography,1.19
C_prose_ngram,renato,15,y,12,2,1,0,1.5,0.7,0.7,0.0,2,1,CA185,CA179,SA041,n,,0.0,0.0,columns,0.45
C_prose_ngram,reproduced,15,y,2,13,0,0,0.2,4.3,0.0,0.0,6,1,BD034,BA100,BA059,n,,0.067,0.0,books,17.46
C_prose_ngram,respected,15,y,7,7,0,1,0.9,2.3,0.0,2.9,5,2,BD070,BA026,BA014,n,,0.133,0.0,biography,2.69
C_prose_ngram,roces,15,y,6,4,4,1,0.7,1.3,2.6,2.9,4,3,BC045,BC041,CA434,n,,0.067,0.0,biography,1.79
C_prose_ngram,roughly,15,y,3,12,0,0,0.4,4.0,0.0,0.0,8,2,BD059,BD028,BD054,n,,0.067,0.0,books,10.74
C_prose_ngram,rule-making,15,y,6,7,2,0,0.7,2.3,1.3,0.0,5,2,BB027,BA084,BD039,n,,0.067,0.0,books,3.13
C_prose_ngram,sandejas,15,y,9,0,6,0,1.1,0.0,3.9,0.0,0,2,SD021,SC091,SC046,n,,0.067,0.0,speeches,0.0
C_prose_ngram,saving,15,y,10,3,1,1,1.2,1.0,0.7,2.9,3,2,BA078,CA385,CA382,n,,0.133,0.067,biography,0.81
C_prose_ngram,sc appointment,15,y,8,2,5,0,1.0,0.7,3.3,0.0,1,2,BC019,SC088,CC110,n,,0.2,0.133,speeches,0.67
C_prose_ngram,sc ruling,15,y,15,0,0,0,1.9,0.0,0.0,0.0,0,1,CA366,CA362,CA257,n,,0.0,0.0,columns,0.0
C_prose_ngram,scheduled,15,y,6,6,3,0,0.7,2.0,2.0,0.0,4,3,BA083,BA080,BD052,n,,0.067,0.0,books,2.69
C_prose_ngram,scholarship program,15,y,4,2,9,0,0.5,0.7,5.9,0.0,2,2,SD016,SD021,SD060,y,flp_scholarship_programs,0.0,0.0,speeches,1.34
C_prose_ngram,sciences,15,y,3,7,3,2,0.4,2.3,2.0,5.7,5,3,BC045,BC041,BC040,n,,0.133,0.0,biography,6.27
C_prose_ngram,secret,15,y,5,6,3,1,0.6,2.0,2.0,2.9,5,3,CA351,SB050,BC040,n,,0.0,0.0,biography,3.22
C_prose_ngram,secular,15,y,3,7,3,2,0.4,2.3,2.0,5.7,5,3,BC045,BC029,BC039,n,,0.133,0.0,biography,6.27
C_prose_ngram,siblings,15,y,7,4,3,1,0.9,1.3,2.0,2.9,3,3,BC045,SB079,BC041,n,,0.067,0.0,biography,1.53
C_prose_ngram,sign,15,y,7,5,0,3,0.9,1.7,0.0,8.6,5,3,GC030,BC013,CA436,n,,0.2,0.067,biography,1.92
C_prose_ngram,slow,15,y,7,4,2,2,0.9,1.3,1.3,5.7,3,2,BD028,SE038,CA468,n,,0.2,0.0,biography,1.53
C_prose_ngram,spratlys,15,y,15,0,0,0,1.9,0.0,0.0,0.0,0,1,CA450,CA340,CA014,n,,0.0,0.0,columns,0.0
C_prose_ngram,spread,15,y,6,3,5,1,0.7,1.0,3.3,2.9,2,3,SA011,BB033,CA046,n,,0.067,0.0,speeches,1.34
C_prose_ngram,star,15,y,8,5,2,0,1.0,1.7,1.3,0.0,5,2,BD034,CA068,BC019,n,,0.0,0.0,books,1.68
C_prose_ngram,straight,15,y,8,4,3,0,1.0,1.3,2.0,0.0,3,3,BC039,BA030,CA402,n,,0.067,0.0,speeches,1.34
C_prose_ngram,strategic plan,15,y,12,1,2,0,1.5,0.3,1.3,0.0,1,1,BD070,SE012,CA092,n,,0.2,0.0,columns,0.22
C_prose_ngram,streets,15,y,0,10,3,2,0.0,3.3,2.0,5.7,5,2,BC045,BD021,BC031,n,,0.067,0.0,biography,inf
C_prose_ngram,stringent,15,y,8,6,0,1,1.0,2.0,0.0,2.9,5,2,BB031,BB021,BA082,n,,0.133,0.0,biography,2.01
C_prose_ngram,structures,15,y,6,6,3,0,0.7,2.0,2.0,0.0,5,3,BB012,BD056,BB038,n,,0.0,0.0,books,2.69
C_prose_ngram,subjects,15,y,8,6,0,1,1.0,2.0,0.0,2.9,6,2,BB038,BD020,CA224,n,,0.067,0.0,biography,2.01
C_prose_ngram,summa cum,15,y,7,3,3,2,0.9,1.0,2.0,5.7,3,3,BC039,CA393,SA043,n,,0.067,0.0,biography,1.15
C_prose_ngram,summa cum laude,15,y,7,3,3,2,0.9,1.0,2.0,5.7,3,3,BC039,CA393,SA043,y,early_life_sampaloc,0.067,0.0,biography,1.15
C_prose_ngram,suspicion,15,y,10,2,2,1,1.2,0.7,1.3,2.9,2,1,CA488,CA068,BE008,n,,0.067,0.0,biography,0.54
C_prose_ngram,swiss,15,y,13,2,0,0,1.6,0.7,0.0,0.0,2,1,BB019,CA229,CA187,n,,0.467,0.067,columns,0.41
C_prose_ngram,sylvia lina,15,y,8,0,7,0,1.0,0.0,4.6,0.0,0,2,SC005,SC070,CC098,n,,0.133,0.0,speeches,0.0
C_prose_ngram,takeover,15,y,6,8,0,1,0.7,2.7,0.0,2.9,5,2,BA100,BB029,CA036,n,,0.267,0.067,biography,3.58
C_prose_ngram,targets,15,y,7,6,2,0,0.9,2.0,1.3,0.0,4,2,BD067,BD070,BD051,n,,0.133,0.0,books,2.3
C_prose_ngram,technological,15,y,7,6,2,0,0.9,2.0,1.3,0.0,5,2,BD037,BD022,BA038,n,,0.4,0.0,books,2.3
C_prose_ngram,testify,15,y,12,2,1,0,1.5,0.7,0.7,0.0,1,1,CA425,CA505,CE079,n,,0.0,0.0,columns,0.45
C_prose_ngram,thanksgiving,15,y,4,4,7,0,0.5,1.3,4.6,0.0,3,3,SA136,SC023,SC059,n,,0.067,0.0,speeches,2.69
C_prose_ngram,three-fourths,15,y,10,3,2,0,1.2,1.0,1.3,0.0,1,2,CA079,BA001,CA289,n,,0.0,0.0,speeches,0.81
C_prose_ngram,three-year,15,y,4,6,1,4,0.5,2.0,0.7,11.4,5,3,GC030,GC034,BA096,n,,0.2,0.067,biography,4.03
C_prose_ngram,timing,15,y,10,5,0,0,1.2,1.7,0.0,0.0,3,2,BB027,BA086,CA436,n,,0.267,0.067,books,1.34
C_prose_ngram,traces,15,y,0,12,2,1,0.0,4.0,1.3,2.9,8,1,BD053,BA084,BB024,n,,0.133,0.067,books,inf
C_prose_ngram,transferred,15,y,12,3,0,0,1.5,1.0,0.0,0.0,2,2,CA404,CA428,CA405,n,,0.2,0.0,columns,0.67
C_prose_ngram,treasurer,15,y,9,2,3,1,1.1,0.7,2.0,2.9,2,2,BC045,CE042,BC041,n,,0.133,0.067,biography,0.6
C_prose_ngram,two-year,15,y,5,5,3,2,0.6,1.7,2.0,5.7,3,3,SA020,BD020,BC020,n,,0.067,0.0,biography,2.69
C_prose_ngram,unfair,15,y,8,5,2,0,1.0,1.7,1.3,0.0,5,2,SA095,BD058,CA400,n,,0.133,0.067,books,1.68
C_prose_ngram,unity,15,y,10,2,3,0,1.2,0.7,2.0,0.0,2,2,CE080,CE071,CA306,n,,0.067,0.0,speeches,0.54
C_prose_ngram,universities,15,y,6,4,5,0,0.7,1.3,3.3,0.0,4,3,SB079,BB012,SC010,n,,0.0,0.0,speeches,1.79
C_prose_ngram,unknown,15,y,9,6,0,0,1.1,2.0,0.0,0.0,3,2,BA032,BA073,CA211,n,,0.133,0.067,books,1.79
C_prose_ngram,verified,15,y,11,4,0,0,1.4,1.3,0.0,0.0,4,2,BA053,CA029,CA004,n,,0.067,0.0,columns,0.98
C_prose_ngram,veto,15,y,9,2,3,1,1.1,0.7,2.0,2.9,2,2,SE038,CA224,CA306,n,,0.067,0.0,biography,0.6
C_prose_ngram,views,15,y,7,5,3,0,0.9,1.7,2.0,0.0,4,3,CC054,CA181,BD046,n,,0.133,0.0,speeches,1.92
C_prose_ngram,visiting,15,y,4,9,2,0,0.5,3.0,1.3,0.0,6,2,BD053,BC039,BA030,n,,0.333,0.067,books,6.04
C_prose_ngram,vitug's,15,y,1,14,0,0,0.1,4.7,0.0,0.0,8,1,BA057,BA092,BA056,n,,0.2,0.0,books,37.6
C_prose_ngram,wages,15,y,7,7,1,0,0.9,2.3,0.7,0.0,6,2,BA032,BB021,BB022,n,,0.2,0.0,books,2.69
C_prose_ngram,warren,15,y,6,7,2,0,0.7,2.3,1.3,0.0,5,2,BD054,BD034,BA084,n,,0.2,0.0,books,3.13
C_prose_ngram,weapons,15,y,10,4,1,0,1.2,1.3,0.7,0.0,4,2,BA053,SE012,BE006,n,,0.267,0.067,books,1.07
